3.5252796795113516e-15,-6.155468815396774e-15
50.06391767740783,0.010753882257674152
99.4887231493656,-7.962923641828944
149.5522649787305,-8.156269354335459
198.92595511362856,-16.44187552452067
248.98716526022932,-16.967008219233076
298.30990336581544,-25.55139136636741
348.3641812553279,-26.534951177234092
397.63367288994476,-35.420439709889024
447.6731639140648,-36.983781983221654
496.8848821503039,-46.18449021013424
546.8978618557807,-48.44127929080025
596.0455780711554,-57.978565917667304
646.016388705098,-61.02918626632129
695.0931625257004,-70.92556750123643
745.0029695869425,-74.84952307809083
794.0027430675865,-85.12072925315675
843.8313946635438,-89.96756108427421
892.7513351259223,-100.61265794420352
942.4805349990917,-106.39157349153739
991.3242290879866,-117.38112271501103
1040.942060261331,-124.04944291093689
1089.72347409875,-135.31188500421698
1139.2299719805503,-142.7625747002007
1187.9777010091718,-154.16935407426027
1237.3906229502256,-162.21817296129942
1286.1513550127856,-173.56845142872504
1335.5105417017146,-181.94151550172057
1384.3499004160776,-192.94760021258767
1433.7177737554696,-201.27041198464048
1482.7159342750247,-211.5453958210439
1532.170943615202,-219.3348852721833
1581.4099101857146,-228.3846933660953
1631.0295249126898,-235.04674884940522
1680.5692490175113,-242.2699489044033
1730.4000458962043,-247.10635430943208
1780.2423726701163,-251.80652798689704
1830.2576596008796,-254.0366980482777
1880.3010479088252,-255.453061505052
1930.351690112369,-254.25623901792423
1980.3455484222807,-251.61698841840078
2030.1162459906504,-246.19780383039028
2079.629584153388,-238.7957057899948
2128.6177031546936,-228.46898795838635
2177.0387985179395,-215.75000952301772
2224.5716546996223,-200.03090069227602
2271.1499726331263,-181.67746270052373
2316.446892810134,-160.3551996922905
2360.3758690111995,-136.3417618890388
2402.64654310468,-109.51584795716
2443.171860128092,-80.12013784157983
2481.730337359466,-48.18777122808844
2518.2609430391412,-13.954308563857557
2552.6320486994355,22.44699079108726
2584.8342323774787,60.780241223493
2614.836747736947,100.85858723442561
2642.7021903945197,142.45110753711234
2668.505323907857,185.3535732900412
2692.395452578144,229.3499743102593
2714.5549500587617,274.2429495327637
2735.2302380833576,319.8385022311209
2754.71305544691,365.95620075481526
2773.353548252156,412.4207484797286
2791.5523000805997,459.06008483368817
2809.7615860820283,505.69530912739174
2828.478554384728,552.1291042645897
2848.2340573554575,598.1306490298858
2869.5777011664627,643.4171895252383
2893.0498513347766,687.6379926897073
2919.152213811395,730.3590387827303
2948.303613710931,771.0605882513619
2980.802715827486,809.1424597286076
3016.7853193525475,843.9515436110121
3056.2039458436916,874.8156540355324
3098.8158113450054,901.0958867085691
3144.200810415567,922.2294062606974
3191.790005544947,937.775886221878
3240.9128406431973,947.4388795565736
3290.844392317241,951.0812850561077
3340.8527548699967,948.7166311406687
3390.237376014907,940.4954843693577
3438.357702389306,926.6801896990041
3484.6514276462963,907.6192643154304
3528.643379878693,883.7208196657263
3569.9477214617236,855.4298579647161
3608.2633357092395,823.2065795402541
3643.3698053744993,787.5139589743168
3675.113355670579,748.8000138575419
3703.4074298410883,707.4978052230267
3728.204849767151,664.0060701359835
3749.5280085926734,618.711457820169
3767.3607787975734,571.922928344201
3781.9402733034794,524.0632833347764
3827.2725926088137,499.39025686138746
3892.0990566844325,500.54433646057555
3950.894942642,522.818676950449
3978.1356235585645,561.5064235733902
3965.687340905811,610.1654161821217
3954.9963819438362,659.0324064940302
3945.6835566354634,708.2335160388941
3938.141460870223,757.7236777739987
3932.5592758585176,807.4763149230804
3929.183984823139,857.4264339110434
3928.2425079447266,907.4817915708169
3929.95525410675,957.5166564023451
3934.5239188135665,1007.3719402064453
3942.125893931076,1056.855593151006
3952.907039331375,1105.74515163205
3966.975669181528,1153.7919599481838
3984.3975886092544,1200.7270106857707
4005.192737547367,1246.2680273182875
4029.3336557972343,1290.1273323719283
4056.745869249295,1332.01997236996
4087.3101210777754,1371.6715724810756
4120.866222201856,1408.8254563968812
4157.218188787247,1443.2486701658427
4196.140272044867,1474.736677993423
4237.383472640758,1503.1166297136856
4280.682160433614,1528.2492164455984
4325.760475381275,1550.0292256703465
4372.338259041097,1568.3849693874934
4420.136342081553,1583.2767951681421
4468.881085815391,1594.6949001208625
4518.308138095976,1602.6566587060386
4568.16541281401,1607.2036557625042
4618.215338784328,1608.3985862109903
4668.236447330962,1606.3221539601752
4718.024381817607,1601.070071104912
4767.392417861942,1592.750231077841
4816.171582743912,1581.4801057798963
4864.210457903549,1567.384395135768
4911.374741653956,1550.5929430612048
4957.546640605712,1531.2389198069764
5002.624149854022,1509.4572628775504
5046.520273484019,1485.3833619955626
5089.162229314921,1459.1519698092727
5130.49067527837,1430.8963181320132
5170.458989129759,1400.7474184169694
5209.032628572897,1368.8335252198533
5246.188595398892,1335.2797423542952
5281.915024180934,1300.2077523652476
5316.21091433558,1263.7356521106065
5349.086022857631,1225.9778793433195
5380.560934117348,1187.0452180554903
5410.6673224448205,1147.0448739633675
5439.448421705758,1106.0806155722514
5466.959714057783,1064.2529819952463
5493.269845580832,1021.6595656391673
5518.461769637987,978.3953875828669
5542.634107619736,934.5533960350391
5565.90270020309,890.2251346873236
5588.402298617048,845.5016482728461
5610.288312332357,800.474716531229
5631.738485146443,755.238533255031
5652.95431403422,709.8919699201998
5674.161952029231,664.5415752472965
5695.612253371177,619.3054528191007
5717.579525137792,574.318108517293
5740.358474387644,529.7362557160067
5764.25878352989,485.745378570087
5789.596796491317,442.56659862520235
5816.683921369021,400.46304219372337
5845.811741130202,359.74459715160583
5877.234251956443,320.7696394336909
5911.148474406873,283.94238094350965
5947.675147170915,249.7046290449941
5986.8420990660015,218.5217561748084
6028.572495268712,190.8631943244222
6072.680463300749,167.17966161659396
6118.874668570759,147.87892161407873
6166.77036444995,133.30407167450355
6215.907741942644,123.71539517318357
6265.775055150746,119.27959066520202
6315.833117434839,120.06454922815344
6365.539195592198,126.04217099583452
6414.368047075257,137.0952085308838
6461.828971597618,153.02904234131955
6507.478368191327,173.58528209351246
6550.928209207702,198.45569559787484
6591.849959037225,227.2972693360419
6629.976746478047,259.74374330473387
6665.101262700666,295.4185759233911
6697.074574960106,333.94301258856467
6725.801694811055,374.94517319732694
6751.238960640739,418.06558286160777
6773.3904740615735,462.9625131515728
6792.305836982712,509.3158583557964
6808.078652932685,556.8305040791736
6820.847303841314,605.2390213585159
6830.795499188084,654.3048563741611
6838.1579362627235,703.8247216260427
6843.2247388134165,753.6318483828904
6846.3509728234485,803.5983262235117
6847.968328401949,853.6363752073685
6848.596787616589,903.6966112483129
6848.862063489229,953.7600894734389
6849.5068231541245,1003.8201182249751
6851.39967651912,1053.8485001883485
6855.526989579521,1103.7422511048435
6862.953874000234,1153.252460918801
6874.74408922608,1201.9084796239342
6891.820094403914,1248.970414135866
6914.791257949452,1293.4534581288417
6943.797481026088,1334.258576751515
6978.426377484873,1370.4146724573372
7017.780012505413,1401.3616928980762
7060.6588203559395,1427.2042046798176
7105.762140314692,1448.9324301959841
7151.840999602282,1468.5069757243505
7197.594050170181,1488.8314991594723
7241.081944722002,1513.6343857478255
7279.007215208264,1546.313614011264
7307.167341103769,1587.7050377733774
7322.551769709728,1635.3462156546968
7324.920781524997,1685.3545566260057
7316.356171344658,1734.6810612646368
7299.928352563849,1781.973408276315
7278.765868904567,1827.344928505898
7255.710311647036,1871.7843549383404
7233.273129695692,1916.5391407471798
7213.617978796396,1962.5835384929524
7198.446842998843,2010.2935350858918
7188.850601524921,2059.4292727635816
7185.260116030657,2109.3644484528436
7187.550153549543,2159.3761830178364
7195.232379725728,2208.8474276215784
7207.645743955476,2257.3482553688405
7224.093912977899,2304.633348607003
7243.923852502322,2350.6028585585323
7266.560440018423,2395.257166153064
7291.514680853075,2438.6588720655236
7318.378713187361,2480.905125541943
7346.815649493549,2522.1090427979157
7376.5484958142115,2562.3878211685806
7407.3500578531175,2601.8553510617085
7439.034476919478,2640.6177005107515
7471.450423566792,2678.7704010287525
7504.475719211468,2716.396881177804
7538.01307881252,2753.5676718292993
7571.986673406803,2790.3401757090974
7606.339250562928,2826.7588881707647
7641.029600727014,2862.856004155932
7676.03020839299,2898.6523676770316
7711.324975434573,2934.158727646925
7746.906948397546,2969.3772650758424
7782.776021184719,3004.303355539091
7818.936618392209,3038.9275289713482
7855.395391450148,3073.2375864146393
7892.158978590699,3107.2208298396167
7929.231889712576,3140.866356035363
7966.614578168372,3174.167358656699
8004.30175384758,3207.1233742221943
8042.280977000538,3239.7423990931525
8080.531552249617,3272.042796483245
8119.023720099843,3304.054906652712
8157.718122391808,3335.8222707285977
8196.565502027644,3367.402379824174
8235.506589102983,3398.8668667547445
8274.47212769033,3430.3010679789522
8313.383011189748,3461.802898875671
8352.150519156887,3493.48100688
8390.67668284819,3525.452195511785
8428.854846474373,3557.838149220139
8466.570530487526,3590.7615350189735
8503.702734721906,3624.341611454427
8540.125834693334,3658.689535419372
8575.71221636124,3693.9036163827013
8610.335758333136,3730.064816137156
8643.876205660275,3767.23281841231
8676.224391893615,3805.442984990782
8707.288167789058,3844.704464882522
8736.99880180568,3884.999628466672
8765.317545371017,3926.2848650839837
8792.242016421562,3968.4926236954893
8817.812051213325,4011.534410224035
8842.114699779404,4055.304301551128
8865.28807816172,4099.682412189935
8887.52381811792,4144.537669410569
8909.067849224555,4189.72922858617
8930.219192098752,4235.105908186719
8951.326331994218,4280.5031662674455
8972.780600400436,4325.737409462415
8995.005873970644,4370.597854478816
9018.443901221264,4414.8367628810165
9043.534815701494,4458.159596024242
9070.693009480645,4500.217342257817
9100.27955663112,4540.603693567934
9132.573645775537,4578.85957777861
9167.746629648496,4614.486561868015
9205.842813500316,4646.968891704292
9246.770567472497,4675.801865794701
9290.305720164619,4700.52255769125
9336.106913031988,4720.738236408289
9383.740411094337,4736.1484148800655
9432.710452402474,4746.558001299574
9482.49088401996,4751.880931282568
9532.55444922364,4752.135313082949
9582.397259388561,4747.4321586106325
9631.557264588335,4737.960135510564
9679.626613664848,4723.968608516764
9726.258525669531,4705.750769507418
9771.169678322958,4683.6280906549255
9814.139230019327,4657.936811258374
9855.005525862,4629.016753580527
9893.661379962026,4597.202472225716
9930.048636723372,4562.81656213932
9964.152530201998,4526.164857333141
9995.996201442264,4487.533219991781
10025.635605267213,4447.185625691097
10053.154939581833,4405.363278530003
10078.662657693532,4362.28452866236
10102.288072161587,4318.145406747578
10124.178522020515,4273.12063089343
10144.497049327669,4227.364979346818
10163.420512038087,4181.0149551713175
10181.138045815182,4134.190696773044
10197.84977408871,4086.9981092246717
10213.765658112503,4039.5312067549135
10229.104355726726,3991.8746588560493
10244.0919980539,3944.106544016459
10258.960608495165,3896.301244709512
10273.94530530234,3848.532205711966
10289.286053944834,3800.8763187674463
10305.218630552454,3753.415015168483
10321.972226255577,3706.2372772212434
10339.776542151503,3659.445948848395
10358.836962297242,3613.1520757232825
10379.339183577073,3567.478444122746
10401.45922539013,3522.5660270194626
10425.332650271466,3478.560540441657
10451.055374913622,3435.6098557703162
10478.71115194669,3393.8775964845177
10508.322223718753,3353.509222899291
10539.888859579301,3314.6509043674737
10573.373800008472,3277.4328775566223
10608.694677756126,3241.952498047629
10645.75514706217,3208.2932846713265
10684.43555017602,3176.5088537965025
10724.586377223923,3146.6034737793298
10766.061803792167,3118.564006282864
10808.702414629057,3092.3304307876865
10852.349667019149,3067.8082166496974
10896.851862603762,3044.8740222588976
10942.058359632245,3023.3613639801297
10987.8310972479,3003.081354130574
11034.040744210295,2983.817639802105
11080.566217117304,2965.329734512586
11127.29359711026,2947.3582525083107
11174.114385608515,2929.631548082978
11220.920335051433,2911.8657018513163
11267.602372048315,2893.7767612319553
11314.04566856598,2875.083391123253
11360.12526054011,2855.5106100971725
11405.708440394945,2834.8080683945445
11450.646171773693,2812.7394791096103
11494.781696917902,2789.10736013609
11537.947861655046,2763.747861218283
11579.9720321895,2736.537739127562
11620.680241723545,2707.3956144397725
11659.90489233735,2676.2853463970473
11697.489580390022,2643.212508662298
11733.293579676869,2608.2197087216887
11767.201641154548,2571.3867777807177
11799.120979989006,2532.8176441668757
11828.990324871782,2492.6399858203913
11856.776851234396,2450.994687219446
11882.475708684946,2408.0296906485146
11906.1123751022,2363.8965954408513
11927.737703676192,2318.743884598563
11947.424264730951,2272.7127925261575
11965.263688723804,2225.9348372419267
11981.363864923127,2178.530127840264
11995.845171268335,2130.6060847169606
12008.836844760002,2082.2569526149164
12020.473903801294,2033.564026920542
12030.893956387072,1984.596234846129
12040.234511722638,1935.4111131543352
12048.630790305704,1886.0560255192865
12056.213370726917,1836.5693945079547
12063.10649305849,1786.9820267059492
12069.426737661943,1737.3183912107893
12075.28170317112,1687.5977560171314
12080.76909877707,1637.8352131134232
12085.976101631613,1588.0425499151152
12090.978919715048,1538.2289574024744
12095.842674932657,1488.4015947110313
12100.621435585326,1438.5660086877056
12105.35851639258,1388.7264435506677
12110.086943857956,1338.8860566999454
12114.8300722337,1289.047066731068
12119.602404771496,1239.2108647250566
12124.41046671158,1189.378097102281
12129.253836289914,1139.5487487217415
12134.126230952974,1089.7222300854937
12139.01664304376,1039.8974766102226
12143.910520907191,990.0730634302133
12148.790969372578,940.2473330108471
12153.639945488132,890.4185299007479
12158.439483811013,840.5849406245263
12163.17282529174,790.7450202178778
12167.825596338926,740.8975136698249
12172.386914737472,691.0415555375067
12176.85039394808,641.1767428898776
12181.215259230978,591.3032014239104
12185.487229015156,541.421617027521
12189.679407354804,491.5332633753458
12193.813233853782,441.64004069685393
12197.919131954928,391.7445118985329
12202.03729021358,341.8499934793725
12206.218274900759,291.96070037766543
12210.523421701155,242.0819683073274
12215.025379812358,192.2206147617387
12219.808260737262,142.38542379900423
12224.967746511,92.58781429687433
12230.611098430894,42.84271619764754
12236.856515308713,-6.830384900989569
12243.832641392857,-56.406143623133225
12251.67770295796,-105.85184304544326
12260.53777112556,-155.12578504138833
12270.56524921124,-204.17547222603451
12281.91673499894,-252.93576225934623
12294.74984593631,-301.32722165776175
12309.220201048576,-349.2545713579619
12325.477761008935,-396.6055349265307
12343.662508666866,-443.25033006478367
12363.90044983737,-489.04167919007745
12386.299256809916,-533.8157270920011
12410.944067903785,-577.3938773759068
12437.894256279282,-619.5852181256637
12467.180457225018,-660.189902095068
12498.80228982076,-699.0033231274203
12532.727413919843,-735.8205466137431
12568.891470732313,-770.4411049648074
12607.199099115289,-802.6738170564794
12647.526174522302,-832.3411252607909
12689.722777729408,-859.2830805228587
12733.61691629949,-883.360599750598
12779.01889625198,-904.4575804361975
12825.7257398717,-922.4823743686666
12873.525533254942,-937.3686844522966
12922.201752295341,-949.0754427860776
12971.537269860164,-957.5859783792811
13021.317900855905,-962.9068144021813
13071.335506667512,-965.0658921729155
13121.390570799562,-964.1103565360978
13171.294217351875,-960.1042937809134
13220.869734918919,-953.1264350243455
13269.953633633977,-943.2677680832222
13318.396276168514,-930.6292245360514
13366.062163084696,-915.3195675999139
13412.829933401028,-897.4534543262927
13458.59211177526,-877.149628383534
13503.254631308504,-854.5292472889814
13546.736175270733,-829.7143807295543
13588.967395734857,-802.8267206699013
13629.890067220447,-773.9865198431171
13669.456219201593,-743.3117447856207
13707.627274097935,-710.9174125660917
13744.373204511347,-676.9150776987608
13779.671716693616,-641.4124411128373
13813.507465102115,-604.513060539655
13845.871302721895,-566.3161475312891
13876.759571735707,-526.9164396718879
13906.173438467682,-486.4041380777852
13934.118275340456,-444.8649009114366
13960.603091177778,-402.379884036172
13985.64000985355,-359.0258204488588
14009.24379620075,-314.8751308210569
14031.431427310872,-269.9960583137915
14052.221706860864,-224.4528217246147
14071.634919845965,-178.3057819038295
14089.692525007731,-131.61161718640162
14106.416882260477,-84.42350429943252
14121.831012483623,-36.791301814428934
14135.958387121651,11.23826627541997
14148.822745097157,59.62142884300769
14160.447934589765,108.31718940428924
14170.857777271876,157.2871526880803
14180.075952638701,206.4953570136608
14188.125900143923,255.9081132270064
14195.030736969711,305.4938507052269
14200.813189427958,355.22297072390495
14205.495536202203,405.0677073001326
14209.099561877587,455.00199547951803
14211.646519444768,505.00134693084954
14213.157100673923,555.0427326437597
14213.651413420868,605.1044724846874
14213.148965040287,655.1661313450048
14211.668651151429,705.2084216022721
14209.228749043989,755.2131116047171
14205.846915049831,805.1629398772087
14201.540185250871,855.0415347359648
14196.32497895712,904.8333389906558
14190.217104466365,954.5235394104229
14183.231766704585,1004.0980006357452
14175.38357643332,1053.543203231322
14166.68656078984,1102.8461855947057
14157.15417499297,1151.9944894593625
14146.7993150986,1200.9761087567804
14135.634331727379,1249.7794416284141
14123.671044715727,1298.3932454038716
14110.920758666574,1346.8065943878378
14097.39427940472,1395.0088403256577
14083.101931377181,1442.9895754490346
14068.053576081356,1490.7385980402323
14052.258631648896,1538.2458804952769
14035.726093752066,1585.5015399118859
14018.464558024622,1632.4958112736194
14000.482244193501,1679.2190233422496
13981.787022101273,1725.6615774048441
13962.386439769516,1771.8139290490524
13942.287753618186,1817.6665731628218
13921.497960931378,1863.2100323789543
13900.02383465242,1908.434849216119
13877.871960605962,1953.331582211564
13855.048777276663,1997.8908063987128
13831.560618316607,2042.103118553715
13807.413757992445,2085.95914771579
13782.614459812681,2129.449571570995
13757.169028589302,2172.5651393752723
13731.083866186418,2215.2967021777695
13704.365531197811,2257.635251189891
13677.020802780238,2299.5719652321945
13649.056748857556,2341.098268282019
13620.480798907394,2382.2058982441886
13591.30082155132,2422.8869881762207
13561.525207192335,2463.1341613194877
13531.162955979333,2502.940641416432
13500.223771425792,2542.300379926618
13468.718160066363,2581.208201882549
13436.657537597775,2619.6599722390374
13404.054342023279,2657.6527846539016
13370.922154406275,2695.185174678188
13337.27582795017,2732.257359315139
13303.131626272325,2768.8715048090435
13268.507371947968,2805.032024328397
13233.422606683731,2840.745906881749
13197.898764859367,2876.023078314938
13161.959362669166,2910.8767945376285
13125.630205715495,2945.324066155119
13088.939618669856,2979.3861123681454
13051.918701524693,3013.08884026215
13014.60161800505,3046.4633433432577
12977.025922865687,3079.5464102886685
12939.2329360083,3112.381031261265
12901.268172511522,3145.0168847027608
12863.181838604325,3177.5107822035357
12825.02940407883,3209.9270428425825
12786.872261267934,3242.337761373907
12748.778479023857,3274.8229270136862
12710.823656515502,3307.47034175015
12673.091875408883,3340.3752797032894
12635.67673937022,3373.639823078212
12598.682476192087,3407.3718070353216
12562.225059849072,3441.683307093011
12526.433287662521,3476.688610566739
12491.449722604171,3512.5016302503927
12457.431384903688,3549.232746055318
12424.550054230558,3586.9850998363645
12392.992028796752,3625.8504198394735
12362.957186585529,3665.904511519963
12334.657212191518,3707.2026155047492
12308.31289445066,3749.774892938829
12284.150465838846,3793.622342992303
12262.397040545142,3838.713476115298
12243.275305024645,3884.9820509430087
12226.997709257144,3932.326128452224
12213.760483473721,3980.6086065683653
12203.73784975168,4029.659281575988
12197.076801446636,4079.2783548092443
12193.892783994486,4129.241182283342
12194.266534031714,4179.30396805322
12198.24223222727,4229.210041279174
12205.827014216096,4278.696337465009
12216.99177897224,4327.499724145818
12231.673147183004,4375.362862687411
12249.776361198188,4422.039369711587
12271.178885281677,4467.298122144761
12295.734458168192,4510.9266285848225
12323.277364367254,4552.733458892134
12353.626719920387,4592.549779081287
12386.590606018259,4630.230078055758
12421.96992448513,4665.652197055392
12459.561888415485,4698.716783891681
12499.163096392665,4729.346294859082
12540.57216819258,4757.483660513103
12583.591943147265,4783.090719951582
12628.031259595611,4806.146514042638
12673.706345703451,4826.645512928456
12720.441859239585,4844.595838319288
12768.071617555881,4860.017527374859
12816.439059910193,4872.940872804961
12865.397483160981,4883.404863405289
12914.81008940168,4891.455740597934
12964.549880808201,4897.14567957094
13014.499433244571,4900.531598144958
13064.550576302547,4901.674092340617
13114.604003647702,4900.636494575821
13164.56883394415,4897.484048291547
13214.36213931655,4892.283191411123
13263.908455324956,4885.100940223978
13313.139283789982,4876.004364916558
13361.992597510125,4865.060147939724
13410.412353940106,4852.33421661061
13458.348023226306,4837.891441725963
13505.75413459175,4821.79539445386
13552.58984390001,4804.108154327798
13598.818524273132,4784.890161757328
13644.407380866896,4764.200109066922
13689.327090288463,4742.094864661809
13733.551464655833,4718.629425483665
13777.057139921882,4693.856893451687
13819.823287801106,4667.828472079988
13861.831350428245,4640.593479919669
13903.064796730112,4612.19937789056
13943.508899394528,4582.691807945011
13983.15053126317,4552.114640846367
14021.977979949084,4520.510031148116
14059.980779480302,4487.9184777310875
14097.149557789422,4454.378888495322
14133.475898904226,4419.928648015991
14168.95221874038,4384.60368715907
14203.571653451883,4348.4385538162815
14237.327959356477,4311.466484062196
14270.215423518403,4273.719473160861
14302.228784139883,4235.228345956726
14333.363159981707,4196.022826276733
14363.613988102104,4156.131605047627
14392.976969270723,4115.582406897035
14421.448020476566,4074.402055057719
14449.023234007234,4032.616534435309
14475.698842629425,3990.2510527300615
14501.471190446138,3947.3300995254863
14526.336709049567,3903.8775032737744
14550.291898628317,3859.916486121155
14573.333313732215,3815.4697165283774
14595.457553448869,3770.559359654684
14616.661255812009,3725.2071254874836
14636.941096345763,3679.434314714634
14656.293790754611,3633.261862348952
14674.716101898059,3586.7103791216878
14692.204851337383,3539.800190657851
14708.756935904692,3492.55137442675
14724.369349913137,3444.9837944205415
14739.039213791626,3397.117133448457
14752.763810079081,3348.970922844269
14765.540627844071,3300.5645692683297
14777.367416704057,3251.917378148411
14788.242251703052,3203.0485731479307
14798.16361037565,3153.977310882578
14807.130463385256,3104.722689930978
14815.142380188692,3055.3037530055485
14822.19965125662,3005.739480969369
14828.303428479976,2956.0487772040874
14833.455885520612,2906.2504406535822
14837.660400020904,2856.3631256902777
14840.921759766066,2806.4052867783716
14843.246395087435,2756.395105749777
14844.642639991333,2706.3503993774116
14845.121024684082,2656.288504848945
14844.694602325906,2606.2261407436113
14843.379312970366,2556.179241237686
14841.194387722931,2506.1627615668854
14838.162796167133,2456.190453326705
14834.311740051331,2406.2746090803103
14829.67319608155,2356.42577707301
14824.284510403884,2306.6524487441516
14818.18904694149,2256.960724319392
14811.436891111609,2207.3539652116433
14804.085609490596,2157.832446411315
14796.201064572204,2108.3930276487317
14787.858281666799,2059.0288689668264
14779.142361924321,2009.7292244701991
14770.149431039981,1960.4793572954115
14760.987606921817,1911.2606289277437
14751.777960870906,1862.0508261895286
14742.65543501154,1812.8247984062446
14733.769663234776,1763.5554836976364
14725.285623474105,1714.215404650521
14717.38402597888,1664.778706738974
14710.261316641581,1615.2237942013703
14704.129149111313,1565.5365840497377
14699.213159046854,1515.7143466453283
14695.75086517038,1465.7700300112324
14693.988533183689,1415.736877499628
14694.176878840606,1365.6730523309634
14696.565562233345,1315.6658914263935
14701.39653810574,1265.8353435363035
14708.896469785685,1216.3361238933835
14719.268569930635,1167.3581577021826
14732.684373353519,1119.1249968793202
14749.276045023433,1071.8900732039524
14769.129852707307,1025.930874385095
14792.281373516289,981.5413618420168
14818.712859830266,939.0231490522535
14848.352984463414,898.6760911807011
14881.078952766266,860.7889791012776
14916.720749981907,825.6309821289615
14955.06711904792,793.4443603246771
14995.872757597965,764.4387976441085
15038.866188156579,738.7875235598856
15083.757784036165,716.6252211507143
15130.247508302982,698.0475833205172
15178.032024428352,683.1122849486759
15226.810946435358,671.8410876946132
15276.292099274271,664.2227800728731
15326.195747770655,660.2166693217223
15376.257820546984,659.7563738925958
15426.232203294625,662.7537074647189
15475.89220557133,669.102490442529
15525.031320093645,678.6821681634805
15573.463396853895,691.3611536216093
15621.02234971309,706.9998449681963
15667.561503318644,725.4532940186797
15712.952675581304,746.5735217937262
15757.085077239384,770.2114914584253
15799.864096434168,796.2187587716624
15841.21002348613,824.4488262180217
15881.056759637591,854.7582302077441
15919.350543618897,887.0073918320738
15956.048721540215,921.061261268066
15991.118578748781,956.7897845348975
16024.536246794445,994.0682192999303
16056.28569436188,1032.7773241093503
16086.357807791874,1072.803442987809
16114.749564474478,1114.0385049638937
16141.463300811847,1156.3799558340725
16166.506075500465,1199.7306374412904
16189.889128472696,1243.998627955733
16211.6274358853,1289.0970551257392
16231.739361981521,1334.9438932288515
16250.246409428539,1381.4617534981567
16267.17307079014,1428.5776771230537
16282.546785086603,1476.2229395094344
16296.398004864219,1524.3328743005184
16308.760380786696,1572.846725650044
16319.671072398234,1621.7075373149744
16329.171195310511,1670.8620871555358
16337.306416528376,1720.2608753923666
16344.127710821513,1769.8581741791354
16349.69229180184,1819.6121442932044
16354.064731457274,1869.4850214725027
16357.318281023232,1919.4433694055542
16359.536403837954,1969.4583876991464
16360.814526661248,2019.506250216286
16361.262009037078,2069.568430798016
16361.004319506035,2119.631948408861
16360.185391188774,2169.6894313850657
16358.970105187707,2219.738860795721
16357.546815351256,2269.7828077025324
16356.129778488028,2319.826932873243
16354.961286218504,2369.8774790099937
16354.313205610682,2419.9374691377284
16354.487526719138,2470.0013511716224
16355.815395391563,2520.0479238949424
16358.6540020302,2570.031570430363
16363.380642463031,2619.8721293933963
16370.383324905863,2669.44414391474
16380.047533756428,2718.5666937533197
16392.739224499626,2766.9954293020633
16408.78480464801,2814.418634891737
16428.44965056622,2860.458993753446
16451.91741839677,2904.682116740387
16479.27278010839,2946.611880380151
16510.490055562896,2985.7514129020005
16545.429477020443,3021.607496347987
16583.841672245642,3053.7155307682997
16625.3796922568,3081.6621991185643
16669.616868457433,3105.103537334453
16716.068186693232,3123.777041009581
16764.2127714916,3137.507449781263
16813.515392236473,3146.2067064031366
16863.445464233013,3149.869157120417
16913.4926464705,3148.5633202292283
16963.178703733134,3142.4215539924085
17012.06573336849,3131.628790119311
17059.761138744816,3116.411250553554
17105.919878415916,3097.025799565134
17150.244564105647,3073.7503417756097
17192.483956132008,3046.8754800053744
17232.43034132772,3016.697499810458
17269.91619791652,2983.512646433245
17304.810468805317,2947.6125966573895
17337.014687931776,2909.2809937436173
17366.459137867223,2868.7908999359533
17393.099162151793,2826.403021105949
17416.911712476685,2782.3645666756474
17437.89217760346,2736.9086212093443
17456.0515162552,2690.253919361352
17471.413698532706,2642.604931496883
17484.013448232898,2594.152182212675
17493.89427051112,2545.0727375846427
17501.10674458353,2495.530808981328
17505.707058757514,2445.6784316237827
17507.75576433858,2395.656184789691
17507.316725361492,2345.5939277660373
17504.45624223174,2295.611531505238
17499.24232894169,2245.819590602709
17491.74412532161,2196.320103856938
17482.031427652873,2147.2071144543393
17470.17432280951,2098.5673028781234
17456.24291284812,2050.4805270892152
17440.307118605506,2003.020305460177
17422.436552376857,1956.2542384289886
17402.700451130437,1910.2443649276063
17381.167662968168,1865.04744936586
17357.906680661537,1820.7151943392062
17332.98571707834,1777.2943732995334
17306.47281816326,1734.82687620509
17278.436009845933,1693.3496596773514
17248.943475835444,1652.8945914816636
17218.063763744703,1613.4881772804827
17185.86601742618,1575.1511556783878
17152.420233883724,1537.897945731631
17117.797543801105,1501.7359295399729
17082.070515825733,1466.6645515769433
17045.313486600415,1432.6742164662517
17007.60292161563,1399.7449685600595
16969.01781689137,1367.8449407078174
16929.64015908033,1336.928567075743
16889.55547273314,1306.93456716471
16848.853499101682,1277.783727049566
16807.62907164817,1249.376531532087
16765.983279317585,1221.5907399948685
16724.025038058782,1194.279052172845
16681.873219839592,1167.2670805691944
16639.659508163055,1140.3519354488844
16597.532145849087,1113.3018348839844
16555.66069400451,1085.8572687459082
16514.241804589165,1057.734353761818
16473.505796514833,1028.6310827606483
16433.723502078374,998.2371413714432
16395.212432793352,966.2477693015425
16358.340870958957,932.3817105010172
16323.528163037518,896.4025928409648
16291.239463876731,858.142156961419
16261.973639339287,817.522800072115
16236.244048493254,774.5762217446498
16214.553351881974,729.4548941713457
16197.364955960515,682.4338353175681
16185.074719736007,633.9016633344521
16177.986737347288,584.3417701217573
16176.296285849996,534.3061244270142
16180.08164376437,484.38523258777263
16189.304898620852,435.17794939648894
16203.820515763202,387.26425000620685
16223.389606662902,341.18305228778655
16247.697563812653,297.41606137989703
16276.372907493818,256.37765328007777
16309.005634161145,218.41015019730145
16345.163892999892,183.78348091562208
16384.408323039235,152.69810939332308
16426.303792435167,125.29017396135626
16470.428574354337,101.63793185121136
16516.38117877559,81.76879140560322
16563.7851580311,65.6663996866872
16612.292240457835,53.277415982994896
16661.58414293759,44.517733785619924
16711.373386454794,39.27801448234825
16761.403401255386,37.42846854549303
16811.44816767919,38.82286916591444
16861.31159991552,43.30181410051852
16910.82684504895,50.6952684209304
16959.8556393415,60.824427531949965
17008.28783696881,73.50293904775519
17056.041201563734,88.53751582090187
17103.061525078087,105.72796184198857
17149.323107735774,124.86661853665173
17194.82959209097,145.73722156236497
17239.61508702711,168.1131381347229
17283.745436443387,191.7549338739108
17327.319374561477,216.40720047979647
17370.46915901934,241.79457058281042
17413.360083447704,267.61687146748477
17456.188054654267,293.54345395985064
17499.174210476056,319.2069174183465
17542.55542393062,344.1967820551571
17586.569606285062,368.054163934167
17631.43514791862,390.2691533771922
17677.32478327503,410.28323176194715
17724.335693383833,427.4993708263075
17772.459568055143,441.3020103711006
17821.558066760834,451.08755108505517
17871.349774297356,456.30337928918163
17921.413575675833,456.4904604913141
17971.210275382105,451.32241389260025
18020.120145182715,440.63382734590493
18067.490447957156,424.4326828794797
18112.685217873124,402.8953484828185
18155.13012504718,376.3462449841128
18194.347537205565,345.22679345354
18229.979807544143,310.0590922361641
18261.801371624995,271.40920468397445
18289.721900075583,229.85358636449814
18313.783473734915,185.95067747890786
18334.15474746647,140.21846437568024
18351.124640566373,93.118079057952
18365.09746195518,45.043309099646734
18376.590649207043,-3.683787072145167
18386.235432517842,-52.81017343231498
18394.779541615637,-102.13990787597088
18403.089236486987,-151.50968031730136
18412.145129662917,-200.74804695411467
18423.022539013153,-249.61630816571682
18436.843798785023,-297.7348530299221
18454.690756455457,-344.50986522848655
18477.476058075255,-389.08832476275956
18505.793632929257,-430.3741554440624
18539.792217970506,-467.12333058498893
18579.12102077641,-498.10165568913766
18622.972484103124,-522.2567548644153
18670.2070088954,-538.8497486798543
18719.515693247136,-547.5150563098057
18769.574643506432,-548.2492079280321
18819.161493522643,-541.3511592651455
18867.22567598323,-527.341420699819
18912.91827006251,-506.8811202893799
18955.593012058678,-480.702854744149
18994.7900189489,-449.55758471212073
19030.211203903695,-414.1772098812754
19061.69338246482,-375.25033033448693
19089.182617906663,-333.40812762014906
19112.711652697417,-289.21750396842566
19132.381225372596,-243.17911211293375
19148.345501851567,-195.7284367122958
19160.801595668632,-147.23854379950342
19169.983092667488,-98.02346978711878
19176.157551011842,-48.341491181399654
19179.62806235954,1.6022586712627995
19180.739093860102,51.654111965989145
19179.886941677396,101.71104202687663
19177.535150958556,151.719958750862
19174.23506943259,201.67526610534702
19170.651043279573,251.61101476287143
19167.588111775658,301.5814445955778
19166.016514646133,351.6209915697099
19167.080854768887,401.6738880492605
19172.07239700766,451.488598385293
19182.335182376843,500.4894895525987
19199.083582364437,547.6688578542038
19223.146878435662,591.5704974985537
19254.718092490653,630.4248338539824
19293.21987658589,662.4252721366413
19337.36008281165,686.0488962052473
19385.353906933316,700.2981631868648
19435.216171214935,704.7940441349824
19485.02402458482,699.7304671623965
19533.09589871198,685.7463235031524
19578.080957841026,663.7735595061732
19618.980031694235,634.8993694511854
19655.125026270267,600.2585376289304
19686.139080890127,560.9575049041089
19711.89234285443,518.024911707357
19732.46196747773,472.3814626545563
19748.10077294344,424.8224667286608
19759.21661745844,376.00786428901716
19766.363440644902,326.4563944414969
19770.244450828573,276.5428514303858
19771.72756416146,226.50062604060903
19771.87195690291,176.43662452977242
19771.960575487366,126.37247619126066
19773.523542139003,76.33265348572007
19778.317811066245,26.498578298523046
19788.202922557564,-22.57980386065228
19804.85620981849,-69.79262085974011
19829.36109961524,-113.44905096761
19861.85190650742,-151.5375423078979
19901.437786182065,-182.18665353873038
19946.45925189743,-204.08413643520558
19994.91759808964,-216.66324882474814
20044.86756821073,-220.0470766018069
20094.662571795638,-214.85997474917178
20143.051582941735,-202.0167742997111
20189.17624709431,-182.5500183642363
20232.51789756987,-157.49136820125375
20272.828037661264,-127.8009081826634
20310.06009892453,-94.33149641082733
20344.309938639715,-57.81609821657051
20375.767013944558,-18.868995442462964
20404.675706802835,22.00533573787536
20431.305441637574,64.39967635329776
20455.928152297198,107.9903252298389
20478.801842259927,152.52364604445455
20500.159213134397,197.80371849096105
20520.20051934051,243.6814717628416
20539.089921350587,290.04538734462994
20556.95467112696,336.81367663016863
20573.88649876205,383.92774435202546
20589.944604063556,431.34672174963845
20605.15970652013,479.0428727387443
20619.53867600538,526.9977202093586
20633.069350278165,575.198788758033
20645.72523507608,623.6369011338987
20657.46986944471,672.303991744264
20668.260716317833,721.1914110137109
20678.052502807997,770.2886925135628
20686.799985424906,819.5827456633474
20694.46015347191,869.0574255402662
20700.99391092237,918.6934218849909
20706.3672950322,968.4684041520615
20710.55230051265,1018.3573592756554
20713.527382737127,1068.3330633568223
20715.27771345872,1118.366636626634
20715.795259009727,1168.4281413794574
20715.078744985436,1218.487193702077
20713.133563929165,1268.5135705767
20709.971674366043,1318.477803465317
20705.611531355735,1368.3517572724668
20700.07808106916,1418.1091993842394
20693.40284507689,1467.7263672268818
20685.624114257145,1517.1825444998344
20676.78726753484,1566.460655946485
20666.945226988388,1615.5478882040943
20656.159058057005,1664.4363397943082
20644.498721414537,1713.123696430321
20632.04398122602,1761.613918156738
20618.885472528462,1809.9179119510616
20605.125927761008,1858.0541468363485
20590.881558129207,1906.0491479362413
20576.28357827957,1953.9377812281948
20561.47985096146,2001.7632126455753
20546.636609730685,2049.57639535244
20531.940189628476,2097.43491081276
20517.598655432746,2145.400968305051
20503.843162585803,2193.538362171328
20490.92881758185,2241.908207582966
20479.134727196008,2290.5633372371117
20468.76285114331,2339.541356055817
20460.13522118738,2388.85652658096
20453.58909070338,2438.490890652086
20449.469665779125,2488.3853004169455
20448.120269565603,2538.431287183706
20449.870111955475,2588.464872113544
20455.02024656239,2638.2634428974006
20463.828723410246,2687.546627949557
20476.496283905944,2735.9816840358053
20493.15408824171,2783.193330412219
20513.854846700222,2828.7773290510963
20538.56834787312,2872.3165708869024
20567.18181633386,2913.3981062510757
20599.504917344355,2951.6295155176276
20635.278689691153,2986.6532370027126
20674.187326387786,3018.1578734562627
20715.87157497592,3045.8859772739215
20759.94257660276,3069.6382666473573
20805.99515127204,3089.274580939507
20853.619798604766,3104.712113502734
20902.412959177305,3115.921566946715
20951.98532869064,3122.9218831236726
21001.968213092852,3125.774139461064
21052.018050792783,3124.5751051820325
21101.819312532985,3119.4508397063637
21151.086030198145,3110.550607760649
21199.56221435125,3098.041291074617
21247.021407402925,3082.102399221695
21293.26559389862,3062.9217227560707
21338.123658093657,3040.691628760824
21381.44954634326,3015.6059696990046
21423.120260730793,2987.8575582291846
21463.033782392355,2957.6361507359766
21501.106998874337,2925.1268784272984
21537.273689713522,2890.509065085361
21571.482608042967,2853.955373471723
21603.695683004513,2815.63122689376
21633.8863576226,2775.6944577625477
21662.038069091344,2734.29514057351
21688.142872705834,2691.5755722677213
21712.20020654041,2647.6703681628883
21734.21579110965,2602.706646453867
21754.200656365145,2556.804278611811
21772.170287257763,2510.0761868406935
21788.14387855267,2462.6286730899656
21802.14368947735,2414.56176699607
21814.19448900188,2365.9695825668737
21824.323083010135,2316.940675467665
21832.5579152563,2267.558394450939
21838.92873476472,2217.9012218252865
21843.466323194953,2168.043098911238
21846.202276631015,2118.0537332037593
21847.16883726083,2067.998884466703
21846.39877148109,2017.9406272322867
21843.925292105305,1967.9375871642437
21839.782023573425,1918.0451484568216
21834.00301038371,1868.31562886107
21826.622770401074,1818.798418023733
21817.676396260696,1769.5400735539254
21807.1997097865,1720.5843675564531
21795.229476180786,1671.972274248563
21781.803686693693,1623.7418866876144
21766.96192051738,1575.928247589581
21750.745798720145,1528.5630757811587
21733.199545085325,1481.6743661620528
21714.3706706986,1435.2858374525572
21694.310801018346,1389.4161989578706
21673.076666003766,1344.078205850039
21650.73127580606,1299.277473168218
21627.34530681561,1255.0110234408962
21602.99872592405,1211.2655536846328
21577.782685228587,1168.0154273330743
21551.801725555964,1125.2204289054473
21525.17633516835,1082.8233680644687
21498.045918750362,1040.7476895799425
21470.572237849658,998.8953406005203
21442.943379874458,957.1452685798927
21415.37828490739,915.3530695765197
21388.131786499573,873.3524657052919
21361.49997535983,830.9594349807295
21335.82544272318,787.9798961170387
21311.50158543804,744.2217854862635
21288.97467959003,699.5120484505201
21268.74195116627,653.7183975193159
21251.343589665084,606.7746183179436
21237.346845675325,558.7068309640152
21227.321290074186,509.65676444338067
21221.80605165127,459.8973133804435
21221.27206960455,409.8359900795868
21226.084379219854,360.00363411331926
21236.470346751837,311.02859117576526
21252.49906300733,263.59964721661623
21274.074939347585,218.4232444604041
21300.945688463125,176.18120563662208
21332.72228866004,137.4943134644414
21368.906933223698,102.89517936335344
21408.92455967727,72.81165427427615
21452.154103513287,47.56020882847859
21497.95669124705,27.347545996219353
21545.699164925787,12.278217916911466
21594.772341843334,2.36603852605137
21644.604141506312,-2.4525946786667263
21694.668151941452,-2.3049125491984306
21744.48841314826,2.6314824413432154
21793.64123812374,12.140726009053742
21841.75483637682,25.979335325223797
21888.507400586604,43.885277168109155
21933.624197031346,65.58549153521051
21976.87408415728,90.80198499749685
22018.065781128513,119.25665199287057
22057.04412321821,150.67499938177582
22093.686473734055,184.788949880425
22127.899411281258,221.3388906407745
22159.615774282727,260.07511922273727
22188.792119413138,300.7588237756117
22215.406634751365,343.1627194564784
22239.457540104464,387.0714501208771
22260.962004489695,432.28185361614175
22279.95561281319,478.6031804969498
22296.492419130293,525.8573489645833
22310.645631320698,573.8793118075872
22322.508980251427,622.5176014848741
22332.198833911385,671.6351030243409
22339.857121344663,721.1100746620222
22345.655129148763,770.8373837558581
22349.798219461423,820.729837754845
22352.531483680308,870.7193511946876
22354.146275057807,920.7574835377678
22354.987429392873,970.8145987087269
22355.460744066346,1020.8765442430781
22356.039881372082,1070.9373782692408
22357.271224523396,1120.9864173770331
22359.774309643297,1170.9879868611222
22364.2343801898,1220.8531025969924
22371.382740642992,1270.4043107608077
22381.96071685401,1319.3382123824586
22396.665246955818,1367.1942056892565
22416.07913840664,1413.3409229075908
22440.596018041713,1456.991141208339
22470.35596464498,1497.2498782122989
22505.208747788234,1533.1901932331416
22544.71550662264,1563.9414816607969
22588.188811800686,1588.7709092112702
22634.760630237317,1607.1419997876123
22683.46232224771,1618.7427823413623
22733.301538668788,1623.4847578159568
22783.325674687672,1621.4798280551483
22832.667332531048,1613.0043194924183
22880.57188538609,1598.4583103538096
22926.409955344756,1578.3261766551898
22969.678636431745,1553.1418261374167
23009.995202965238,1523.4601221553921
23047.0864106967,1489.8346812296445
23080.775712503426,1452.8014813601385
23110.969981802617,1412.8673838144289
23137.646749140706,1370.5025948282334
23160.842523132294,1326.1361586160892
23180.642466220826,1280.1537023300116
23197.171498856504,1232.8968017867464
23210.586783828607,1184.66348010032
23221.071471933526,1135.7094791789698
23228.82955297754,1086.2500530320206
23234.081639492273,1036.462122102845
23237.061505700294,986.4867006643545
23238.01320544934,936.4315657550253
23237.1885965261,886.3741763964235
23234.845103239113,836.3648750561142
23231.24355426553,786.4304078313955
23226.64593987319,736.5777838672135
23221.3129446851,686.798457399165
23215.501133389247,637.072759444377
23209.459702015844,587.374436574022
23203.426760512368,537.6750824471426
23197.6251841953,487.9481894825102
23192.258157846547,438.17252089849427
23187.504625835023,388.3345226443799
23183.514938152828,338.4295678521872
23180.407027174613,288.4619483434558
23178.263448518657,238.44367991012894
23177.129566274438,188.3923420524413
23177.01306519758,138.32829759294998
23177.884848611233,88.27170833874307
23179.681254904677,38.239767797897116
23182.307420517653,-11.755486172327508
23185.64154837512,-61.708521819834466
23189.539812466963,-111.62070196114708
23193.841636257526,-161.49972067478788
23198.375112913287,-211.35821831527588
23202.962375019997,-261.21179613052476
23207.424758673584,-311.0767068329096
23211.587634487772,-360.9675140132263
23215.284794706975,-410.89499310935526
23218.362294612605,-460.86449523157125
23220.68165395795,-510.87492120662176
23222.122336732566,-560.9183678801464
23222.58344959152,-610.9804242444363
23221.984631787374,-661.0410227592955
23220.266149796615,-711.075699966886
23217.38825277638,-761.057094629501
23213.329884309947,-810.9565109727899
23208.086876158177,-860.7453950279743
23201.669767507,-910.3966068099153
23194.101397557857,-959.8854125800775
23185.414411557955,-1009.1901628579456
23175.648803347158,-1058.2926579811715
23164.849594698877,-1107.178230787879
23153.064726543245,-1155.8355942927808
23140.343212370648,-1204.25651148825
23126.733581682744,-1252.4353460652462
23112.282622407416,-1300.3685488376557
23097.034416160535,-1348.054126963321
23081.02964905058,-1395.4911334795133
23064.305173009707,-1442.6792046499497
23046.8937878791,-1489.61816319489
23028.824212123636,-1536.3076973002132
23010.121209583303,-1582.7471187021479
22990.805840627156,-1628.9351981947657
22970.89580807931,-1674.870073505444
22950.40587101888,-1720.5492224211998
22929.348302758768,-1765.9694930695046
22907.73337277154,-1811.127183097988
22885.56983588181,-1856.0181599171474
22862.865415544074,-1900.63801496506
22839.627271359994,-1944.982245958054
22815.862444076676,-1989.0464621862395
22791.57827408081,-2032.8266090041375
22766.78279182787,-2076.319208695157
22741.485080699815,-2119.521615805005
22715.69561446698,-2162.432285810589
22689.426572859596,-2205.0510565881777
22662.692139759063,-2247.379442539049
22635.508789237887,-2289.4209413933445
22607.89556515894,-2331.1813536126915
22579.874360336657,-2372.6691139114623
22551.4702014132,-2413.895633676678
22522.711545654016,-2454.8756519427952
22493.630595846786,-2495.6275910230765
22464.263639409506,-2536.173910864459
22434.65141766385,-2576.5414536325297
22404.839530962414,-2616.7617669090987
22374.878884892292,-2656.871390178089
22344.826181973138,-2696.912084999844
22314.744461939947,-2736.930984496329
22284.70369159615,-2776.980632635955
22254.781402033816,-2817.1188785767326
22225.063366393537,-2857.4085864060694
22195.644304917918,-2897.917116601436
22166.628595527745,-2938.7155332375214
22138.13095735805,-2979.8774914214773
22110.27706173713,-3021.4777638825885
22083.204010511872,-3063.59037541564
22057.06060654595,-3106.286330253928
22032.007327486164,-3149.6309413556933
22008.21590409294,-3193.6808022459145
21985.868401754058,-3238.4804805465424
21965.1557116425,-3284.059055215014
21946.27537929855,-3330.426662618309
21929.42873487108,-3377.571254112845
21914.81734028932,-3425.455792976565
21902.638830815078,-3474.016124633768
21893.08229527358,-3523.1597359842153
21886.323401902348,-3572.7655752517485
21882.519525349715,-3622.685035286087
21881.80515608439,-3672.744117353005
21884.28787060354,-3722.7466994543593
21890.045108162176,-3772.478745269968
21899.12194110151,-3821.7132184722504
21911.529949260632,-3870.215421145378
21927.24722493799,-3917.748458653713
21946.219454259,-3964.0785460159027
21968.361952736173,-4008.9799079278473
21993.562483355192,-4052.239078561978
22021.68465721282,-4093.6584696518003
22052.57170885074,-4133.05913819212
22086.050447838217,-4170.282742031556
22121.935210365293,-4205.192718549969
22160.03166475344,-4237.67475651803
22200.140358397693,-4267.636653973302
22242.059927102924,-4295.007666669233
22285.589918471975,-4319.737454276616
22330.533207369583,-4341.794727259451
22376.69800279963,-4361.165688380806
22423.89946172664,-4377.852351033495
22471.960936815543,-4391.870803585094
22520.71489238173,-4403.249475837703
22570.00352676957,-4412.027451330419
22619.679140657154,-4418.25285805206
22669.604290099935,-4421.981360438068
22719.65176107533,-4423.274767378309
22769.704399359696,-4422.199764319363
22819.65482614837,-4418.826772288847
22869.405066209325,-4413.228932641846
22918.866111752202,-4405.481213356122
22967.957441742597,-4395.659630608561
23016.606513187886,-4383.840577987337
23064.748238017313,-4370.100254884652
23112.32445659824,-4354.514185247123
23159.283416674534,-4337.156817826219
23205.5792645688,-4318.1011992797
23251.171553836168,-4297.41871185598
23296.024775170412,-4275.178867887745
23340.10791021055,-4251.449153883965
23383.394010954325,-4226.294917608608
23425.85980572279,-4199.779292140768
23467.485332015607,-4171.963151508948
23508.253596122606,-4142.905093067011
23548.15025899776,-4112.661442322363
23587.163347632413,-4081.286276432736
23625.282990975582,-4048.8314630533664
23662.501179321007,-4015.346711639821
23698.81154600544,-3980.8796346945455
23734.20917022615,-3945.475816786074
23768.69039978418,-3909.1788894745287
23802.252692580314,-3872.030610543636
23834.8944757332,-3834.070946174004
23866.61502124415,-3795.3381548964185
23897.414337200727,-3755.8688723405126
23927.293073587356,-3715.6981959458208
23956.25244185477,-3674.8597689339713
23984.294147490604,-3633.3858629515144
24011.420334930783,-3591.307458888363
24037.633544256474,-3548.654325457243
24062.936679233993,-3505.455095185957
24087.332986378584,-3461.737337529898
24110.82604485516,-3417.5276288540954
24133.419767175707,-3372.851619067233
24155.118410809522,-3327.7340947092894
24175.92660099546,-3282.1990383036637
24195.84936522974,-3236.2696837809945
24214.89218010259,-3189.96856776599
24233.0610313705,-3143.3175764900766
24250.362488375788,-3096.337988051905
24266.803794162533,-3049.0505096959496
24282.39297288435,-3001.475309717952
24297.13895635161,-2953.6320435385796
24311.05173182144,-2905.5398734185646
24324.142513386476,-2857.2174812261214
24336.423939560867,-2808.683073622456
24347.91029988834,-2759.954379016783
24358.617793591067,-2711.0486356781494
24368.564823428253,-2661.9825705025128
24377.77232801934,-2612.7723681527996
24386.264155881607,-2563.43363065812
24394.06748430793,-2513.981328126531
24401.213285923277,-2464.4297420571347
24407.73684526163,-2414.7924039015415
24413.67832692998,-2365.0820331070227
24419.08339579765,-2315.3104809581796
24424.00388806044,-2265.4886892097334
24428.498529860575,-2215.626675841268
24432.63369723477,-2165.733564309111
24436.484207331116,-2115.817677403351
24440.13412586266,-2065.8867221280725
24443.677569410098,-2015.9480976541345
24447.21947320613,-1966.0093638867027
24450.8762852276,-1916.0789128167366
24454.776535693734,-1866.166887529787
24459.061217554914,-1816.2863931029783
24463.8838987657,-1766.455037856272
24469.41047216531,-1716.6968305183389
24475.818435528996,-1667.0444368138337
24483.295585677908,-1617.5417662181796
24492.03801031609,-1568.2468156886193
24502.247274167094,-1519.2346434854833
24514.12672677844,-1470.6002868442858
24527.87691179035,-1422.4613795582054
24543.690132625405,-1374.9601798798042
24561.744324174335,-1328.2646978863825
24582.19648522533,-1282.5686265089357
24605.176027498495,-1238.0898400125204
24630.778475672745,-1195.0673288596527
24659.059989970814,-1153.7565820055654
24690.033164645683,-1114.4235885061598
24723.66447736542,-1077.3377848601976
24759.873633213516,-1042.764396473991
24798.534881204472,-1010.9566899251363
24839.480206420256,-982.1486566377065
24882.504143724243,-956.5485902054437
24927.36984110857,-934.3339123466982
24973.815934450933,-915.6474669818399
25021.563782690104,-900.5953606368804
25070.32464606347,-889.2462996953277
25119.80645722849,-881.6322742384327
25169.71992092523,-877.7503705582155
25219.783768516067,-877.5654598611603
25269.72907850045,-881.0135047170985
25319.302645986845,-888.0052405795343
25368.269439766827,-898.4300197590625
25416.414224621265,-912.1596427867238
25463.54245028452,-929.0520417255577
25509.480519661513,-948.9547178068424
25554.07555037539,-971.707869378194
25597.194738360835,-997.1471743539495
25638.724422487878,-1025.106213837581
25678.56893709123,-1055.4185406152483
25716.64932629016,-1087.919408410393
25752.90198115702,-1122.4471859069374
25787.277248807775,-1158.844484390877
25819.73805173349,-1196.959030171091
25850.258546343102,-1236.6443133778882
25878.822841777466,-1277.7600438528489
25905.423793519778,-1320.1724430764748
25930.061881049634,-1363.754398780973
25952.744174620206,-1408.3855063201622
25973.483393031736,-1453.9520182096899
25992.29705187427,-1500.3467206413727
26009.206699983515,-1547.46875330489
26024.237240674454,-1595.2233865735964
26037.416333576406,-1643.521768063348
26048.773872504553,-1692.280648764884
26058.341534690633,-1741.4220973878519
26066.1523967961,-1790.873210230213
26072.240613398957,-1840.565822793183
26076.641154039444,-1890.436228487295
26079.389595399745,-1940.4249091061001
26080.521965756674,-1990.476281272114
26080.074639465583,-2040.5384627702247
26078.08427989412,-2090.563062569995
26074.58782991768,-2140.5049983895237
26069.622549804088,-2190.3223458598063
26063.226103048037,-2239.9762236987
26055.436691459498,-2289.430719781503
26046.29324155978,-2338.6528635785517
26035.835645088653,-2387.6126510845647
26024.10505717285,-2436.283129040902
26011.144256448908,-2484.640545876055
25996.99807216917,-2532.6645772568604
25981.71388406068,-2580.3386343048264
25965.342201458734,-2627.6502621855625
25947.93732902363,-2674.591635649047
25929.55812719642,-2721.160155826528
25910.268876481645,-2767.359148713057
25890.14025567554,-2813.1986597113855
25869.250445255493,-2858.6963296970603
25847.686368177903,-2903.8783255058875
25825.545080987948,-2948.78028071951
25802.9353278004,-2993.4481803728954
25779.979267254203,-3037.939095223993
25756.814376174178,-3082.3216375738584
25733.59552068444,-3126.6759724159015
25710.49716221762,-3171.093177749549
25687.715627750007,-3215.6737116099325
25665.471316081384,-3260.5247195969137
25644.010632021153,-3305.7559184207653
25623.607339128906,-3351.473835127325
25604.56290838307,-3397.7742871112887
25587.2053359269,-3444.7331708806532
25571.8858429838,-3492.395892984606
25558.972901375484,-3540.766108160909
25548.84319521621,-3589.7947800555075
25541.869460144197,-3639.3708681091757
25538.405619668287,-3689.315069390288
25538.770188704777,-3739.377915599592
25543.22940890729,-3789.243103933394
25551.981872262397,-3838.536271116546
25565.146367930076,-3886.83863539075
25582.754327031034,-3933.7042152654085
25604.74761772066,-3978.6788575185637
25630.981710539305,-4021.3191683991026
25661.23356242378,-4061.2096383441385
25695.213088581924,-4097.97669220142
25732.57686412141,-4131.29895114273
25772.942708802482,-4160.91353144434
25815.903996470344,-4186.618639429968
25861.042815656136,-4208.273010203238
25907.941416864094,-4225.792881011363
25956.191663396374,-4239.147214845796
26005.402427983012,-4248.35183309586
26055.20503829074,-4253.463013460381
26105.256974832468,-4254.570989399058
26155.244075802744,-4251.793669671796
26204.88151784297,-4245.270792277837
26253.913831791728,-4235.158641401739
26302.11418803139,-4221.625389647912
26349.283154522684,-4204.847079319069
26395.247097124906,-4185.004223040819
26439.85635954995,-4162.278982610165
26482.983331106556,-4136.852872669398
26524.520485094323,-4108.904930181042
26564.378449509313,-4078.6102896741845
26602.484154452934,-4046.1391062649313
26638.779086914492,-4011.6557723380183
26673.217672968978,-3975.31837865323
26705.76579941981,-3937.278375904006
26736.39948108028,-3897.6803979977976
26765.103675829585,-3856.662213282603
26791.87124696654,-3814.354774446187
26816.702070931828,-3770.882341771255
26839.6022879551,-3726.3626577961263
26860.583693421897,-3680.9071541902886
26879.663268604687,-3634.6211738153715
26896.862850750404,-3587.604192525556
26912.208944266404,-3539.9500263024665
26925.732676827676,-3491.74700987336
26937.469906554135,-3443.0781331073904
26947.46148891386,-3394.021121349374
26955.753714595172,-3344.6484456211792
26962.398932155676,-3295.027248589611
26967.456371651548,-3245.2191727939294
26970.993187491942,-3195.280079473325
26973.085740194834,-3145.2596503199425
26973.8211371968,-3095.2008718166358
26973.29905188326,-3045.139414094436
26971.633836817775,-2995.1029354566876
26968.956940604625,-2945.1103721905656
26965.419626116025,-2895.171313443864
26961.195968134816,-2845.2856147826487
26956.48607650446,-2795.4434721517005
26951.51944041247,-2745.626257889248
26946.55821222059,-2695.808504261183
26941.900135889977,-2645.9614910218825
26937.880667974016,-2596.058922947764
26934.873639025354,-2546.085128068326
26933.28957976378,-2496.0460127409515
26933.570641955976,-2445.9826215803237
26936.180974670744,-2395.986541446176
26941.59160644045,-2346.2156001404655
26950.259466741198,-2296.907493380126
26962.60121104469,-2248.3884014474647
26978.963872168708,-2201.073666130032
26999.595700876143,-2155.4584417767674
27024.62138166872,-2112.09789695872
27054.025675881527,-2071.5786447005307
27087.648326722065,-2034.4849708642014
27125.19106688202,-2001.364478945112
27166.235420487472,-1972.6976629172996
27210.268329677416,-1948.87479494906
27256.711846736245,-1930.1818426979974
27304.95323859145,-1916.7954605500477
27354.37259835619,-1908.785832289224
27404.366093331282,-1906.1254412503517
27454.36399423455,-1908.7016651635558
27503.84344090745,-1916.331283551757
27552.33644050073,-1928.7753719585946
27599.43388350396,-1945.7534989959272
27644.786459461484,-1966.9565498858803
27688.10332446636,-1992.057830807691
27729.149273857493,-2020.722351389976
27767.74104775608,-2052.6143459876203
27803.743270861567,-2087.4031936877595
27837.064416053334,-2124.7679493849137
27867.65309034666,-2164.4007188269406
27895.494873022708,-2206.00911100029
27920.609887761148,-2249.317989739503
27943.051260261083,-2294.0707276545377
27962.904596160584,-2340.030140593013
27980.28860630883,-2386.9792474543137
27995.35700172385,-2434.721951532023
28008.301770953054,-2483.0836637248835
28019.357926380413,-2531.9117667998685
28028.80974494574,-2581.0756292133296
28036.998402873523,-2630.465589774584
28044.330664738096,-2679.9899313169076
28051.287859144613,-2729.5683551488987
28058.43365283594,-2779.1199492972296
28066.418015867002,-2828.5433532501715
28075.973237692735,-2877.687227703554
28087.89619649015,-2926.310935234129
28103.01021245381,-2974.0391970058317
28122.101438606864,-3020.320333893815
28145.83077762273,-3064.4036104062457
28174.632957010206,-3105.352976790791
28208.62575586538,-3142.1076635589416
28247.556884945174,-3173.5844453697136
28290.807871903264,-3198.7990702979673
28337.455858903966,-3216.975850846038
28386.375567797826,-3227.619923949186
28436.354559729294,-3230.5418215459754
28486.19757376456,-3225.839418893386
28534.805437560375,-3213.8513200598195
28581.224438891964,-3195.097263549253
28624.669271544968,-3170.2178819395363
28664.52598650969,-3139.921382752645
28700.341811213922,-3104.9405214636636
28731.807623138193,-3066.0003747686737
28758.737314484708,-3023.7958422748616
28781.046828221737,-2978.9771511122303
28798.73450171449,-2932.1415397523215
28811.863548571273,-2883.8294772883382
28820.546987549264,-2834.5240591752327
28824.935015100837,-2784.652515837517
28825.20464849231,-2734.5890332307367
28821.55138796946,-2684.65829965437
28814.182623033437,-2635.139360512331
28803.312515567497,-2586.2694880922513
28789.158116176015,-2538.2478643950485
28771.93650051101,-2491.238938987471
28751.862744303293,-2445.3753671894974
28729.148586524436,-2400.7604619371646
28704.001658372126,-2357.4701097033803
28676.625181408912,-2315.5541105620277
28647.2180617229,-2275.0369081508466
28615.975329552886,-2235.9176802755765
28583.088897137135,-2198.1697689836656
28548.748633913736,-2161.739444758128
28513.143790402613,-2126.5440289498165
28476.464843008904,-2092.469449214639
28438.905883457683,-2059.367383856005
28400.66773723953,-2027.052273291305
28361.962056790486,-1995.2986509216125
28323.016675566658,-1963.8394781251332
28284.08248700311,-1932.3664538214598
28245.44196086437,-1900.533577340569
28207.419042202033,-1867.9654970194385
28170.389517041735,-1834.272229580015
28134.78996960002,-1799.0714639438443
28101.122366884036,-1762.0186128978746
28069.950516257653,-1722.8428997032888
28041.884801640124,-1681.3852576805182
28017.553307933533,-1637.6314149311906
27997.560726009662,-1591.7324243517132
27982.44037692325,-1544.0061584227838
27972.6076388476,-1494.917058507106
27968.323495625493,-1445.0365038682507
27969.674510342753,-1394.990531206041
27976.571335443365,-1345.4036467524709
27988.763666359817,-1296.846745604099
28005.866729482226,-1249.7945332585662
28027.393423864523,-1204.5946833245573
28052.786731462267,-1161.4483707338427
28081.448235745884,-1120.400327649026
28112.75987881743,-1081.3362254762078
28146.097066265454,-1043.9857956304738
28180.831853865904,-1007.9314329902812
28216.32550081013,-972.6238755554687
28251.91074177628,-937.4086339220551
28286.86652290913,-901.5684937802745
28320.392260197208,-864.3872330894619
28351.594257015695,-825.2355446236965
28379.500544403993,-783.6704604527096
28403.11661625516,-739.5264153633149
28421.519990579338,-692.967512218732
28433.971470829038,-644.4765012764905
28440.008801965865,-594.7776980302161
28439.494168938603,-544.7161514046667
28432.606811830246,-495.127950779012
28419.79223544945,-446.73153745047324
28401.689546618283,-400.0547908104804
28379.057508232498,-355.3981447390989
28352.713212061077,-312.8258270852325
28323.490164743544,-272.17565106559033
28292.21762958673,-233.0802373953294
28259.720354123925,-194.99677859371792
28226.83608635381,-157.2469738941897
28194.44584608154,-119.07244214198255
28163.507398642352,-79.71213519463238
28135.07600528668,-38.50443361822799
28110.291915045615,4.994583242505279
28090.31826871455,50.90173474219869
28076.231131913824,98.94302303364682
28068.889106225764,148.46584422939438
28068.825647265763,198.52995646462372
28076.199247424713,248.04817525797418
28090.810612132966,295.93278456323253
28112.170647103267,341.2116884143186
28139.59198078279,383.0984612569942
28172.279837586535,421.01857806149184
28209.40772397764,454.6035530754539
28250.17272095086,483.6663196770718
28293.83124145709,508.168599884855
28339.718901966335,528.1873303012432
28387.258774977112,543.884029311234
28435.96182210961,555.4787771836195
28485.422472240916,563.2291530667299
28535.3114744268,567.4137813235607
28585.367465581825,568.3198459041841
28635.388176639823,566.2338610190683
28685.221838185047,561.435027798555
28734.759103400782,554.1905950792918
28783.925649804623,544.7527432621486
28832.67552490167,533.3566065325784
28880.98524456067,520.2191337157288
28928.84862229006,505.5385598400605
28976.272292740916,489.49431966009564
29023.271887006467,472.2472823924672
29069.868816275743,453.9402253610462
29116.087621457285,434.69849457256794
29161.953848051813,414.6308236289699
29207.49240719661,393.83029975381567
29252.72638536348,372.3754778050775
29297.676266903964,350.33165059811665
29342.359535832395,327.75228726415776
29386.790626154943,304.68065131847834
29430.98119368587,281.15160724367746
29474.940686314247,257.1936193768665
29518.6771933868,232.8309404461517
29562.198557204607,208.0859799922339
29605.51372924916,182.98183594604396
29648.634349134994,157.54496664457275
29691.57651388089,131.80797636553774
29734.362687476038,105.81248571154099
29777.023674805358,79.61205918580144
29819.600549260067,53.275165716244075
29862.14638010981,26.88815224673354
29904.727555507383,0.5582128146029914
29947.424443195458,-25.58366918509398
29990.331079562144,-51.379846564837834
30033.55353826621,-76.64328388731579
30077.206616565254,-101.15513679800276
30121.408510307203,-124.66289562835233
30166.27325099547,-146.87949107396884
30211.90087389554,-167.48390830698196
30258.365588980596,-186.1239760346307
30305.702627548417,-202.42202923926135
30353.89488899232,-215.98402015433595
30402.860920034327,-226.41231879947395
30452.4459916485,-233.3218996629722
30502.417965808407,-236.3589317679605
30552.469191091444,-235.22013349613206
30602.224869075788,-229.670819854626
30651.25735299507,-219.55952224401884
30699.10491772375,-204.82745321430758
30745.292910048025,-185.51183360924665
30789.354989047064,-161.74300042850498
30830.852398759842,-133.7360444391206
30869.38976066231,-101.77831308582677
30904.62655611875,-66.21438117906219
30936.284123339774,-27.430060993296788
30964.148507956266,14.163220701537439
30988.069835309376,58.142704490216325
31007.95902340485,104.0866368798809
31023.78266651855,151.58439301744357
31035.556838925702,200.24436789583405
31043.34044035447,249.6997983620514
31047.228563059285,299.61278584353767
31047.34622654109,349.67684225558503
31043.842711521684,399.6182955374273
31036.886634174425,449.1968812484444
31026.661834685747,498.20582395647864
31013.364108516445,546.4716845935523
30997.19878101462,593.854222126931
30978.379113309602,640.2464914554582
30957.125527592343,685.5753732805575
30933.665652214375,729.8027017819993
30908.235212365802,772.9271147497722
30881.07983286928,814.9866865117489
30852.457879171583,856.0622991269704
30822.644542823942,896.2815378283077
30791.93747374194,935.8226319392547
30760.664350980613,974.9175684396016
30729.192809109194,1013.8529556364849
30697.942982208315,1052.9665167676883
30667.402399465904,1092.6363424572007
30638.141818195138,1133.259493130117
30610.82863334398,1175.2167494275523
30586.231937004955,1218.8220596689312
30565.211068672586,1264.2592978589767
30548.679511526105,1311.515263767637
30537.540413367904,1360.324474945417
30532.59927429158,1410.1441982931217
30534.47017519776,1460.173407612108
30543.498134884794,1509.4168975473867
30559.717097617813,1556.7811689528949
30582.851754336498,1601.1795907710903
30612.358097791257,1641.6247428657775
30647.488688917983,1677.2937439109046
30687.366522634038,1707.5624560749393
30731.054543134105,1732.012264782468
30777.613123884243,1750.4169930321298
30826.142691554738,1762.7180246713428
30875.81200864304,1768.9943257856191
30925.87437058983,1769.4320450409793
30975.67453730979,1764.2965029709403
31024.64909419259,1753.9079521022945
31072.322500234517,1738.6215365125665
31118.300563590095,1718.8113144683923
31162.26260616634,1694.8579179060669
31203.953185286075,1667.1393084541946
31243.173939261607,1636.0240780663303
31279.775904674578,1601.86678409704
31313.652500261473,1565.0048734974052
31344.733269622237,1525.7568212707297
31372.97840892748,1484.4211751917896
31398.374065719036,1441.2762577722906
31420.928372803013,1396.5803261075962
31440.66817134442,1350.572030603301
31457.636375514317,1303.4710454397796
31471.88993457523,1255.478768059193
31483.498355186613,1206.779003146657
31492.54275562484,1157.538559745984
31499.115433619958,1107.9076996148667
31503.319939938134,1058.0203821920418
31505.271660132228,1007.9942585035034
31505.098916558003,957.9303754940329
31502.944611234598,907.9125670760627
31498.96843667489,858.0065333449581
31493.349685164914,808.2586511441857
31486.290684919688,758.694625265397
31478.0208798232,709.3181888636361
31468.801540207907,660.1102023699148
31458.931031329223,611.0286862369239
31448.750450956297,562.0105470876508
31438.649244632234,512.9759897929308
31429.0700773826,463.83678248294353
31420.511755941137,414.50953668712646
31413.528378549032,364.9348021516554
31408.72227677062,315.101851452578
31406.728020003437,265.07741560966434
31408.185264256383,215.0344607473944
31413.70001843987,165.27495756775187
31423.79704344938,116.23955383394446
31438.86983165017,68.4982481951012
31459.13734730427,22.719978937267367
31484.6167799612,-20.37551858191869
31515.11840356235,-60.075339388112965
31550.2633621109,-95.73004510557398
31589.5200079079,-126.80001400580433
31632.251214786163,-152.88586881811563
31677.764545270467,-173.74167946507814
31725.358696364852,-189.27308992341446
31774.36214801485,-199.52439188166065
31824.16237844698,-204.65896549613544
31874.225825709487,-204.93693750418748
31924.10982593772,-200.69291380612788
31973.46816227746,-192.3156181754202
32022.05181823025,-180.23041490416628
32069.706237303315,-164.88507242183226
32116.365989703438,-146.73871580560254
32162.047330944522,-126.25366008599435
32206.838771005117,-103.88964524191574
32250.88951025042,-80.09984586052832
32294.395497471916,-55.327860690205206
32337.58298793029,-30.004692158937228
32380.689871317056,-4.544550366864592
32423.945687866762,20.661729388394356
32467.55202885378,45.25663096162212
32511.665656793222,68.92960963222198
32556.386827406226,91.43380754949459
32601.754670076596,112.60408955401955
32647.75008733858,132.37385386815086
32694.30483120942,150.7879203861203
32741.313810542582,168.00935856045845
32788.64682376179,184.31910960408132
32836.156050677826,200.10820441807545
32883.67669801817,215.86289409626534
32931.01991039613,232.14301632667832
32977.95914661846,249.55364917888653
33024.21334991812,268.71012374073365
33069.43202781325,290.19716054029925
33113.188091678305,314.5246799756062
33154.98346073256,342.0849469910604
33194.26952026071,373.1176202332374
33230.48058234454,407.68900478847434
33263.074410894274,445.68985460036293
33291.57224926513,486.8516838021213
33315.59084855981,530.7781060898494
33334.86250536403,576.9844641499218
33349.24125638751,624.9394032086985
33358.69807357424,674.1023309263538
33363.30664806785,723.9539693130745
33363.22594119905,774.0181098821437
33358.67888936706,823.8753930096495
33349.93500703455,873.1701052617658
33337.29060600694,921.6112326013485
33321.05779249825,968.9707014922785
33301.54863209725,1015.0772708230711
33279.07166928061,1059.8121472503026
33253.919549112325,1103.0994834110293
33226.37140636789,1144.9028623381794
33196.68334973388,1185.2146676953716
33165.09369315761,1224.0542865003476
33131.816879840095,1261.4585102966637
33097.047763415074,1297.4797641003893
33060.960935954434,1332.1808184879396
33023.7097621686,1365.6288685262666
32985.434288327044,1397.8997610526976
32946.2502676702,1429.0611851367887
32906.26992137862,1459.1941317099827
32865.57554356439,1488.3555662836598
32824.25858117991,1516.6280150473758
32782.37138634794,1544.0485252818953
32739.991564144733,1570.701360178069
32697.143967715954,1596.595466800793
32653.899086557365,1621.8205220621717
32610.255514216286,1646.3492734692204
32566.283213775994,1670.2837718946562
32521.954636609673,1693.5517331694473
32477.345745904062,1716.2777230660054
32432.402085955317,1738.3341927063348
32387.21205478919,1759.881472013474
32341.693016559882,1780.7246275023474
32295.951942621978,1801.0760117382872
32249.87673520435,1820.659031830967
32203.598368122504,1839.7571483633556
32156.97460428186,1857.9956627981448
32110.16452625049,1875.750735739624
32062.996382457928,1892.5312087930972
32015.659385886443,1908.8295365983945
31967.954923575664,1924.0184035039229
31920.101460195034,1938.7314381244232
31871.87886802427,1952.1850064703933
31823.53034416381,1965.179157116116
31774.82277022746,1976.7545162852612
31726.015403797315,1987.9021008526017
31676.87398824992,1997.4696635216478
31627.660892485324,2006.6619538312939
31578.15553351693,2014.1209997826513
31528.606579429448,2021.285258439009
31478.823772901997,2026.5854302281703
31429.02249813756,2031.7095169878285
31379.0590643992,2034.8838524859098
