Cutoff,downstream_distance,time,x,y
0,63165.875527007585,3.0,"[array([20836.59593972, 20873.41380672, 20904.11128757, 20928.52217333,
       20946.72554806, 20958.95846715, 20965.55227382, 20966.88803986,
       20963.36645093, 20955.38818853, 20943.341763  , 20927.59655782,
       20908.49948842, 20886.37416466, 20861.52180485, 20834.22341165,
       20804.74291511, 20773.3311363 , 20740.23054798, 20705.68092523,
       20669.92611284, 20633.22231537, 20595.84856812, 20558.12037502,
       20520.40781502, 20483.15942346, 20446.93218281, 20412.42495916,
       20380.5067906 , 20352.2233968 , 20328.75997146, 20311.34427256,
       20301.09623479, 20298.86011713, 20305.07176547, 20319.70224642,
       20342.28700758, 20372.01875468, 20407.86861128, 20448.70424265,
       20493.38625217, 20540.83649852, 20590.0800359 , 20640.26603382,
       20690.6737322 , 20740.70871507, 20789.89353061, 20837.85545947,
       20884.31323472, 20929.06378098, 20971.96953617, 21012.94659579,
       21051.95373006, 21088.98222985, 21124.04650945, 21157.17541054,
       21188.40419546, 21217.7672734 , 21245.29175973, 21270.99201365,
       21294.8653273 , 21316.88894322, 21337.01855708, 21355.18841701,
       21371.31306352, 21385.29066566, 21397.007804  , 21406.34543592,
       21413.1856634 , 21417.41882519, 21418.95037346, 21417.70698703,
       21413.64143167, 21406.73579874, 21397.00292283, 21384.48596784,
       21369.25635121, 21351.41031769, 21331.06456379, 21308.35134467,
       21283.41347458, 21256.39957412, 21227.45983709, 21196.74250387,
       21164.39114726, 21130.54280838, 21095.32696783, 21058.8653014 ,
       21021.27214726, 20982.65560234, 20943.11916583])]","[array([-1001.6226921 ,  -966.69246851,  -926.34282326,  -881.97381503,
        -834.78185743,  -785.76192948,  -735.72522324,  -685.32277423,
        -635.06995487,  -585.36929268,  -536.5305215 ,  -488.78753657,
        -442.31229271,  -397.22583166,  -353.60664914,  -311.49657028,
        -270.90422619,  -231.80613589,  -194.14531705,  -157.82730365,
        -122.71348328,   -88.61185461,   -55.26575546,   -22.34197467,
          10.57890045,    44.0049434 ,    78.52063087,   114.75025154,
         153.28792823,   194.59182476,   238.85536895,   285.88882986,
         335.05722524,   385.30990707,   435.30272027,   483.57573347,
         528.73251374,   569.57739923,   605.19232357,   634.95745092,
         658.53171983,   675.81116492,   686.87919974,   691.95795531,
         691.36541777,   685.48012605,   674.71345015,   659.48861535,
         640.22532815,   617.32884882,   591.1824861 ,   562.14267128,
         530.53595469,   496.657435  ,   460.77027287,   423.10605359,
         383.86585119,   343.22191184,   301.31992001,   258.2818382 ,
         214.20931949,   169.18768035,   123.29038589,    76.58394252,
          29.13301679,   -18.99448487,   -67.72271556,  -116.96395255,
        -166.6158092 ,  -216.55991103,  -266.66222487,  -316.77505583,
        -366.74053433,  -416.39524045,  -465.57548792,  -514.12273683,
        -561.88862753,  -608.73921741,  -654.55813467,  -699.24851332,
        -742.73371663,  -784.95697594,  -825.88015839,  -865.4819301 ,
        -903.75560414,  -940.70696199,  -976.35232123, -1010.71709714,
       -1043.83507767, -1075.74860224, -1106.50980615])]"
1,57365.738843762905,7.5,"[array([18084.80498696, 18075.52611052, 18062.88530096, 18047.08319845,
       18028.31704484, 18006.77992109, 17982.66056404, 17956.14367766,
       17927.41069117, 17896.64094707, 17864.0133307 , 17829.70838297,
       17793.91097519, 17756.81368268, 17718.62109268, 17679.55545367,
       17639.86435268, 17599.8315066 , 17559.79219454, 17520.15504793,
       17481.43118668, 17444.26897096, 17409.4869287 , 17378.08922139,
       17351.24152364, 17330.18851338, 17316.11335751, 17309.96888353,
       17312.33083175, 17323.31879552, 17342.60221501, 17369.47650852,
       17402.97644577, 17441.99414039, 17485.38001447, 17532.01758579,
       17580.87190552, 17631.01606124, 17681.64151259, 17732.05761783,
       17781.68461459, 17830.04313652, 17876.74233898, 17921.46793855,
       17963.97092832, 18004.05736619, 18041.57940095, 18076.42756019,
       18108.5242452 , 18137.81834447, 18164.28086002, 18187.90144978,
       18208.68581566, 18226.65386575, 18241.8386393 , 18254.28602845,
       18264.05531005, 18271.22070955, 18275.87383896, 18278.12736316,
       18278.12100298, 18276.02904454, 18272.06962122, 18266.51662586,
       18259.71484466, 18252.09718479, 18244.20371104, 18236.70093538,
       18230.39722438, 18226.24753182, 18225.33633533, 18228.82433335])]","[array([ 562.52694598,  611.90905952,  660.52437426,  708.19218579,
        754.76008805,  800.10111785,  844.1116028 ,  886.70977629,
        927.83525455,  967.44951399, 1005.53755785, 1042.11101456,
       1077.21295021, 1110.92468219, 1143.37480445, 1174.75040969,
       1205.3100165 , 1235.39684294, 1265.44966201, 1296.00644558,
       1327.69352683, 1361.19090601, 1397.16454485, 1436.16217025,
       1478.4829181 , 1524.05086002, 1572.33685833, 1622.36724354,
       1672.82774567, 1722.2330392 , 1769.11022113, 1812.14935801,
       1850.29686359, 1882.79115778, 1909.1543192 , 1929.15728526,
       1942.77357307, 1950.13171076, 1951.47210032, 1947.1107916 ,
       1937.41065457, 1922.75938524, 1903.55333536, 1880.18605664,
       1853.04052397, 1822.48414698, 1788.86584277, 1752.51459352,
       1713.7390441 , 1672.82780462, 1630.05020007, 1585.65727775,
       1539.88293203, 1492.94502284, 1445.0463996 , 1396.37574294,
       1347.10810996, 1297.40509224, 1247.41439064, 1197.26871966,
       1147.0838518 , 1096.95546293, 1046.95484461,  997.12370599,
        947.46861256,  897.95670203,  848.51566174,  799.0425812 ,
        749.42805184,  699.602148  ,  649.60587244,  599.68293896])]"
2,105741.13602295086,8.0,"[array([30143.84448004, 30093.58413983, 30042.97831443, 29992.98579072,
       29944.33074793, 29897.5344328 , 29852.94431047, 29810.7566035 ,
       29771.02974924, 29733.68698288, 29698.50660675, 29665.09946176,
       29632.87580144, 29601.01020429, 29568.42716097, 29533.85140538,
       29495.98946771, 29453.90305051, 29407.51924742, 29358.00982859,
       29307.72163891, 29259.62194022, 29216.57113789, 29180.78729999,
       29153.64356937, 29135.72463768, 29127.00448118, 29127.04301999,
       29135.15267857, 29150.52174829, 29172.29821308, 29199.642893  ,
       29231.76075781, 29267.91754961, 29307.44694427, 29349.7518846 ,
       29394.3025268 , 29440.63240207, 29488.33382276, 29537.05318023,
       29586.48652859, 29636.37568209, 29686.50494175, 29736.69848556,
       29786.81839082, 29836.7631917 , 29886.46680099, 29935.89753568,
       29985.0568795 , 30033.97750164, 30082.7199513 , 30131.36740406,
       30180.01791068])]","[array([ 319.84499631,  326.19758834,  325.27691299,  317.69358895,
        304.11647285,  285.22851339,  261.70076864,  234.17981508,
        203.2850433 ,  169.61367569,  133.75277631,   96.29924758,
         57.89151025,   19.26053098,  -18.68895876,  -54.75917376,
        -87.32004025, -114.24003434, -133.05068822, -141.43811016,
       -137.8970968 , -122.18259088,  -95.31304898,  -59.20140471,
        -16.17064723,   31.44331801,   81.53366489,  132.32997203,
        182.41788762,  230.71233467,  276.4114815 ,  318.94675421,
        357.93632393,  393.14501376,  424.45124954,  451.8206033 ,
        475.28506646,  494.92710727,  510.86763263,  523.25709642,
        532.26912893,  538.09618472,  540.94681084,  541.04422231,
        538.62593569,  533.94425649,  527.2674406 ,  518.88135341,
        509.09142844,  498.22467588,  486.63140221,  474.68617302,
        462.78738577])]"
3,34548.618128565984,14.5,"[array([9578.72432677, 9537.75369807, 9492.95261976, 9445.4860099 ,
       9396.31862277, 9346.23003109, 9295.83370519, 9245.59472506,
       9195.84278257, 9146.77833095, 9098.47075598, 9050.84931861,
       9003.69185588, 8956.62499371, 8909.16474432, 8860.84347577,
       8811.47019744, 8761.51055392, 8712.4141156 , 8666.59386117,
       8626.92407728, 8595.99539699, 8575.53976006, 8566.24557424,
       8567.89620222, 8579.64827322, 8600.30788132, 8628.54257666,
       8663.02082495, 8702.4928279 , 8745.83066602, 8792.04280842,
       8840.27370303, 8889.7954517 , 8939.99590129, 8990.36571118,
       9040.48584577, 9090.01627159, 9138.68625716, 9186.28647723,
       9232.66304559, 9277.71360092, 9321.38562027, 9363.67720503,
       9404.64063543, 9444.38894977, 9483.10554814, 9521.0561406 ,
       9558.6009548 , 9596.20263765, 9634.42154106, 9673.88561111])]","[array([1090.18422615, 1120.04291121, 1143.64380372, 1161.10584889,
       1172.70683608, 1178.82690832, 1179.91193137, 1176.45321003,
       1168.98105863, 1158.07102581, 1144.36290131, 1128.59383232,
       1111.64785729, 1094.6237193 , 1078.9171146 , 1066.29635835,
       1058.90903   , 1059.09820114, 1068.93138899, 1089.55538967,
       1120.72632252, 1160.81913706, 1207.28862407, 1257.28355999,
       1308.13626045, 1357.62912305, 1404.07443134, 1446.28343156,
       1483.48734309, 1515.24784341, 1541.37500162, 1561.85909152,
       1576.81699868, 1586.45157046, 1591.02157078, 1590.81996074,
       1586.15856047, 1577.35754335, 1564.73858426, 1548.62080184,
       1529.31890087, 1507.14314482, 1482.40098365, 1455.40034421,
       1426.45477808, 1395.89087777, 1364.05864653, 1331.34586271,
       1298.19788995, 1265.14464331, 1232.83589542, 1202.08341779])]"
4,96302.82400283178,19.0,"[array([26745.51649624, 26768.20648395, 26788.86176506, 26807.5137571 ,
       26824.196148  , 26838.94426769, 26851.79470961, 26862.78520695,
       26871.95478174, 26879.34419964, 26884.99678046, 26888.95963286,
       26891.28540184, 26892.03463778, 26891.27891441, 26889.10483817,
       26885.6190979 , 26880.95469715, 26875.27848283, 26868.8000198 ,
       26861.78173888, 26854.55006623, 26847.50685879, 26841.13982995,
       26836.02964942, 26832.85002514, 26832.35558577, 26835.35159228,
       26842.6408618 , 26854.94826618, 26872.83171144, 26896.59745807,
       26926.24153192, 26961.4338777 , 27001.54928578, 27045.73534693,
       27092.99931388, 27142.29517752, 27192.5974184 , 27242.95490892,
       27292.52433252, 27340.58606188, 27386.54686405, 27429.93379462,
       27470.38292767, 27507.62564142, 27541.47431388, 27571.80858612,
       27598.56284034, 27621.7151915 , 27641.27806821, 27657.29032586,
       27669.81076332, 27678.91288269, 27684.68072435, 27687.20561665,
       27686.583694  , 27682.91405507, 27676.29745174, 27666.83541761,
       27654.62976181, 27639.78236942, 27622.39526344, 27602.57089535,
       27580.412642  , 27556.02549545, 27529.51694021, 27500.99801799,
       27470.58458561, 27438.39877588, 27404.57067853, 27369.24027133,
       27332.55966137, 27294.69575708, 27255.83360748, 27216.18084537,
       27175.97397947, 27135.48768278, 27095.04859931, 27055.05520711,
       27016.00428048, 26978.52159376, 26943.38911275, 26911.55407702,
       26884.10128216])]","[array([-1096.60330856, -1141.30792953, -1186.98308425, -1233.5076212 ,
       -1280.7700659 , -1328.66769986, -1377.1056982 , -1425.99634153,
       -1475.25831928, -1524.81614585, -1574.59971802, -1624.54405165,
       -1674.58924731, -1724.68074738, -1774.76995679, -1824.81530187,
       -1874.78378494, -1924.65304183, -1974.41380146, -2024.07245026,
       -2073.65308755, -2123.19799483, -2172.76484842, -2222.41838059,
       -2272.21380082, -2322.16960925, -2372.22914598, -2422.21390227,
       -2471.77708137, -2520.37130721, -2567.24618132, -2611.4861625 ,
       -2652.08710609, -2688.056019  , -2718.51059284, -2742.75687477,
       -2760.33289694, -2771.01740143, -2774.81097788, -2771.90021893,
       -2762.6148662 , -2747.38531294, -2726.70487554, -2701.09881952,
       -2671.10048512, -2637.23392426, -2600.00203868, -2559.8791069 ,
       -2517.30665815, -2472.6917991 , -2426.40726734, -2378.79264467,
       -2330.15630158, -2280.77775632, -2230.91022124, -2180.7831761 ,
       -2130.6048589 , -2080.5646004 , -2030.83495401, -1981.57358904,
       -1932.92492434, -1885.02148316, -1837.98494837, -1791.92689079,
       -1746.9491327 , -1703.14369258, -1660.59223659, -1619.36493617,
       -1579.51860031, -1541.09391774, -1504.111611  , -1468.56728068,
       -1434.42471682, -1401.6075005 , -1369.9888504 , -1339.37994559,
       -1309.51746139, -1280.05189488, -1250.53953701, -1220.44268981,
       -1189.14468705, -1155.98760279, -1120.3394226 , -1081.69135254,
       -1039.7733454 ])]"
5,77636.03942348334,30.0,"[array([22841.2046507 , 22881.40293438, 22918.72083186, 22953.0255079 ,
       22984.23295733, 23012.29866543, 23037.20985496, 23058.9790408 ,
       23077.6387564 , 23093.23720994, 23105.83475124, 23115.50108859,
       23122.31318523, 23126.35377594, 23127.71039254, 23126.47479189,
       23122.74269442, 23116.6137994 , 23108.19210129, 23097.58654562,
       23084.91205866, 23070.29097192, 23053.85485924, 23035.74682803,
       23016.1243566 , 22995.16282057, 22973.05987528, 22950.04087249,
       22926.365476  , 22902.33558125, 22878.30452434, 22854.68727626,
       22831.97071055, 22810.72204031, 22791.59209267, 22775.30857293,
       22762.65379326, 22754.42272543, 22751.3617215 , 22754.09526446,
       22763.05476524, 22778.42585894, 22800.12670183, 22827.82098396,
       22860.9600476 , 22898.84260915, 22940.67954012, 22985.65382355,
       23032.96997835, 23081.89113918, 23131.76472005, 23182.03907484,
       23232.27406421, 23282.14825895, 23331.46482646, 23380.15690781,
       23428.29120696, 23476.06511855, 23523.7877314 , 23571.82923775,
       23620.5204121 , 23669.992535  , 23719.97944793, 23769.65537707,
       23817.61430838, 23862.05119297, 23901.09182679, 23933.13217889,
       23957.0620927 , 23972.33238243, 23978.89948784, 23977.10841835,
       23967.5641125 , 23951.01925481, 23928.28852668, 23900.18896075,
       23867.50179472, 23830.9503462 , 23791.18904563, 23748.7998225 ,
       23704.29307181, 23658.1112713 , 23610.63395395, 23562.18319291,
       23513.02907019, 23463.3948136 , 23413.46143055, 23363.37176641,
       23313.23398916, 23263.12456548, 23213.09086305, 23163.15360059,
       23113.30948613, 23063.53454168, 23013.78880739, 22964.02332442,
       22914.19044703, 22864.25850793, 22814.23147161, 22764.17325599,
       22714.2347736 , 22664.67962026, 22615.9023727 , 22568.43273059,
       22522.92030212, 22480.09890332, 22440.73465508, 22405.56673522,
       22375.25140832, 22350.31835028, 22331.14435237, 22317.94505026,
       22310.78190176, 22309.57988357, 22314.15114384, 22324.22058761,
       22339.45051168, 22359.46253894, 22383.85602201, 22412.22273337,
       22444.15805922, 22479.26912377, 22517.18034997, 22557.53696216,
       22600.00689165, 22644.28148257, 22690.07532715, 22737.12549465,
       22785.19036117, 22834.04819915, 22883.49564576, 22933.34613776,
       22983.42837542, 23033.58485895, 23083.67052617, 23133.55150873,
       23183.10401629, 23232.21335134, 23280.77305313, 23328.68416552,
       23375.85462132, 23422.19873366, 23467.63678404, 23512.09469564,
       23555.50378015, 23597.80054629, 23638.92655817, 23678.82833207,
       23717.45726093, 23754.76955617, 23790.72619795, 23825.2928855 ,
       23858.4399806 , 23890.14243846, 23920.37972141, 23949.13569205,
       23976.3984839 , 24002.16034843, 24026.41747861, 24049.16980996,
       24070.42080083, 24090.17719445, 24108.44876553, 24125.24805491,
       24140.59009576, 24154.4921349 , 24166.97335326, 24178.05458872,
       24187.75806506, 24196.10713015, 24203.12600615, 24208.8395545 ,
       24213.27305761, 24216.45201922, 24218.40198459, 24219.14838146,
       24218.71638225, 24217.13078756, 24214.41593045, 24210.59560095,
       24205.69298963, 24199.73064882, 24192.73046982, 24184.71367437,
       24175.70081818, 24165.71180447, 24154.76590548, 24142.88178943,
       24130.07755122, 24116.37074449, 24101.77841338, 24086.31712221,
       24070.00298162, 24052.85166997, 24034.87844904, 24016.09817342,
       23996.52529316, 23976.17384976, 23955.05746557, 23933.18932743,
       23910.58216508, 23887.24822571, 23863.19924583, 23838.44642211,
       23813.00038301, 23786.87116296, 23760.06818139, 23732.60022867,
       23704.47546121, 23675.70140807, 23646.28499134, 23616.23256258,
       23585.54995753, 23554.24257114, 23522.31545499, 23489.77343864,
       23456.62127678, 23422.86382317, 23388.50623256, 23353.55419116,
       23318.01417607, 23281.89374371, 23245.20184685, 23207.94918008,
       23170.14855301, 23131.81529125, 23092.96766553, 23053.62735113,
       23013.81992146, 22973.57538363, 22932.92876884])]","[array([-1981.76519535, -1951.4895571 , -1917.75827363, -1880.99325437,
       -1841.58796456, -1799.90638284, -1756.28328777, -1711.02528274,
       -1664.41228491, -1616.69922714, -1568.11786254, -1518.87859036,
       -1469.17222011, -1419.17160032, -1369.03304247, -1318.89749737,
       -1268.89146272, -1219.1276113 , -1169.70511766, -1120.70964112,
       -1072.21290846, -1024.27183608,  -976.92713824,  -930.20137931,
        -884.0964402 ,  -838.59039807,  -793.63389525,  -749.14622465,
        -705.01161325,  -661.07657059,  -617.14966583,  -573.0056683 ,
        -528.39650404,  -483.0716209 ,  -436.80967228,  -389.46136591,
        -340.99956646,  -291.56792207,  -241.51531492,  -191.40314926,
        -141.97780932,   -94.11040307,   -48.71586705,    -6.66883643,
          31.26763516,    64.49066623,    92.58114825,   115.30587099,
         132.60460762,   144.56900758,   151.41908873,   153.48156687,
         151.17282664,   144.9882961 ,   135.49937767,   123.35882669,
         109.31535145,    94.23780664,    79.14775547,    65.25450346,
          53.97661103,    46.91816057,    45.75590044,    52.01107121,
          66.74583608,    90.30066717,   122.19765484,   161.25089798,
         205.81865404,   254.08647606,   304.29697123,   354.89436664,
         404.59107206,   452.37919133,   497.51010799,   539.45935111,
         577.88750824,   612.60303326,   643.5296175 ,   670.67895802,
         694.12880453,   714.0057393 ,   730.47200626,   743.71571567,
         753.94382816,   761.37742411,   766.24886904,   768.80058272,
         769.2852041 ,   767.96701272,   765.12451637,   761.05413802,
         756.07492193,   750.53411244,   744.81331444,   739.33469218,
         734.5662742 ,   731.02490109,   729.27473655,   729.91873909,
         733.58040294,   740.87389525,   752.36282756,   768.51121548,
         789.6337909 ,   815.85512865,   847.08654219,   883.02607852,
         923.18148551,   966.91092084,  1013.47322424,  1062.07933409,
        1111.93825048,  1162.29365529,  1212.44987222,  1261.78772596,
        1309.77192113,  1355.95195149,  1399.95849807,  1441.49699123,
        1480.33964797,  1516.31693942,  1549.30913948,  1579.23836482,
        1606.06133901,  1629.76298822,  1650.350892  ,  1667.85056   ,
        1682.30147459,  1693.75382344,  1702.26584065,  1707.90167528,
        1710.72971052,  1710.82126294,  1708.24959809,  1703.08920621,
        1695.41528839,  1685.30341006,  1672.82928449,  1658.0686542 ,
        1641.09724293,  1621.99075475,  1600.82490108,  1577.67543943,
        1552.61821095,  1525.72916652,  1497.084374  ,  1466.76000126,
        1434.83227186,  1401.37739216,  1366.47145039,  1330.19028918,
        1292.60935489,  1253.80352724,  1213.84693407,  1172.81275589,
        1130.77302552,  1087.79842772,  1043.95810383,   999.31946587,
         953.94802404,   907.9072312 ,   861.25834706,   814.06032417,
         766.36971731,   718.24061686,   669.72460652,   620.87074481,
         571.7255695 ,   522.33312344,   472.73500023,   422.97040746,
         373.07624532,   323.08719811,   273.03583617,   222.95272563,
         172.86654356,   122.80419621,    72.79093797,    22.85048924,
         -26.99484863,   -76.72408292,  -126.31742469,  -175.7561906 ,
        -225.02271196,  -274.10025137,  -322.97292708,  -371.62564482,
        -420.04403672,  -468.21440673,  -516.12368158,  -563.75936655,
        -611.10950476,  -658.16263901,  -704.90777492,  -751.33434431,
        -797.43216759,  -843.19141438,  -888.60256128,  -933.65634631,
        -978.3437194 , -1022.6557887 , -1066.58376286, -1110.11888933,
       -1153.25238955, -1195.97539177, -1238.27886281, -1280.15354037,
       -1321.58986784, -1362.577934  , -1403.10742027, -1443.16755876,
       -1482.74710471, -1521.83432744, -1560.41702442, -1598.48256378,
       -1636.01796111, -1673.00999712, -1709.44538375, -1745.31098681,
       -1780.59411458, -1815.28288247, -1849.366665  , -1882.83664742,
       -1915.68648981, -1947.91311754, -1979.51765179, -2010.5064935 ,
       -2040.89257243, -2070.69676982, -2099.94951755])]"
6,127589.5087548782,45.0,"[array([35036.93931998, 35043.45341943, 35048.23563091, 35051.32724567,
       35052.76798852, 35052.5959351 , 35050.84747715, 35047.55732786,
       35042.75856136, 35036.4826814 , 35028.75971581, 35019.6183339 ,
       35009.08598555, 34997.18906111, 34983.95307244, 34969.40285631,
       34953.56280218, 34936.45710747, 34918.11006444, 34898.546384  ,
       34877.79156309, 34855.87230336, 34832.81699073, 34808.65624683,
       34783.42356507, 34757.15604627, 34729.89525086, 34701.68818776,
       34672.58846342, 34642.6576198 , 34611.96669661, 34580.59806268,
       34548.64757402, 34516.22713147, 34483.46772778, 34450.52308663,
       34417.5739933 , 34384.83337926, 34352.55211852, 34321.02528378,
       34290.59825633, 34261.67157674, 34234.70282541, 34210.20331216,
       34188.72723827, 34170.85162686, 34157.14689993, 34148.14031894,
       34144.27690591, 34145.88395039, 34153.14503594, 34166.08762934,
       34184.58536338, 34208.3732666 , 34237.0722228 , 34270.21822256,
       34307.29233336, 34347.74832342, 34391.03607403, 34436.61998678,
       34483.99238601, 34532.68241094, 34582.26113475, 34632.34371287,
       34682.58931811, 34732.69951973, 34782.41564318, 34831.51552862,
       34879.81000089, 34927.1392753 , 34973.36945312, 35018.3892067 ,
       35062.10671336, 35104.44686836, 35145.34878616, 35184.76358586,
       35222.65244724, 35258.98491893, 35293.73745716, 35326.89217282,
       35358.43576456, 35388.35861685, 35416.65404335, 35443.31765751,
       35468.34685439, 35491.74038922, 35513.4980402 , 35533.62034451,
       35552.10839805, 35568.96371073, 35584.18811051, 35597.78369022,
       35609.75279247, 35620.09802853, 35628.82232836, 35635.92901931,
       35641.42193206, 35645.30553337, 35647.58508581, 35648.26683586,
       35647.358233  , 35644.86818352, 35640.80734458, 35635.18846562,
       35628.02678636, 35619.34050284, 35609.1513157 , 35597.48507743,
       35584.37255892, 35569.85035857, 35553.96198152, 35536.75912025,
       35518.30317278, 35498.6670399 , 35477.93724931, 35456.21646193,
       35433.62642401, 35410.31143695, 35386.44242064, 35362.22163817,
       35337.88811259, 35313.72367323, 35290.05937686, 35267.28170953,
       35245.83745108, 35226.23539963, 35209.04246024, 35194.87123791,
       35184.35673214])]","[array([-6.95018854e+02, -6.45329759e+02, -5.95446487e+02, -5.45432028e+02,
       -4.95344674e+02, -4.45238560e+02, -3.95164162e+02, -3.45168733e+02,
       -2.95296706e+02, -2.45590044e+02, -1.96088555e+02, -1.46830160e+02,
       -9.78511279e+01, -4.91862670e+01, -8.69078846e-01,  4.70681298e+01,
        9.45941798e+01,  1.41679001e+02,  1.88293667e+02,  2.34410498e+02,
        2.80003231e+02,  3.25047286e+02,  3.69520126e+02,  4.13401758e+02,
        4.56675371e+02,  4.99328161e+02,  5.41352367e+02,  5.82746549e+02,
        6.23517154e+02,  6.63680385e+02,  7.03264395e+02,  7.42311813e+02,
        7.80882542e+02,  8.19056738e+02,  8.56937792e+02,  8.94654982e+02,
        9.32365361e+02,  9.70254199e+02,  1.00853313e+03,  1.04743495e+03,
        1.08720400e+03,  1.12808111e+03,  1.17028285e+03,  1.21397563e+03,
        1.25924678e+03,  1.30607650e+03,  1.35431568e+03,  1.40367484e+03,
        1.45372797e+03,  1.50393232e+03,  1.55366158e+03,  1.60224724e+03,
        1.64902159e+03,  1.69335642e+03,  1.73469328e+03,  1.77256330e+03,
        1.80659700e+03,  1.83652530e+03,  1.86217418e+03,  1.88345498e+03,
        1.90035256e+03,  1.91291260e+03,  1.92122928e+03,  1.92543393e+03,
        1.92568501e+03,  1.92215965e+03,  1.91504650e+03,  1.90454012e+03,
        1.89083650e+03,  1.87412959e+03,  1.85460880e+03,  1.83245719e+03,
        1.80785022e+03,  1.78095500e+03,  1.75192993e+03,  1.72092456e+03,
        1.68807969e+03,  1.65352765e+03,  1.61739263e+03,  1.57979116e+03,
        1.54083256e+03,  1.50061947e+03,  1.45924837e+03,  1.41681009e+03,
        1.37339031e+03,  1.32907005e+03,  1.28392613e+03,  1.23803164e+03,
        1.19145628e+03,  1.14426681e+03,  1.09652738e+03,  1.04829982e+03,
        9.99644006e+02,  9.50618040e+02,  9.01278544e+02,  8.51680844e+02,
        8.01879144e+02,  7.51926670e+02,  7.01875784e+02,  6.51778051e+02,
        6.01684283e+02,  5.51644530e+02,  5.01708022e+02,  4.51923063e+02,
        4.02336849e+02,  3.52995207e+02,  3.03942241e+02,  2.55219853e+02,
        2.06867121e+02,  1.58919500e+02,  1.11407813e+02,  6.43569873e+01,
        1.77845051e+01, -2.83014780e+01, -7.39043579e+01, -1.19041653e+02,
       -1.63747869e+02, -2.08077534e+02, -2.52108157e+02, -2.95942724e+02,
       -3.39711100e+02, -3.83569480e+02, -4.27696754e+02, -4.72286444e+02,
       -5.17532906e+02, -5.63610871e+02, -6.10648437e+02, -6.58695320e+02,
       -7.07690424e+02])]"
7,113584.03375678003,48.5,"[array([30645.73744094, 30683.31613779, 30715.3723799 , 30741.57150733,
       30761.81723205, 30776.2098703 , 30785.01426469, 30788.62132456,
       30787.5516216 , 30782.44476474, 30774.09869989, 30763.50336482,
       30751.92179167, 30740.98804132, 30732.79657699, 30729.93148088,
       30735.20635861, 30750.97341269, 30778.17618923, 30815.83082786,
       30861.30577573, 30911.1725532 , 30962.07073145, 31011.21598424,
       31056.56605768, 31096.7720449 , 31131.05081288, 31159.03458767,
       31180.65371388, 31196.03780019, 31205.44040163, 31209.19295081,
       31207.66638436, 31201.25069383, 31190.33808653, 31175.31170133,
       31156.54048439, 31134.37291107, 31109.13678444, 31081.13986191,
       31050.66993453, 31017.99784755, 30983.38072851, 30947.06502493,
       30909.29070638, 30870.29413138, 30830.31278239, 30789.58969164,
       30748.38064829])]","[array([-2406.61418492, -2440.47468854, -2479.58474608, -2522.80853116,
       -2569.08592949, -2617.46601553, -2667.12690365, -2717.38966767,
       -2767.72338913, -2817.75673948, -2867.29296934, -2916.32731005,
       -2965.05586028, -3013.84207592, -3063.07412511, -3112.84410834,
       -3162.43658135, -3209.88841503, -3252.11438365, -3285.75109348,
       -3308.20630733, -3318.26259183, -3316.02274759, -3302.53772452,
       -3279.35170062, -3248.17172642, -3210.66336702, -3168.33630889,
       -3122.50918882, -3074.30035248, -3024.6399393 , -2974.29217953,
       -2923.87726803, -2873.89310368, -2824.73415703, -2776.70839292,
       -2730.0510374 , -2684.93743922, -2641.4925123 , -2599.79778293,
       -2559.89741389, -2521.80088345, -2485.48344711, -2450.88496024,
       -2417.90570679, -2386.40220683, -2356.18012743, -2326.98796044,
       -2298.50930285])]"
8,96925.55252184511,51.5,"[array([25177.97552555, 25151.47046424, 25122.58974047, 25091.49568546,
       25058.34291297, 25023.27871758, 24986.44350592, 24947.97123942,
       24907.98993585, 24866.62220706, 24823.98582665, 24780.19436847,
       24735.35778655, 24689.58287512, 24642.97362121, 24595.63140497,
       24547.65501356, 24499.14043043, 24450.1802984 , 24400.86298074,
       24351.2711629 , 24301.48001296, 24251.55502994, 24201.54989676,
       24151.50497967, 24101.44759802, 24051.39582123, 24001.36821467,
       23951.40233408, 23901.58429083, 23852.08956549, 23803.23075237,
       23755.50147279, 23709.59988688, 23666.41460825, 23626.96426242,
       23592.29801176, 23563.38001109, 23540.98686917, 23525.64063163,
       23517.58556946, 23516.80356904, 23523.05529879, 23535.93313089,
       23554.91480574, 23579.41104032, 23608.80398714, 23642.47607994,
       23679.830197  , 23720.30269719, 23763.37096933, 23808.5568722 ,
       23855.42728867, 23903.59273927, 23952.70476006, 24002.45265933,
       24052.56002837, 24102.78127883, 24152.89836548, 24202.71774246,
       24252.06759648, 24300.79536584, 24348.77200688, 24395.85916784,
       24441.96195946, 24486.98649969, 24530.84994274, 24573.48033736,
       24614.81397962, 24654.7999902 , 24693.39781935, 24730.54971569,
       24766.24876384, 24800.47399556, 24833.22089811, 24864.49124645,
       24894.30323723, 24922.68503041, 24949.66110175, 24975.30734149,
       24999.69245231, 25022.91479245, 25045.08845202, 25066.35209539,
       25086.86830974, 25106.82661875, 25126.43880079, 25145.94453683,
       25165.60822891, 25185.70832369, 25206.5355768 , 25228.38041601,
       25251.5238067 , 25276.21414084, 25302.6751222 ])]","[array([-3209.25715136, -3251.87804728, -3292.91707095, -3332.29690108,
       -3369.95174163, -3405.82568055, -3439.87130158, -3472.0484973 ,
       -3502.32352954, -3530.66833319, -3557.06009346, -3581.48123395,
       -3603.91973087, -3624.36970911, -3642.83242526, -3659.31768498,
       -3673.84581015, -3686.45034366, -3697.18157085, -3706.11097746,
       -3713.33673391, -3718.99034896, -3723.24464733, -3726.32312342,
       -3728.51057762, -3730.16462222, -3731.72712498, -3733.73391635,
       -3736.81984727, -3741.71466765, -3749.2236771 , -3760.18646489,
       -3775.40948206, -3795.57536197, -3821.14260898, -3852.25923137,
       -3888.71584495, -3929.95376294, -3975.12603141, -4023.19345393,
       -4073.0309077 , -4123.52264731, -4173.63414929, -4222.45717194,
       -4269.23098902, -4313.34560672, -4354.33314762, -4391.85260148,
       -4425.67175592, -4455.64877957, -4481.71486913, -4503.85877794,
       -4522.11351642, -4536.54526116, -4547.24445129, -4554.31873696,
       -4557.88754287, -4558.07795644, -4555.02151946, -4548.85185369,
       -4539.70288501, -4527.70756536, -4513.01628172, -4495.70341266,
       -4475.93516426, -4453.83451412, -4429.52179988, -4403.11560637,
       -4374.73041869, -4344.4826712 , -4312.4880588 , -4278.82962224,
       -4243.63920529, -4207.01765137, -4169.07228566, -4129.90490285,
       -4089.6198758 , -4048.31821172, -4006.08829104, -3963.04169101,
       -3919.27188997, -3874.87811385, -3829.95528411, -3784.5987132 ,
       -3738.90335174, -3692.96571669, -3646.8832409 , -3600.75932444,
       -3554.70564403, -3508.84297254, -3463.30687998, -3418.24953364,
       -3373.84266552, -3330.27242072, -3287.74766968])]"
9,82312.33792816289,57.5,"[array([21093.6186968 , 21049.70945014, 21001.930796  , 20952.01048922,
       20901.29207172, 20850.78701316, 20801.23534132, 20753.16226644,
       20706.92635215, 20662.75848332, 20620.79236664, 20581.08774071,
       20543.64745247, 20508.42935418, 20475.3537145 , 20444.30657495,
       20415.13924949, 20387.66399049, 20361.64577855, 20336.79032539,
       20312.72885318, 20289.00125169, 20265.04109019, 20240.16889925,
       20213.60399563, 20184.50863857, 20152.07808812, 20115.68048215,
       20075.0269795 , 20030.32208392, 19982.32951019, 19932.31224907,
       19881.85927397, 19832.65911202, 19786.29125325, 19744.08181367,
       19707.03465574, 19675.82435854, 19650.82846965, 19632.17842351,
       19619.81470053, 19613.53798201, 19613.05260159, 19618.00138533,
       19627.99243819, 19642.61905608, 19661.47409239, 19684.16002292,
       19710.29577322, 19739.52116994, 19771.49968603, 19805.91998442,
       19842.49662598, 19880.97019628, 19921.10701712, 19962.69854041,
       20005.56047032, 20049.53162253, 20094.47250384, 20140.26357917,
       20186.80318524, 20234.00504971, 20281.79538382, 20330.10953812,
       20378.88825017, 20428.07357125, 20477.60463643, 20527.41352883,
       20577.42156889, 20627.53641007, 20677.65032029, 20727.63995735,
       20777.36780444, 20826.68523691, 20875.4369763 , 20923.46649718,
       20970.62182502, 21016.76112437, 21061.75752947, 21105.50279643,
       21147.90952724, 21188.91189652])]","[array([-2220.44640521, -2246.41674947, -2264.09857074, -2273.8390674 ,
       -2276.21399473, -2271.90247635, -2261.60931225, -2246.01971085,
       -2225.77500681, -2201.46149708, -2173.60724534, -2142.68357912,
       -2109.10924325, -2073.25597572, -2035.45479068, -1996.00259477,
       -1955.16900336, -1913.20342465, -1870.34270123, -1826.81990899,
       -1782.87538715, -1738.77175515, -1694.81547261, -1651.38797056,
       -1608.98839906, -1568.28569598, -1530.16817239, -1495.76537664,
       -1466.40828358, -1443.50458965, -1428.34226324, -1421.87789504,
       -1424.58281156, -1436.39390812, -1456.76814608, -1484.80345345,
       -1519.3801832 , -1559.28913703, -1603.32973   , -1650.37556859,
       -1699.41208823, -1749.55334682, -1800.04479166, -1850.25745806,
       -1899.67753004, -1947.8938824 , -1994.5852307 , -2039.50781691,
       -2082.48409162, -2123.3925546 , -2162.15873253, -2198.74716737,
       -2233.15423649, -2265.40160901, -2295.53015221, -2323.59413198,
       -2349.655597  , -2373.7788955 , -2396.02534101, -2416.44811409,
       -2435.08755415, -2451.96705081, -2467.08978068, -2480.43654611,
       -2491.96495376, -2501.6101199 , -2509.28700746, -2514.89438924,
       -2518.32029769, -2519.4486745 , -2518.16678858, -2514.37287054,
       -2507.98334027, -2498.93900468, -2487.20968532, -2472.79689638,
       -2455.73440786, -2436.0867603 , -2413.94600646, -2389.42710875,
       -2362.66250151, -2333.79633306])]"
10,114132.0588754337,66.0,"[array([30106.69127425, 30138.15461027, 30162.90425769, 30180.90361693,
       30192.33241977, 30197.4793529 , 30196.73491737, 30190.51830193,
       30179.26226362, 30163.40305471, 30143.34765747, 30119.49585452,
       30092.21270371, 30061.8457693 , 30028.71526831, 29993.12105264,
       29955.33793118, 29915.62180603, 29874.20902025, 29831.31937032,
       29787.15935434, 29741.9230755 , 29695.79434397, 29648.94726013,
       29601.54889115, 29553.7602884 , 29505.74411508, 29457.67129357,
       29409.74465302, 29362.22745509, 29315.49942511, 29270.11935479,
       29226.8926881 , 29186.90550271, 29151.48531107, 29122.06937527,
       29100.00158825, 29086.32084732, 29081.61463941, 29085.97422927,
       29099.04107963, 29120.11189098, 29148.26056857, 29182.44822381,
       29221.61030442, 29264.71758627, 29310.81379262, 29359.03542239,
       29408.61866834, 29458.89810877, 29509.30083443, 29559.33843372,
       29608.59842442, 29656.73585271, 29703.46540847, 29748.55420017,
       29791.8152732 , 29833.10190653, 29872.30269838, 29909.35312305,
       29944.15622308, 29976.71831346, 30007.03788149, 30035.13708657,
       30061.06469757, 30084.89015849, 30106.73012499, 30126.7028157 ,
       30144.97888056, 30161.79772751, 30177.43086259, 30192.22280369,
       30206.58758782, 30221.03173047, 30236.14174088, 30252.59545206,
       30271.15440094, 30292.58097747, 30317.58496942, 30346.73430417,
       30380.33043609, 30418.33811914, 30460.34600243, 30505.61542503,
       30553.23380898, 30602.26270494, 30651.90271049, 30701.59375288,
       30750.8375549 , 30798.57014918, 30842.16926932, 30877.10808222,
       30898.48974107, 30903.54799543, 30892.59371941, 30868.06214011,
       30833.18891826, 30791.10418804, 30744.43331382, 30695.20808485,
       30644.88052786, 30594.38148695, 30544.17696798, 30494.32282295,
       30444.61183699, 30394.9280581 , 30345.89830154, 30299.52933573,
       30259.00446814, 30227.46390953])]","[array([-1777.22383893, -1817.4371674 , -1862.02081626, -1909.64979409,
       -1959.18788038, -2009.68971447, -2060.37564379, -2110.61768572,
       -2159.91358524, -2207.87001276, -2254.17586281, -2298.59702517,
       -2340.95215664, -2381.11201301, -2418.98463481, -2454.51457985,
       -2487.67180742, -2518.45310937, -2546.87724672, -2572.98608336,
       -2596.8487941 , -2618.56538465, -2638.27512502, -2656.16469386,
       -2672.48469419, -2687.56158434, -2701.82608777, -2715.82163079,
       -2730.23551871, -2745.88782095, -2763.72811565, -2784.77069885,
       -2809.99202979, -2840.17384904, -2875.71774711, -2916.49561471,
       -2961.79679371, -3010.4024904 , -3060.76384001, -3111.2187982 ,
       -3160.18473045, -3206.29058816, -3248.44230709, -3285.83563419,
       -3317.93466135, -3344.43273993, -3365.20801345, -3380.28028496,
       -3389.77348786, -3393.88522271, -3392.86295531, -3386.98629783,
       -3376.5538415 , -3361.87324016, -3343.25392534, -3321.00172573,
       -3295.41501476, -3266.78206686, -3235.37933834, -3201.48661429,
       -3165.30801672, -3127.11720153, -3087.13764795, -3045.58068956,
       -3002.64697982, -2958.52350072, -2913.39417083, -2867.41834123,
       -2820.75209503, -2773.55205251, -2725.95685351, -2678.10488841,
       -2630.13454799, -2582.19941395, -2534.48005858, -2487.21470381,
       -2440.73777055, -2395.50391307, -2352.12515166, -2311.37939836,
       -2274.15818711, -2241.37913807, -2213.8233226 , -2191.9473774 ,
       -2175.76720488, -2164.66990309, -2157.24197652, -2151.23781835,
       -2143.4566871 , -2129.7487483 , -2106.04584096, -2070.46540179,
       -2024.91760345, -1974.40863484, -1924.55179569, -1879.65239467,
       -1842.22036712, -1813.27075356, -1792.80406467, -1780.17063724,
       -1774.31257718, -1773.88476776, -1777.22179068, -1782.25129905,
       -1786.41089558, -1786.53496565, -1779.10414134, -1761.2478013 ,
       -1732.02531416, -1692.86719311])]"
11,80697.97241068001,67.5,"[array([19953.45743493, 19921.02201367, 19884.99899193, 19845.96455629,
       19804.42640523, 19760.8287806 , 19715.55809644, 19668.94859419,
       19621.28768623, 19572.82078496, 19523.75549027, 19474.26505576,
       19424.49110765, 19374.54569662, 19324.51299343, 19274.45139109,
       19224.39756235, 19174.37520416, 19124.41264865, 19074.57464714,
       19025.01309276, 18976.03710092, 18928.19270959, 18882.32731282,
       18839.60129822, 18801.41329351, 18769.23537957, 18744.39909596,
       18727.90118487, 18720.28756196, 18721.63472741, 18731.60943366,
       18749.57004158, 18774.67602095, 18805.98445321, 18842.52463843,
       18883.35013816, 18927.5716471 , 18974.37506546, 19023.02962892,
       19072.88852236, 19123.38619077, 19174.03269812, 19224.40724619,
       19274.15138974, 19322.96256111, 19370.58798014, 19416.81938578,
       19461.48850879, 19504.46328423, 19545.6451805 , 19584.96698544,
       19622.39182743, 19657.91281395, 19691.55368218, 19723.37041449,
       19753.45351591, 19781.93140165, 19808.97426906, 19834.79856922,
       19859.67148334, 19883.91461048, 19907.90598988, 19932.07869683,
       19956.91422389, 19982.92824373, 20010.64681761, 20040.57186767])]","[array([ -157.28726081,  -196.33222449,  -231.97555874,  -264.17666901,
        -292.96098672,  -318.40355504,  -340.61691625,  -359.74251571,
        -375.94507901,  -389.40964138,  -400.34111005,  -408.96642059,
        -415.539497  ,  -420.34931925,  -423.73139724,  -426.08276987,
        -427.88017539,  -429.70008624,  -432.23762617,  -436.31872816,
        -442.89622514,  -453.01677051,  -467.74427912,  -488.03203404,
        -514.55457362,  -547.53863858,  -586.65239116,  -631.0023524 ,
        -679.2458286 ,  -729.77908078,  -780.93950709,  -831.17127655,
        -879.13154435,  -923.73887297,  -964.17819713,  -999.87911667,
       -1030.48129794, -1055.79621433, -1075.77094788, -1090.45549098,
       -1099.97716596, -1104.51773905, -1104.29708211, -1099.55988677,
       -1090.56558973, -1077.58150512, -1060.87678681, -1040.71912815,
       -1017.37199782,  -991.092833  ,  -962.13239447,  -930.73384953,
        -897.13293965,  -861.55793756,  -824.23001827,  -785.363799  ,
        -745.16783368,  -703.84558287,  -661.59653521,  -618.61806332,
        -575.10823697,  -531.27009727,  -487.31813799,  -443.48745043,
        -400.04594793,  -357.30914735,  -315.65586001,  -275.54125169])]"
12,93324.96943955336,71.5,"[array([22360.96490967, 22408.071124  , 22456.85146165, 22506.67409887,
       22556.97670944, 22607.27305478, 22657.15685845, 22706.30510644,
       22754.4828155 , 22801.55112597, 22847.4801091 , 22892.36653077,
       22936.45421263, 22980.14959306, 23024.01655931, 23068.7229466 ,
       23114.90296228, 23162.91131487, 23212.50300069, 23262.57906996,
       23311.19390103, 23355.90221005, 23394.2987519 , 23424.48950816,
       23445.32526814, 23456.39807216, 23457.89738859, 23450.42446603,
       23434.8239182 , 23412.05475862, 23383.10188257, 23348.9205215 ,
       23310.40464   , 23268.37148092, 23223.55638185, 23176.61373967,
       23128.12135181, 23078.58632341, 23028.45137861, 22978.10083427,
       22927.86575281, 22878.02793636, 22828.82248856, 22780.43868015,
       22733.01883848, 22686.65497297, 22641.38290398, 22597.17386058,
       22553.92397649, 22511.44300873, 22469.44512   , 22427.54681929,
       22385.27995027, 22342.12998495, 22297.6094422 ])]","[array([-2409.00075364, -2426.96012911, -2439.63787674, -2447.14205786,
       -2449.66242475, -2447.45436183, -2440.82681343, -2430.13495775,
       -2415.77819312, -2398.2039925 , -2377.91836326, -2355.50408448,
       -2331.64850638, -2307.18338472, -2283.13861585, -2260.8059972 ,
       -2241.79309023, -2228.01486988, -2221.53849055, -2224.22940146,
       -2237.28161272, -2260.85175037, -2293.99633446, -2334.92515364,
       -2381.41005532, -2431.16662994, -2482.11301097, -2532.49837264,
       -2580.93608416, -2626.38178424, -2668.08656654, -2705.54358464,
       -2738.43750418, -2766.60076953, -2789.97770186, -2808.59603687,
       -2822.54495251, -2831.95850819, -2837.00348874, -2837.87079589,
       -2834.76970017, -2827.92443549, -2817.57277608, -2803.96637215,
       -2787.37274221, -2768.0789275 , -2746.39691623, -2722.67106783,
       -2697.28792585, -2670.68901028, -2643.38735679, -2615.98846557,
       -2589.21533149, -2563.93431281, -2541.17277937])]"
13,65880.92643080813,73.0,"[array([16075.11835766, 16036.37420508, 15995.09855423, 15951.70563636,
       15906.56630317, 15860.01063804, 15812.33086271, 15763.78416494,
       15714.59514121, 15664.95757137, 15615.03526079, 15564.96173987,
       15514.83877371, 15464.73402467, 15414.67899529, 15364.6697602 ,
       15314.67509332, 15264.65913818, 15214.62751779, 15164.70382655,
       15115.2333678 , 15066.89009833, 15020.73792964, 14978.19085944,
       14940.84979417, 14910.25673451, 14887.65292147, 14873.82027338,
       14869.03662486, 14873.12574666, 14885.5600945 , 14905.57693855,
       14932.28282668, 14964.73554191, 15002.00214352, 15043.1963402 ,
       15087.49993074, 15134.17287831, 15182.55578066, 15232.0675759 ,
       15282.2004978 , 15332.51365105, 15382.62609931, 15432.21003881,
       15480.98442045, 15528.70925244, 15575.18074502, 15620.22740033,
       15663.70711767, 15705.50540538, 15745.53476923, 15783.73546732,
       15820.07786671, 15854.5667152 , 15887.24777563, 15918.21710702,
       15947.63342241, 15975.73340069, 16002.84920768, 16029.42642774,
       16056.03791168, 16083.38629034, 16112.28363059, 16143.59334163,
       16178.1219644 ])]","[array([ 212.31499527,  180.21739   ,  151.49011155,  126.11747882,
        104.04634638,   85.19365381,   69.45160563,   56.69056068,
         46.75958089,   39.48446746,   34.66299435,   32.05694867,
         31.38053976,   32.28477015,   34.33757888,   37.00014499,
         39.60100314,   41.31213045,   41.13559039,   37.91579372,
         30.3986539 ,   17.35768877,   -2.21274917,  -28.87740585,
        -62.59050812, -102.65038402, -147.79972212, -196.42813883,
       -246.80184891, -297.25722801, -346.32872887, -392.81143009,
       -435.77388124, -474.53996206, -508.65519817, -537.84802349,
       -561.99212428, -581.07291371, -595.15925967, -604.38050206,
       -608.90827595, -608.9424459 , -604.7004485 , -596.40941655,
       -584.30053725, -568.60520667, -549.5526257 , -527.36850557,
       -502.27461686, -474.48900771, -444.22669343, -411.70079102,
       -377.12404244, -340.71071839, -302.67899449, -263.25380869,
       -222.67060358, -181.18044341, -139.05763322,  -96.61190494,
        -54.20782374,  -12.29484642,   28.55017565,   67.57200382,
        103.79256097])]"
14,70697.94932897837,79.5,"[array([17277.45421633, 17266.52237128, 17253.11909307, 17237.47571087,
       17219.81051747, 17200.32816072, 17179.21918634, 17156.65966096,
       17132.8193486 , 17107.81946007, 17081.81037164, 17054.90630051,
       17027.20808853, 16998.80125468, 16969.74523094, 16940.10487997,
       16909.92194573, 16879.22701023, 16848.03655947, 16816.37177269,
       16784.24108659, 16751.65771623, 16718.63235306, 16685.18420471,
       16651.34877212, 16617.17159555, 16582.72164618, 16548.08885486,
       16513.39518683, 16478.79798559, 16444.49262847, 16410.72371015,
       16377.79130847, 16346.05431299, 16315.93379189, 16287.92218014,
       16262.58167519, 16240.51346562, 16222.33779794, 16208.66290368,
       16200.04175351, 16196.93752924, 16199.64415026, 16208.3010838 ,
       16222.86804201, 16243.14200387, 16268.79650242, 16299.37105017,
       16334.33162943, 16373.10313555, 16415.09774014, 16459.73273475,
       16506.44431016, 16554.71124303, 16604.0516715 , 16654.03569076,
       16704.27606551, 16754.43326996, 16804.21081756, 16853.35350257,
       16901.63959234, 16948.88061002, 16994.91743728, 17039.61414153,
       17082.85984287, 17124.56274729, 17164.64625571, 17203.04858324,
       17239.71785577, 17274.60674534, 17307.67684204, 17338.89282473,
       17368.22782079, 17395.66111935, 17421.17841299, 17444.77146876,
       17466.43630633, 17486.17323196, 17503.98576476, 17519.88067826,
       17533.86781479, 17545.96019019, 17556.17417781, 17564.52972755,
       17571.05068996, 17575.76518193, 17578.70606124, 17579.91150789,
       17579.42576047, 17577.30004361, 17573.59373762, 17568.37585068,
       17561.72684621, 17553.74094427, 17544.52879667, 17534.21374663,
       17522.97192918, 17510.96722891, 17498.42865479, 17485.60391613,
       17472.80091586, 17460.37198993, 17448.73658913, 17438.3754849 ,
       17429.81450697, 17423.6652813 , 17420.52663877, 17421.07641785,
       17425.8980801 ])]","[array([-2.60026440e+02, -2.11041233e+02, -1.62692679e+02, -1.15038512e+02,
       -6.81110819e+01, -2.19215917e+01,  2.35359983e+01,  6.82813240e+01,
        1.12348914e+02,  1.55761659e+02,  1.98570764e+02,  2.40817577e+02,
        2.82543531e+02,  3.23786726e+02,  3.64572335e+02,  4.04932850e+02,
        4.44887509e+02,  4.84448835e+02,  5.23619647e+02,  5.62407128e+02,
        6.00808905e+02,  6.38826755e+02,  6.76460764e+02,  7.13718937e+02,
        7.50625048e+02,  7.87214075e+02,  8.23545301e+02,  8.59700932e+02,
        8.95796529e+02,  9.31982851e+02,  9.68444334e+02,  1.00540209e+03,
        1.04310728e+03,  1.08182620e+03,  1.12182068e+03,  1.16332845e+03,
        1.20653241e+03,  1.25151453e+03,  1.29822853e+03,  1.34647977e+03,
        1.39591443e+03,  1.44603041e+03,  1.49619960e+03,  1.54571850e+03,
        1.59385635e+03,  1.63990271e+03,  1.68319805e+03,  1.72317972e+03,
        1.75939150e+03,  1.79148622e+03,  1.81921970e+03,  1.84244708e+03,
        1.86112004e+03,  1.87525206e+03,  1.88492640e+03,  1.89025018e+03,
        1.89138212e+03,  1.88849809e+03,  1.88179064e+03,  1.87146607e+03,
        1.85771992e+03,  1.84075686e+03,  1.82077907e+03,  1.79797938e+03,
        1.77255087e+03,  1.74467752e+03,  1.71453301e+03,  1.68228357e+03,
        1.64808434e+03,  1.61207728e+03,  1.57439863e+03,  1.53517501e+03,
        1.49452973e+03,  1.45258121e+03,  1.40944375e+03,  1.36522755e+03,
        1.32003799e+03,  1.27397619e+03,  1.22713879e+03,  1.17961838e+03,
        1.13150373e+03,  1.08287999e+03,  1.03382888e+03,  9.84428748e+02,
        9.34754601e+02,  8.84877986e+02,  8.34866841e+02,  7.84785213e+02,
        7.34692880e+02,  6.84644823e+02,  6.34690551e+02,  5.84873225e+02,
        5.35228564e+02,  4.85783487e+02,  4.36554538e+02,  3.87547591e+02,
        3.38747948e+02,  2.90133702e+02,  2.41658122e+02,  1.93261357e+02,
        1.44862828e+02,  9.63705129e+01,  4.76844419e+01, -1.28785723e+00,
       -5.06085195e+01, -1.00293674e+02, -1.50270424e+02, -2.00360252e+02,
       -2.50244892e+02])]"
15,46018.50988854551,85.5,"[array([10235.45584588, 10264.03739651, 10285.08892023, 10298.49783182,
       10304.52409902, 10303.71697521, 10296.8446132 , 10284.84865791,
       10268.82962578, 10250.06780464, 10230.08503418, 10210.74788788,
       10194.39190427, 10183.85606011, 10182.16736271, 10191.73227923,
       10213.41103708, 10246.15666133, 10287.48769188, 10334.39459549,
       10384.13462036, 10434.69316343, 10484.96730858, 10534.72598429,
       10584.25692075, 10633.32585345, 10679.33004929, 10716.80208366,
       10740.09838998, 10746.64543119, 10737.33864217, 10714.94448863,
       10682.64942182, 10643.32148369, 10599.27703922, 10552.27717494,
       10503.59776992, 10454.11413865, 10404.3869531 , 10354.7777679 ,
       10305.66626356, 10257.87631995, 10213.31242383, 10175.32611664,
       10148.03432032, 10134.70798904, 10136.50901535, 10152.46786503,
       10180.29571571, 10217.24486944, 10260.66483452, 10308.25812901,
       10358.15004763, 10408.86734298, 10459.28195465, 10508.54760142,
       10556.04106232, 10601.312181  , 10644.04309885, 10684.01583677,
       10721.08692987, 10755.16781726, 10786.20984411, 10814.19292314,
       10839.11708538, 10860.99630467, 10879.85410626, 10895.72056882,
       10908.63040567, 10918.62186995, 10925.73627435, 10930.0179519 ,
       10931.51451419, 10930.27728922, 10926.36184432, 10919.82852255,
       10910.74294296, 10899.1764374 , 10885.20641836, 10868.91669308,
       10850.39775855, 10829.74712859, 10807.06975787, 10782.47863832,
       10756.09565041, 10728.05275766, 10698.49363952, 10667.5758705 ,
       10635.4737779 , 10602.38215529, 10568.52107652, 10534.1421377 ,
       10499.53651306, 10465.04514935, 10431.07106717, 10398.09284122,
       10366.67668673])]","[array([1008.76273146, 1050.46212172, 1096.44874975, 1145.21223755,
       1195.4023397 , 1245.90685664, 1295.89360572, 1344.83418295,
       1392.52281641, 1439.09454409, 1485.03005219, 1531.10369332,
       1578.19309347, 1626.84800048, 1676.64089916, 1725.70626983,
       1771.02887608, 1809.4604372 , 1838.76917256, 1858.12974906,
       1868.05862999, 1870.13334111, 1866.79257496, 1861.30006495,
       1857.95068825, 1862.32069498, 1879.82205983, 1912.43073894,
       1957.04163165, 2007.45267783, 2057.68659795, 2103.67270274,
       2143.26482369, 2175.70158839, 2201.09175383, 2220.07467838,
       2233.63861981, 2243.06109694, 2249.94098801, 2256.2985966 ,
       2264.68745401, 2278.19566998, 2300.00089369, 2332.13908891,
       2374.13416642, 2422.81098205, 2473.56134011, 2521.97283181,
       2564.77500926, 2600.00317732, 2626.75878049, 2644.88006573,
       2654.66113359, 2656.64998234, 2651.51565412, 2639.96563637,
       2622.6971404 , 2600.37019563, 2573.5944333 , 2542.92424489,
       2508.85891957, 2471.84560835, 2432.28376748, 2390.53024169,
       2346.90447211, 2301.69351771, 2255.15670736, 2207.52982122,
       2159.02875075, 2109.85262015, 2060.18637349, 2010.20284694,
       1960.06435656, 1909.92384006, 1859.9255966 , 1810.2056713 ,
       1760.89193088, 1712.10387229, 1663.95219675, 1616.53816763,
       1569.95275061, 1524.27551013, 1479.5732078 , 1435.89801834,
       1393.28525057, 1351.75044037, 1311.28567831, 1271.85506007,
       1233.38922137, 1195.77906792, 1158.86906689, 1122.45086698,
       1086.25858583, 1049.96783868, 1013.20138212,  975.54484502,
        936.57589443])]"
16,84192.57458997976,88.0,"[array([21906.16271386, 21900.8015441 , 21889.01760318, 21872.0688196 ,
       21851.16572504, 21827.4714337 , 21802.1018385 , 21776.18699093,
       21750.88146964, 21727.39177415, 21706.93242116, 21690.6445494 ,
       21679.41173301, 21673.70941372, 21673.52827578, 21678.38362095,
       21687.44153416, 21699.64871518, 21713.8726871 , 21728.99427785,
       21743.97386027, 21757.90030057, 21770.02366117, 21779.77762809,
       21786.78815892, 21790.86171938, 21791.96219306, 21790.16814479,
       21785.63930696, 21778.5875053 , 21769.24362289, 21757.84350741,
       21744.61650685, 21729.78141008, 21713.55155359, 21696.13518451,
       21677.74746482, 21658.61734254, 21638.99444062, 21619.15916998,
       21599.43100177, 21580.17646685, 21561.8184041 , 21544.84164045,
       21529.79219992, 21517.27046979, 21507.91670723, 21502.38044905,
       21501.282649  , 21505.12543339, 21514.43179065, 21529.36729626,
       21549.97798006, 21576.11332721, 21607.4008462 , 21643.33757969,
       21683.29848921, 21726.66108055, 21772.70600549, 21820.73487018,
       21870.09800984, 21920.20354939, 21970.51813903, 22020.57492317,
       22069.97251466, 22118.3812138 , 22165.50985145, 22211.13961643,
       22255.09222076, 22297.22424549, 22337.43317538, 22375.63687239,
       22411.78766192, 22445.86427003, 22477.8201804 , 22507.67166415,
       22535.41534728, 22561.06487267, 22584.63816491, 22606.15878804,
       22625.64969733, 22643.1460887 , 22658.65436084, 22672.21856917,
       22683.86504275, 22693.63048338, 22701.53957125, 22707.62594319,
       22711.91373868, 22714.43277955, 22715.2090181 , 22714.27259173,
       22711.65257223, 22707.37311901, 22701.46462481, 22693.9490787 ,
       22684.85339756, 22674.20356358, 22662.02841778, 22648.35494053,
       22633.21438771, 22616.63869024, 22598.66204822, 22579.32359732,
       22558.66616395, 22536.73763818, 22513.59390472, 22489.2973745 ,
       22463.92391468, 22437.55846439, 22410.30412391, 22382.27942712,
       22353.6246539 , 22324.50501215, 22295.11408101, 22265.68155426,
       22236.47649956, 22207.82381058, 22180.07846423, 22153.6797684 ,
       22129.12036246, 22106.95654168, 22087.7761698 , 22072.24469642,
       22060.90250237, 22054.31893308, 22052.94105861])]","[array([-2231.46482559, -2180.85253201, -2131.49575656, -2083.82329961,
       -2037.90534094, -1993.51749676, -1950.21153164, -1907.36073771,
       -1864.25185103, -1820.19323384, -1774.66693049, -1727.45939412,
       -1678.73891424, -1628.99280639, -1578.85761151, -1528.91926228,
       -1479.56263362, -1430.90947917, -1382.84504461, -1335.0976267 ,
       -1287.34031976, -1239.28548581, -1190.74828313, -1141.67078816,
       -1092.11012062, -1042.20323567,  -992.12551663,  -942.05497991,
        -892.14921983,  -842.53309683,  -793.29658401,  -744.49701229,
        -696.16405763,  -648.30465916,  -600.90511061,  -553.93397953,
        -507.34022144,  -461.05219047,  -414.97683039,  -368.99831523,
        -322.97914272,  -276.76430923,  -230.18904713,  -183.09318637,
        -135.34338897,   -86.86150463,   -37.6566604 ,    12.14212984,
          62.26158545,   112.27943953,   161.60985297,   209.57211634,
         255.41922404,   298.391119  ,   337.80142427,   373.04695264,
         403.67734623,   429.27565861,   449.65797104,   464.7624537 ,
         474.63127922,   479.35869479,   479.13840527,   474.19278083,
         464.78872945,   451.23393342,   433.7838469 ,   412.75751921,
         388.44760599,   361.12662595,   331.06646414,   298.51272985,
         263.70841983,   226.88230813,   188.21271952,   147.90538135,
         106.1276354 ,    63.0391999 ,    18.78709048,   -26.49355775,
         -72.67926638,  -119.65309699,  -167.3164024 ,  -215.56587097,
        -264.3106493 ,  -313.46444981,  -362.9484564 ,  -412.68764758,
        -462.61217463,  -512.65559646,  -562.75485501,  -612.85006245,
        -662.88429569,  -712.80287816,  -762.55402128,  -812.08698055,
        -861.35350835,  -910.3068195 ,  -958.90256954, -1007.09749584,
       -1054.85122   , -1102.12530698, -1148.88395768, -1195.09531167,
       -1240.73152792, -1285.76987253, -1330.19496927, -1373.99895473,
       -1417.18657321, -1459.77399659, -1501.79593236, -1543.30544735,
       -1584.37947316, -1625.12174983, -1665.66493324, -1706.17398806,
       -1746.84366248, -1787.90133558, -1829.57611183, -1872.11783376,
       -1915.75219893, -1960.65987434, -2006.93632678, -2054.58058101,
       -2103.4192971 , -2153.1517786 , -2203.3318666 ])]"
17,111665.46672162312,88.5,"[array([30965.60267498, 31003.25421646, 31036.85418527, 31066.38131694,
       31091.89069727, 31113.50922414, 31131.39468316, 31145.73143627,
       31156.71866021, 31164.56562721, 31169.48923955, 31171.71824469,
       31171.49443628, 31169.07498849, 31164.75699183, 31158.87846439,
       31151.84837007, 31144.16681976, 31136.45800548, 31129.50222851,
       31124.26255867, 31121.8970642 , 31123.72932155, 31131.13571485,
       31145.36403075, 31167.26740353, 31197.0639337 , 31234.21692534,
       31277.49565336, 31325.18985569, 31375.39515332, 31426.25161539,
       31476.11672868, 31523.65073148, 31567.83884964, 31607.97042172,
       31643.60147015, 31674.5095184 , 31700.65879127, 31722.15815017,
       31739.25120607, 31752.27466308, 31761.70883004, 31768.10392266,
       31772.19133363, 31774.85082532, 31777.18046409, 31780.50606515,
       31786.39124351, 31796.55472201, 31812.69351538, 31836.10257825,
       31867.36418508, 31906.00390716, 31950.67473349, 31999.39688115,
       32050.03025741, 32100.64493016, 32149.74285808, 32196.33876268,
       32239.97265974, 32280.65886323, 32318.90434449, 32355.6141913 ,
       32392.13097016, 32430.03211201, 32470.88491182, 32515.67164737,
       32564.09065742, 32614.25750351, 32663.14116813, 32707.51559067,
       32744.8025038 , 32773.44625893, 32792.83926776, 32803.09956299,
       32804.77763456, 32798.66424944, 32785.62101597, 32766.56360278,
       32742.23392242, 32713.39683682, 32680.74082567, 32644.8418802 ,
       32606.2091446 , 32565.27492162, 32522.41135214, 32477.93863656,
       32432.12746533, 32385.21939056, 32337.4134752 , 32288.88240275,
       32239.78627083, 32190.26231131, 32140.43135885, 32090.40198086,
       32040.27133001, 31990.12630023, 31940.04328412, 31890.08684957,
       31840.30939171, 31790.74640232, 31741.41432893, 31692.30712653,
       31643.38712416, 31594.58407236, 31545.79551801, 31496.89256058,
       31447.74228952, 31398.24154753, 31348.37790562, 31298.30295619,
       31248.41140424, 31199.39243108, 31152.24150778, 31108.1691679 ,
       31068.46589258])]","[array([1415.80890085, 1381.92675984, 1344.12042083, 1303.13388946,
       1259.59920552, 1214.06284713, 1166.98158235, 1118.74090324,
       1069.66290459, 1020.01542295,  970.01927406,  919.85396676,
        869.66079373,  819.54546603,  769.57754686,  719.78889621,
        670.17047504,  620.6706707 ,  571.198096  ,  521.6366721 ,
        471.88354045,  421.92051862,  371.92536564,  322.40801255,
        274.32356105,  229.08756643,  188.43884375,  154.16752405,
        127.80384683,  110.37968018,  102.35401782,  103.63944542,
        113.71480082,  131.776576  ,  156.85887479,  187.94108353,
        224.01592599,  264.13630744,  307.43824079,  353.1599316 ,
        400.64113054,  449.3323781 ,  498.78195882,  548.65094436,
        598.69325706,  648.75899104,  698.76542585,  748.64237229,
        798.22358541,  847.08326007,  894.3422145 ,  938.5744098 ,
        977.86589914, 1010.24135207, 1034.00004909, 1048.16747066,
       1052.56289209, 1047.70084912, 1034.58444525, 1014.47709893,
        988.76441969,  958.82793804,  926.07145777,  891.86765209,
        857.74216889,  825.44130196,  797.17946802,  775.67150874,
        763.76851453,  763.74250472,  776.45740528,  801.1805008 ,
        835.95428731,  878.2433027 ,  925.50887329,  975.5184651 ,
       1026.47250465, 1077.00329739, 1126.107472  , 1173.11746059,
       1217.53678521, 1259.08281545, 1297.61081866, 1333.05699193,
       1365.42436005, 1394.75435147, 1421.1151223 , 1444.59430275,
       1465.27569536, 1483.26995049, 1498.66164002, 1511.5243003 ,
       1521.95837641, 1530.05123077, 1535.881928  , 1539.52908601,
       1541.07155409, 1540.59478781, 1538.19228576, 1533.97315683,
       1528.0574142 , 1520.59919632, 1511.78264802, 1501.83044116,
       1491.03882499, 1479.77610178, 1468.49959393, 1457.78055089,
       1448.30484318, 1440.90138522, 1436.50031792, 1436.15298256,
       1440.87153118, 1451.56102798, 1468.91898144, 1493.22470135,
       1524.29582101])]"
18,52557.91287456993,89.5,"[array([12433.61289405, 12467.27368333, 12497.9616056 , 12525.64784633,
       12550.33340782, 12572.0441335 , 12590.82696748, 12606.74747189,
       12619.88865225, 12630.35118596, 12638.25520574, 12643.74385416,
       12646.9888896 , 12648.19867495, 12647.62889859, 12645.59632327,
       12642.49566529, 12638.81924271, 12635.17806278, 12632.32116198,
       12631.14680328, 12632.69449604, 12638.10216351, 12648.51268408,
       12664.92581541, 12688.01819683, 12717.98368221, 12754.45421078,
       12796.53414008, 12842.91394233, 12892.14959348, 12942.64830727,
       12992.9866346 , 13041.92998855, 13088.42576824, 13131.70200657,
       13171.19261494, 13206.45773581, 13237.24260343, 13263.45206953,
       13285.03306984, 13301.99460604, 13314.44996695, 13322.53353916,
       13326.37588427, 13326.1496984 , 13322.05071853, 13314.26510789,
       13302.96876715, 13288.35376853, 13270.61631697, 13249.93510692,
       13226.48477734, 13200.44678105, 13171.99721577, 13141.30890083,
       13108.55435813, 13073.90442101, 13037.53265213, 12999.61653708,
       12960.3400027 , 12919.89641841, 12878.49197859, 12836.35094732,
       12793.72323294, 12750.89660406, 12708.21592759, 12666.11231408,
       12625.14313308, 12586.03848531, 12549.73954378])]","[array([ 1.19069301e+03,  1.15331898e+03,  1.11349175e+03,  1.07154349e+03,
        1.02778082e+03,  9.82485301e+02,  9.35914346e+02,  8.88302384e+02,
        8.39862005e+02,  7.90784893e+02,  7.41242330e+02,  6.91385088e+02,
        6.41342497e+02,  5.91220569e+02,  5.41099194e+02,  4.91028783e+02,
        4.41027398e+02,  3.91080505e+02,  3.41147133e+02,  2.91178065e+02,
        2.41152984e+02,  1.91142138e+02,  1.41391145e+02,  9.24131072e+01,
        4.50537441e+01,  4.86294136e-01, -3.98904619e+01, -7.46356131e+01,
       -1.02474747e+02, -1.22526097e+02, -1.34095420e+02, -1.37192176e+02,
       -1.32078193e+02, -1.19288716e+02, -9.94012226e+01, -7.32981405e+01,
       -4.18048967e+01, -5.68419987e+00,  3.42812289e+01,  7.73484144e+01,
        1.22880557e+02,  1.70298519e+02,  2.19066900e+02,  2.68724402e+02,
        3.18868296e+02,  3.69139361e+02,  4.19226251e+02,  4.68858856e+02,
        5.17798299e+02,  5.65838215e+02,  6.12803267e+02,  6.58538037e+02,
        7.02906815e+02,  7.45798740e+02,  7.87121620e+02,  8.26801583e+02,
        8.64785269e+02,  9.01039517e+02,  9.35556847e+02,  9.68360150e+02,
        9.99510206e+02,  1.02911578e+03,  1.05734581e+03,  1.08444461e+03,
        1.11074832e+03,  1.13670107e+03,  1.16286633e+03,  1.18992644e+03,
        1.21865982e+03,  1.24988317e+03,  1.28434873e+03])]"
19,32276.379918652616,90.5,"[array([7166.38731754, 7202.8872065 , 7237.19859007, 7269.29149035,
       7299.15196351, 7326.77954445, 7352.18529783, 7375.39049294,
       7396.42593901, 7415.33204321, 7432.15968519, 7446.97203782,
       7459.84750147, 7470.88395388, 7480.20454152, 7487.96523918,
       7494.36436163, 7499.65409238, 7504.15384896, 7508.26485034,
       7512.48446866, 7517.41768024, 7523.78106462, 7532.39248407,
       7544.13767646, 7559.90557272, 7580.49016921, 7606.46975782,
       7638.09028022, 7675.18831779, 7717.18144988, 7763.13085986,
       7811.85610697, 7862.06872007, 7912.49377145, 7961.96090857,
       8009.45978262, 8054.16406279, 8095.43227773, 8132.79403089,
       8165.92858154, 8194.64073194, 8218.83711861, 8238.50461293,
       8253.69159462, 8264.49227944, 8271.03395514, 8273.46681914,
       8271.95605223, 8266.67576163, 8257.8044553 , 8245.52175148,
       8230.00607234, 8211.43311445, 8189.97492751, 8165.79946716,
       8139.07051566, 8109.94788848, 8078.58786254, 8045.14377673,
       8009.76676422, 7972.60658171, 7933.81250169, 7893.53423247,
       7851.92283003, 7809.13157374, 7765.31681141, 7720.63886523,
       7675.26327644, 7629.36301575, 7583.12286425, 7536.74799193,
       7490.47967358, 7444.62155314, 7399.57875389, 7355.90774367,
       7314.36595659, 7275.93855505])]","[array([1258.72126961, 1224.27654476, 1187.6641122 , 1149.10345415,
       1108.7991032 , 1066.94121973, 1023.70638265,  979.25850563,
        933.74980305,  887.32173578,  840.10586711,  792.22455502,
        743.79140122,  694.91137744,  645.68056628,  596.18551005,
        546.50228883,  496.69569687,  446.81931101,  396.91788928,
        347.03438039,  297.22467132,  247.58353633,  198.28411859,
        149.62942884,  102.10708982,   56.42947425,   13.53583502,
        -25.46167497,  -59.38751203,  -87.14331413, -107.84088345,
       -120.89344899, -126.04982128, -123.37643134, -113.20448786,
        -96.06171431,  -72.60391816,  -43.55546508,   -9.66240303,
         28.34153115,   69.75762354,  113.93588348,  160.28200801,
        208.25958413,  257.38910463,  307.24498821,  357.45146624,
        407.67793892,  457.63420749,  507.06584653,  555.74987954,
        603.49085304,  650.11735919,  695.47903052,  739.44401683,
        781.89695106,  822.73741627,  861.87893875,  899.24855244,
        934.78700699,  968.44972746, 1000.20867529, 1030.05530924,
       1058.0048949 , 1084.10245539, 1108.43067772, 1131.12006094,
       1152.36146762, 1172.42094482, 1191.65610115, 1210.5322975 ,
       1229.63523469, 1249.67405473, 1271.46601335, 1295.89130415,
       1323.80761181, 1355.92290207])]"
20,9524.685982167144,91.5,"[array([2291.18257339, 2333.12188182, 2374.04608705, 2413.91893574,
       2452.70697641, 2490.37937629, 2526.90777832, 2562.26620787,
       2596.43104183, 2629.38105607, 2661.09757237, 2691.56473167,
       2720.76992771, 2748.70444361, 2775.36434387, 2800.75168478,
       2824.87611735, 2847.75696704, 2869.42588185, 2889.93014203,
       2909.33671631, 2927.73712438, 2945.2531147 , 2962.04307726,
       2978.30896552, 2994.30327845, 3010.33532782, 3026.77556905,
       3044.05621302, 3062.6657364 , 3083.13446944, 3106.00854824,
       3131.81071142, 3160.9891582 , 3193.85985025, 3230.55202963,
       3270.96914745, 3314.77580741, 3361.4154653 , 3410.15566962,
       3460.15100467, 3510.51112899, 3560.36268472, 3608.89782934,
       3655.40663154, 3699.29410389, 3740.0846808 , 3777.41765322,
       3811.03689215, 3840.77757889, 3866.55193023, 3888.33523897,
       3906.15301635, 3920.06963472, 3930.17860669, 3936.59447309,
       3939.44617905, 3938.87177192, 3935.01424014, 3928.01831573,
       3918.02807666, 3905.18520379, 3889.62776674, 3871.4894325 ,
       3850.89900792, 3827.9802432 , 3802.85183675, 3775.62759329,
       3746.41669652, 3715.3240655 , 3682.45077003, 3647.89448539,
       3611.74997045, 3574.10955603, 3535.06363182, 3494.70112122,
       3453.10993272, 3410.37737525, 3366.59052186, 3321.83650191,
       3276.20269604, 3229.77680107, 3182.64672371, 3134.90025458,
       3086.62446953, 3037.90480989, 2988.823814  , 2939.45952498,
       2889.88370204, 2840.16014144, 2790.34369746, 2740.48099989,
       2690.61437635, 2640.79100073, 2591.07954546, 2541.59614591,
       2492.53965013, 2444.23242395, 2397.15774285, 2351.98001481])]","[array([-2332.12663349, -2304.71161508, -2275.80519908, -2245.4668142 ,
       -2213.75487955, -2180.72681681, -2146.4390904 , -2110.94727663,
       -2074.30616255, -2036.56987573, -1997.79204627, -1958.02600187,
       -1917.32499656, -1875.74247238, -1833.33235188, -1790.14935731,
       -1746.24935029, -1701.68968449, -1656.52956491, -1610.83041364,
       -1564.65625785, -1518.07418782, -1471.15498931, -1423.97414576,
       -1376.61353866, -1329.16434939, -1281.73185999, -1234.44300582,
       -1187.45752697, -1140.98321035, -1095.29478023, -1050.75433089,
       -1007.82895209,  -967.09908381,  -929.25045413,  -895.0445655 ,
        -865.26794177,  -840.66715915,  -821.88199273,  -809.39010451,
        -803.4730916 ,  -804.20737724,  -811.47729137,  -825.00384189,
        -844.38161675,  -869.11726402,  -898.66496809,  -932.45638167,
        -969.92410182, -1010.51885855, -1053.7211776 , -1099.04851772,
       -1146.05890095, -1194.35195398, -1243.56812951, -1293.38671948,
       -1343.52312735, -1393.72574464, -1443.77267794, -1493.46849613,
       -1542.64110954, -1591.13885049, -1638.82779381, -1685.58933503,
       -1731.3180295 , -1775.91968624, -1819.30970542, -1861.4116451 ,
       -1902.15600228, -1941.47919409, -1979.32272637, -2015.63253964,
       -2050.35852559, -2083.45421131, -2114.87661314, -2144.58626768,
       -2172.54745402, -2198.7286294 , -2223.10310924, -2245.6500339 ,
       -2266.35567652, -2285.2151605 , -2302.23467052, -2317.43425639,
       -2330.85134371, -2342.54507619, -2352.60161738, -2361.14052787,
       -2368.32229695, -2374.35702704, -2379.51411783, -2384.13252865,
       -2388.6307479 , -2393.51488361, -2399.38224287, -2406.91643825,
       -2416.86879847, -2430.02056152, -2447.1224304 , -2468.81385392])]"
21,137297.34202070086,105.5,"[array([39862.80408133, 39891.68899026, 39915.03537579, 39932.59387843,
       39944.30809773, 39950.28585688, 39950.7621619 , 39946.06150786,
       39936.56424433, 39922.67920128, 39904.82306265, 39883.40600549,
       39858.82269682, 39831.44765132, 39801.63404779, 39769.71528281,
       39736.0087568 , 39700.82162542, 39664.45851418, 39627.23150546,
       39589.47307032, 39551.55297896, 39513.90037684, 39477.03167202,
       39441.58281393, 39408.34006166, 39378.25652617, 39352.43555756,
       39332.06306951, 39318.2854889 , 39312.05555399, 39313.98955668,
       39324.28014975, 39342.68660581, 39368.59457104, 39401.11757749,
       39439.20933188, 39481.76409866, 39527.69399008, 39575.98114113,
       39625.70796986, 39676.07068324, 39726.38119311, 39776.06173609,
       39824.63540432, 39871.71480545, 39916.99028852, 39960.21860319,
       40001.21246867, 40039.83127265, 40075.97296037, 40109.56707981,
       40140.56889739, 40168.95447445, 40194.71658716, 40217.86137438,
       40238.40560498, 40256.37446517, 40271.79977701, 40284.71856938,
       40295.17193334, 40303.20410432, 40308.86172379, 40312.19324387,
       40313.24844787, 40312.07806906, 40308.73349793, 40303.2665738 ,
       40295.72946072, 40286.17460928, 40274.65480575, 40261.22330899,
       40245.93407398, 40228.84206045, 40210.0036259 , 40189.47700572,
       40167.32288857, 40143.60510333, 40118.39144331, 40091.75466411,
       40063.77370245, 40034.53517453, 40004.13522466, 39972.68181004])]","[array([ -229.67396542,  -270.85387795,  -315.43545261,  -362.61302179,
        -411.5752543 ,  -461.559868  ,  -511.88861453,  -561.98498555,
        -611.37888314,  -659.70266327,  -706.68230448,  -752.12654724,
        -795.91600202,  -837.99355827,  -878.35695619,  -917.05407246,
        -954.18126124,  -989.88491343, -1024.36616415, -1057.88828315,
       -1090.7855898 , -1123.47159014, -1156.44232653, -1190.26873955,
       -1225.56975268, -1262.95734073, -1302.94870935, -1345.85166928,
       -1391.64664955, -1439.90408241, -1489.7752136 , -1540.07110271,
       -1589.40982822, -1636.38743513, -1679.72721228, -1718.37975618,
       -1751.56848263, -1778.79060354, -1799.78932244, -1814.51190764,
       -1823.06428637, -1825.66855299, -1822.62647915, -1814.28996229,
       -1801.03814065, -1783.26033619, -1761.34380429, -1735.66529206,
       -1706.58552386, -1674.44587973, -1639.56667814, -1602.24660333,
       -1562.76292561, -1521.37224978, -1478.31159501, -1433.79966249,
       -1388.03818717, -1341.21330097, -1293.49685796, -1245.04768999,
       -1196.01277477, -1146.52830863, -1096.7206834 , -1046.70737174,
        -996.59772746,  -946.49370786,  -896.49052347,  -846.67721793,
        -797.1371771 ,  -747.94856278,  -699.18466317,  -650.91414896,
        -603.20122201,  -556.10564099,  -509.68260568,  -463.98247736,
        -419.05030621,  -374.92512709,  -331.63897254,  -289.21553641,
        -247.6684055 ,  -206.99876265,  -167.1924584 ,  -128.21635789])]"
22,92361.80283147797,107.0,"[array([25686.97343108, 25686.71313013, 25683.59729297, 25677.76003161,
       25669.3367707 , 25658.4631324 , 25645.27293156, 25629.89950096,
       25612.47775888, 25593.14568297, 25572.04851148, 25549.34439088,
       25525.20974102, 25499.84726083, 25473.4963695 , 25446.4456019 ,
       25419.04906475, 25391.74584155, 25365.08276862, 25339.74006646,
       25316.55260478, 25296.51843691, 25280.77810768, 25270.54216226,
       25266.9627857 , 25270.96851957, 25283.10197129, 25303.41598433,
       25331.46368432, 25366.37570051, 25406.99117659, 25452.00211227,
       25500.07991653, 25549.96693251, 25600.53207623, 25650.79751045,
       25699.94423104, 25747.30452131, 25792.3475591 , 25834.66192772,
       25873.9370342 , 25909.94572318, 25942.52924428, 25971.58406994,
       25997.0515387 , 26018.90968222, 26037.16647241, 26051.85446209,
       26063.02597619, 26070.74995971, 26075.11010119, 26076.20427958,
       26074.14528814, 26069.06207147, 26061.10257866, 26050.43694943,
       26037.26166098, 26021.80613011, 26004.34090833, 25985.1883575 ,
       25964.73593245, 25943.45203314, 25921.90453173, 25900.78085592,
       25880.90661992, 25863.25419082, 25848.92716084, 25839.10231782,
       25834.91606078])]","[array([-2590.49495856, -2640.67718682, -2690.75398271, -2740.5782738 ,
       -2790.02303415, -2838.97975952, -2887.35672002, -2935.07806588,
       -2982.08382244, -3028.33029256, -3073.79215794, -3118.46632677,
       -3162.37671346, -3205.58119542, -3248.18052442, -3290.32801897,
       -3332.23937967, -3374.19859566, -3416.55503737, -3459.7050319 ,
       -3504.04782534, -3549.91051101, -3597.44336931, -3646.50162613,
       -3696.5524835 , -3746.65162247, -3795.51511583, -3841.67646946,
       -3883.68070265, -3920.25783737, -3950.43711716, -3973.5916867 ,
       -3989.42461813, -3997.92031221, -3999.28265012, -3993.87262969,
       -3982.15361447, -3964.6478251 , -3941.90370939, -3914.47208341,
       -3882.88931403, -3847.66719648, -3809.28774803, -3768.20054818,
       -3724.82266836, -3679.53969248, -3632.70704761, -3584.65166487,
       -3535.67354526, -3486.04760355, -3436.02530998, -3385.83586565,
       -3335.686674  , -3285.76285855, -3236.22565667, -3187.20952081,
       -3138.81783657, -3091.11672711, -3044.12691666, -2997.8137862 ,
       -2952.07660608, -2906.73935084, -2861.54726946, -2816.1757916 ,
       -2770.26011277, -2723.45403503, -2675.52058913, -2626.44292344,
       -2576.52356762])]"
23,140013.01375617707,109.5,"[array([40388.26980239, 40424.98157924, 40459.62337588, 40492.15565841,
       40522.54951521, 40550.78491245, 40576.84932387, 40600.73668057,
       40622.4466163 , 40641.9839896 , 40659.35866591, 40674.5855611 ,
       40687.6849534 , 40698.68308676, 40707.61310198, 40714.51634848,
       40719.44414796, 40722.46010001, 40723.64304039, 40723.09078143,
       40720.9247791 , 40717.29587894, 40712.3912834 , 40706.44284489,
       40699.73669594, 40692.62403831, 40685.53255306, 40678.97725407,
       40673.56855755, 40670.0138114 , 40669.10672478, 40671.69786123,
       40678.64023486, 40690.70905094, 40708.50429553, 40732.35601765,
       40762.25799666, 40797.85029619, 40838.45595849, 40883.15988011,
       40930.90764667, 40980.60204046, 41031.18200376, 41081.67771674,
       41131.24235287, 41179.16482748, 41224.86898864, 41267.90427803,
       41307.93182099, 41344.70874357, 41378.07252063, 41407.92640592,
       41434.22647225, 41456.97044938, 41476.18834193, 41491.93469553,
       41504.28232642, 41513.31731243, 41519.13504866, 41521.83718712,
       41521.52930077, 41518.31913477, 41512.31532907, 41503.62651579,
       41492.36071152, 41478.62493956, 41462.52502882, 41444.16554695,
       41423.64983346, 41401.080106  , 41376.55761872, 41350.18285753,
       41322.0557588 , 41292.27595047, 41260.94299685, 41228.15666985,
       41194.01725244, 41158.62574722, 41122.08450968, 41084.49727677,
       41045.96961441, 41006.6111768 , 40966.53188714, 40925.847475  ,
       40884.68469375, 40843.17293001, 40801.45819474, 40759.69761174,
       40718.07157156, 40676.78648908, 40636.084529  , 40596.24347913,
       40557.62510324, 40520.61256925, 40485.67203452])]","[array([  795.99304692,   761.54967357,   725.05515757,   686.69390526,
         646.63913545,   605.05365328,   562.09067314,   517.89463318,
         472.60197693,   426.34187934,   379.23689297,   331.40349703,
         282.9525268 ,   233.98945954,   184.61452601,   134.9226091 ,
          85.00288118,    34.93812119,   -15.19635445,   -65.33421355,
        -115.42013105,  -165.41231212,  -215.28541015,  -265.03354288,
        -314.67279607,  -364.24213362,  -413.80100627,  -463.42124885,
        -513.17032599,  -563.08312625,  -613.12108006,  -663.12117039,
        -712.74349491,  -761.43268843,  -808.4116448 ,  -852.72095994,
        -893.30349775,  -929.11641139,  -959.24255663,  -982.97535378,
        -999.86322514, -1009.71389751, -1012.56849336, -1008.65850236,
        -998.35714545,  -982.13304048,  -960.51045811,  -934.03772957,
        -903.26367638,  -868.72107023,  -830.91581758,  -790.32056284,
        -747.37155415,  -702.46781922,  -655.97190427,  -608.21161059,
        -559.48231442,  -510.04957461,  -460.15182337,  -410.00300338,
        -359.79506345,  -309.70025991,  -259.87323523,  -210.45286164,
        -161.56384837,  -113.31811748,   -65.81595711,   -19.14696244,
          26.60922538,    71.38237303,   115.11129421,   157.74366995,
         199.23604687,   239.55402044,   278.67259729,   316.57676583,
         353.26229419,   388.73663747,   423.02049984,   456.14896359,
         488.17321442,   519.16472239,   549.21173056,   578.42715166,
         606.95709418,   634.96909372,   662.67002564,   690.29429566,
         718.11426222,   746.43279515,   775.58084431,   805.89662478,
         837.76099387,   871.48724046,   907.37062749])]"
24,100633.81408959665,110.0,"[array([27806.76519983, 27799.32613368, 27787.97861331, 27772.9502065 ,
       27754.47049608, 27732.7667538 , 27708.06317707, 27680.57942702,
       27650.5296484 , 27618.12446668, 27583.57090296, 27547.07436736,
       27508.84112246, 27469.08050243, 27428.00804001, 27385.84837992,
       27342.83969657, 27299.2402575 , 27255.34007601, 27211.4804303 ,
       27168.08646435, 27125.71472688, 27085.11328738, 27047.27838406,
       27013.47096523, 26985.15371479, 26963.82471353, 26950.78005247,
       26946.88850017, 26952.45752926, 26967.22632696, 26990.46310662,
       27021.11422135, 27057.95676034, 27099.72458854, 27145.19741294,
       27193.25522913, 27242.90536413, 27293.29044391, 27343.68466609,
       27393.48349663, 27442.19030532, 27489.40236013, 27534.79754136,
       27578.12242111, 27619.18175988, 27657.82931303, 27693.95992842,
       27727.50307787, 27758.41691479, 27786.68542988, 27812.31364673,
       27835.32660724, 27855.77054011, 27873.70311689, 27889.20901495,
       27902.3957505 , 27913.3800844 , 27922.30069433, 27929.32035963,
       27934.62181069, 27938.41550723, 27940.94042363, 27942.45683668,
       27943.24884875, 27943.6242103 , 27943.90936424, 27944.44463176,
       27945.57250397, 27947.62962734, 27950.93124628, 27955.75185527])]","[array([-944.19652062, -894.46392998, -845.49088186, -797.53407216,
       -750.81242899, -705.51149664, -661.78650388, -619.76520078,
       -579.55032906, -541.21934321, -504.82448248, -470.39010596,
       -437.9075337 , -407.32780127, -378.55066256, -351.4111532 ,
       -325.66242046, -300.95630222, -276.82249198, -252.65171692,
       -227.68923531, -201.05370764, -171.79731253, -139.02237618,
       -102.05831748,  -60.66181408,  -15.17388113,   33.44417202,
         83.72767927,  133.93648132,  182.31074167,  227.27865606,
        267.58024334,  302.30969068,  330.89923393,  353.07103026,
        368.77722852,  378.1411443 ,  381.40637742,  378.8955831 ,
        370.97848869,  358.04847755,  340.50617891,  318.74834806,
        293.16058649,  264.11255044,  231.95491103,  197.01772061,
        159.60993289,  120.01916368,   78.51337276,   35.34050687,
         -9.26956016,  -55.10347418, -101.96737767, -149.68008206,
       -198.07662554, -247.01203707, -296.35753331, -346.00140069,
       -395.85036955, -445.8289956 , -495.88015409, -545.96463616,
       -596.0587896 , -646.15137011, -696.23903527, -746.32042451,
       -796.38937191, -846.42803471, -896.40131283, -946.25419317])]"
25,65008.59903760451,111.5,"[array([17333.32082077, 17330.1687955 , 17319.27012622, 17301.5739446 ,
       17278.03223388, 17249.53195571, 17216.89520732, 17180.86611316,
       17142.10198426, 17101.19421958, 17058.66585483, 17014.98577948,
       16970.58889627, 16925.89883668, 16881.36838371, 16837.53728768,
       16795.1090773 , 16755.0319737 , 16718.55874905, 16687.22108768,
       16662.67759869, 16646.45994029, 16639.68625978, 16642.86100878,
       16655.83333355, 16677.88899584, 16707.91594002, 16744.58544233,
       16786.50329566, 16832.31487697, 16880.77068917, 16930.75996127,
       16981.3207522 , 17031.63680491, 17081.02712588, 17128.93177879,
       17174.89739851, 17218.56238589, 17259.64359597, 17297.92459175,
       17333.24504699, 17365.49237663, 17394.59395592, 17420.51095065,
       17443.23349306, 17462.77633923, 17479.17592219, 17492.48857232,
       17502.78991211, 17510.17596273, 17514.76661631, 17516.71205478,
       17516.20292207, 17513.48575707, 17508.88458418, 17502.82974904,
       17495.89498973, 17488.84126756, 17482.66310375, 17478.62482582])]","[array([ -212.84732343,  -263.63514842,  -313.25096366,  -360.77706151,
        -405.60366418,  -447.36083288,  -485.87917962,  -521.15125313,
        -553.29860781,  -582.57133754,  -609.33299187,  -634.06366852,
        -657.37264201,  -680.00473547,  -702.84788898,  -726.92426576,
        -753.34605011,  -783.20892402,  -817.422456  ,  -856.48053327,
        -900.24656649,  -947.86367842,  -997.83889717, -1048.28634589,
       -1097.23287351, -1142.87876184, -1183.76149868, -1218.81743502,
       -1247.36844286, -1269.07016609, -1283.8448275 , -1291.81286884,
       -1293.23506239, -1288.46700722, -1277.92160268, -1262.04261983,
       -1241.28691733, -1216.10916835, -1186.95325151, -1154.2463676 ,
       -1118.39492093, -1079.78301736, -1038.77107121,  -995.69572546,
        -950.87031631,  -904.58527251,  -857.10896882,  -808.68855703,
        -759.55059276,  -709.90134265,  -659.92644444,  -609.78942987,
        -559.6285672 ,  -509.55147372,  -459.62716896,  -409.87627648,
        -360.26223089,  -310.69059962,  -261.02994348,  -211.17439662])]"
26,55640.85239749034,130.0,"[array([12969.05968553, 13015.63450743, 13059.27598426, 13099.71706402,
       13136.89235701, 13170.89422256, 13201.93147347, 13230.30098204,
       13256.35997131, 13280.5139153 , 13303.19819834, 13324.85669815,
       13345.92666964, 13366.82258163, 13387.92688664, 13409.58327749,
       13432.09751298, 13455.74640661, 13480.79028119, 13507.4883597 ,
       13536.11267949, 13566.95505646, 13600.31620786, 13636.47398092,
       13675.63147568, 13717.84958683, 13762.97963014, 13810.60962495,
       13860.04710944, 13910.35501342, 13960.42937925, 14009.10094165,
       14055.23959159, 14097.84007554, 14136.07679886, 14169.32627119,
       14197.16668634, 14219.36264232, 14235.83843211, 14246.64765153,
       14251.94219248, 14251.9433879 , 14246.92208765, 14237.18178452,
       14223.04176459, 14204.82693026, 14182.86073099, 14157.45865049,
       14128.92467692, 14097.54823829, 14063.60185705, 14027.34173363,
       13989.00847568, 13948.82681144, 13907.00645724, 13863.74317188,
       13819.21926116, 13773.60417428, 13727.05500881, 13679.71710982,
       13631.72434637, 13583.19907688, 13534.25191505, 13484.98125001,
       13435.47292056, 13385.79998516, 13336.02307821, 13286.19227919,
       13236.35148439, 13186.54691402, 13136.84156122, 13087.33711092,
       13038.20370796, 12989.71524799])]","[array([2339.1112461 , 2319.17108355, 2293.60403806, 2263.35794015,
       2229.28402916, 2192.13167533, 2152.54374806, 2111.06539762,
       2068.15143934, 2024.182449  , 1979.4753239 , 1934.2928042 ,
       1888.85638976, 1843.35674124, 1797.96466528, 1752.83969821,
       1708.13887464, 1664.0270394 , 1620.68867947, 1578.34376034,
       1537.26823683, 1497.8191823 , 1460.45864105, 1425.77162565,
       1394.47147081, 1367.38221753, 1345.39524417, 1329.39127958,
       1320.13639593, 1318.18790583, 1323.82632631, 1337.02122141,
       1357.44294776, 1384.51210102, 1417.46935677, 1455.44936747,
       1497.54399893, 1542.85242614, 1590.51924499, 1639.7590014 ,
       1689.86944315, 1740.23564927, 1790.32798532, 1839.69766109,
       1887.96979209, 1934.83549343, 1980.04429538, 2023.39637824,
       2064.73573432, 2103.9435004 , 2140.93137568, 2175.63742735,
       2208.0229164 , 2238.0685345 , 2265.77219535, 2291.14781954,
       2314.22410023, 2335.04393456, 2353.66442544, 2370.15814154,
       2384.61495857, 2397.1445758 , 2407.87992075, 2416.9811572 ,
       2424.64168793, 2431.09509339, 2436.62272608, 2441.56267276,
       2446.31844737, 2451.36656123, 2457.26111906, 2464.63198812,
       2474.17237684, 2486.6106826 ])]"
27,142236.64103793338,132.0,"[array([38398.49675496, 38370.95102511, 38337.8273469 , 38300.1190628 ,
       38258.73459675, 38214.47810215, 38168.0445007 , 38120.02308901,
       38070.90558037, 38021.0958832 , 37970.92000413, 37920.63507941,
       37870.43699337, 37820.46632209, 37770.8125058 , 37721.51631229,
       37672.57088173, 37623.92207666, 37575.46958243, 37527.07136639,
       37478.5555289 , 37429.74498969, 37380.50078529, 37330.78718006,
       37280.75444429, 37230.82246899, 37181.73507249, 37134.55141782,
       37090.55704358, 37051.10926799, 37017.46103528, 36990.61401977,
       36971.23377404, 36959.63204321, 36955.80062264, 36959.47375531,
       36970.19894132, 36987.40298439, 37010.44681023, 37038.66733599,
       37071.40731891, 37108.03523312, 37147.95744814, 37190.62476535,
       37235.5349875 , 37282.23281237, 37330.30802166, 37379.39267589,
       37429.15781545, 37479.31001271, 37529.58799917, 37579.75949669,
       37629.61831842, 37678.98176443, 37727.68831759, 37775.5956417 ,
       37822.57887854, 37868.52923662, 37913.3528581 , 37956.96994175,
       37999.31409963, 38040.33193332, 38079.98283148, 38118.2390135 ,
       38155.08586188, 38190.5225945 , 38224.56332096, 38257.23851478,
       38288.5969138 , 38318.70783691, 38347.66388138, 38375.58393047,
       38402.61635013, 38428.94217617, 38454.77796893, 38480.37784327,
       38506.03396873, 38532.0746025 ])]","[array([ -140.94400934,  -183.5715525 ,  -221.97215666,  -255.80827086,
        -284.94112273,  -309.3805399 ,  -329.24294969,  -344.7184164 ,
        -356.0460285 ,  -363.49632574,  -367.35959168,  -367.93888335,
        -365.5469023 ,  -360.50621128,  -353.15244797,  -343.84053154,
        -332.95398399,  -320.91746782,  -308.21260908,  -295.39656957,
        -283.1220369 ,  -272.15538081,  -263.38669865,  -257.82172546,
        -256.54214561,  -260.62265236,  -271.00435262,  -288.34505984,
        -312.88783491,  -344.39287034,  -382.15725976,  -425.11341094,
        -471.97098007,  -521.36185287,  -571.95918309,  -622.55837967,
        -672.12118644,  -719.79075115,  -764.88716416,  -806.89171354,
        -845.42591032,  -880.22922354,  -911.13781604,  -938.06543718,
        -960.98692757,  -979.92439501,  -994.93589834, -1006.10635959,
       -1013.54039061, -1017.3567137 , -1017.68386339, -1014.65689966,
       -1008.41490944,  -999.09911836,  -986.85149178,  -971.81373525,
        -954.12661046,  -933.92949577,  -911.36012437,  -886.55443685,
        -859.64650515,  -830.76850644,  -800.05074674,  -767.62175139,
        -733.60844173,  -698.13640954,  -661.33028648,  -623.3141995 ,
        -584.21230672,  -544.14942182,  -503.25176697,  -461.6479336 ,
        -419.47018083,  -376.85625643,  -333.95197505,  -290.91482341,
        -247.91885341,  -205.16102929])]"
28,75005.69173370903,139.5,"[array([18633.87762027, 18632.99811103, 18630.39620672, 18626.43912411,
       18621.50314594, 18615.96624797, 18610.19813607, 18604.5475665 ,
       18599.32728579, 18594.79760363, 18591.15027152, 18588.49478475,
       18586.84922914, 18586.13727447, 18586.1920199 , 18586.76640024,
       18587.5491052 , 18588.18455264, 18588.29534517, 18587.50569347,
       18585.46428   , 18581.86496159, 18576.4637367 , 18569.09063853,
       18559.65581372, 18548.14990202, 18534.63968801, 18519.26065306,
       18502.20832512, 18483.73022335, 18464.11981897, 18443.71342121,
       18422.8903514 , 18402.07618289, 18381.74821323, 18362.44157791,
       18344.75346282, 18329.34188402, 18316.91476487, 18308.20528345,
       18303.9315404 , 18304.74263952, 18311.15843889, 18323.51437802,
       18341.92338915, 18366.26319476, 18396.19071356, 18431.17868929,
       18470.56562958, 18513.60945086, 18559.53709158, 18607.58538175,
       18657.0313371 , 18707.21214656, 18757.53634484, 18807.48813009,
       18856.62676305, 18904.58270842, 18951.05180544, 18995.78840816,
       19038.59814461, 19079.33074206, 19117.87322376, 19154.14366293,
       19188.08562404, 19219.66334467, 19248.85764822, 19275.66253608,
       19300.08235221, 19322.12941261, 19341.82199484, 19359.18262302,
       19374.23662604, 19387.01095843, 19397.53330642, 19405.8314855 ,
       19411.93311465, 19415.86553011, 19417.65587508, 19417.33130324,
       19414.9192411 , 19410.4476951 , 19403.9456074 , 19395.44327901,
       19384.97290083, 19372.56920651, 19358.27025351, 19342.1183264 ,
       19324.1609334 , 19304.45189121, 19283.05251129, 19260.03292139,
       19235.47359324, 19209.46715573, 19182.1205796 , 19153.55782912,
       19123.92308429, 19093.38467669, 19062.13994543, 19030.4212913 ,
       18998.50375824, 18966.71442904, 18935.44364161, 18905.15735842,
       18876.40876626, 18849.84532278, 18826.20548918, 18806.29839766,
       18790.96135286, 18780.99546531, 18777.08779011, 18779.7355198 ])]","[array([-611.7111077 , -561.57915843, -511.524633  , -461.57496362,
       -411.72662662, -361.95333951, -312.21561114, -262.47083154,
       -212.68258722, -162.82762742, -112.89910869,  -62.90548832,
        -12.86556431,   37.19870181,   87.26923334,  137.33641926,
        187.39963074,  237.46330713,  287.5295851 ,  337.58950622,
        387.61532762,  437.55624189,  487.33894875,  536.87328583,
        586.06191964,  634.81229566,  683.04883446,  730.72369013,
        777.82501787,  824.38234477,  870.46907572,  916.20228306,
        961.73972606, 1007.27358644, 1053.01986158, 1099.2019355 ,
       1146.02685998, 1193.65372618, 1242.15545195, 1291.4783072 ,
       1341.40679885, 1391.54351703, 1441.31249017, 1489.98978482,
       1536.75784225, 1580.77342977, 1621.23599895, 1657.44468551,
       1688.83681578, 1715.00620367, 1735.70377416, 1750.82525948,
       1760.39111909, 1764.52313241, 1763.42089834, 1757.34024382,
       1746.57456988, 1731.43944212, 1712.26030771, 1689.36302971,
       1663.0668327 , 1633.67928204, 1601.49294463, 1566.78339486,
       1529.80829574, 1490.80729104, 1450.00247111, 1407.59921592,
       1363.78724392, 1318.74175583, 1272.62460394, 1225.58546142,
       1177.7629881 , 1129.28598648, 1080.27454334, 1030.84113475,
        981.09166417,  931.12640234,  881.04080424,  830.92619246,
        780.87030879,  730.95774209,  681.2702371 ,  631.88688044,
        582.88414596,  534.33577246,  486.31244059,  438.88121363,
        392.10471231,  346.03998872,  300.73705437,  256.23700302,
        212.56964269,  169.75053774,  127.77736381,   86.62550612,
         46.24290662,    6.54429139,  -32.59489073,  -71.34418076,
       -109.92240002, -148.59887097, -187.68924478, -227.54302341,
       -268.51972068, -310.95147828, -355.09252838, -401.06040128,
       -448.77934694, -497.94060747, -547.99367061, -598.17582579])]"
29,87621.67065971436,140.5,"[array([20976.68410187, 21025.3968701 , 21073.28311157, 21120.26525265,
       21166.31159176, 21211.43727666, 21255.70717358, 21299.23983047,
       21342.21165366, 21384.85946181, 21427.47846769, 21470.41172908,
       21514.02621012, 21558.67145137, 21604.62038699, 21651.99905698,
       21700.72174698, 21750.45528156, 21800.63408707, 21850.53359167,
       21899.38936882, 21946.53474575, 21991.52769304, 22034.24668449,
       22074.94572981, 22114.26260408, 22153.16807487, 22192.83240935,
       22234.38438444, 22278.58217455, 22325.52216141, 22374.58138727,
       22424.68625267, 22474.78524253, 22524.28512638, 22573.2508099 ,
       22622.25749727, 22671.81040946, 22721.37421952, 22768.65779385,
       22810.04610798, 22842.03116002, 22862.45358772, 22870.79236518,
       22867.75432209, 22854.70740494, 22833.19395834, 22804.93030046,
       22771.21055077, 22733.25947931, 22692.07979958, 22648.52416967,
       22603.26462735, 22556.80616847, 22509.5695427 , 22461.87539597,
       22413.98396466, 22366.11546412, 22318.47325464, 22271.25443897,
       22224.64138292, 22178.76847811, 22133.67164884, 22089.23257907,
       22045.15474649, 22000.97151394, 21956.12112701, 21910.08634489,
       21862.55344785, 21813.5613073 , 21763.57284333, 21713.42496857,
       21664.20012812, 21617.01352548, 21572.8308836 , 21532.36864614,
       21496.00495626, 21463.84160811, 21435.67559982, 21410.99737378,
       21389.06748794, 21368.87082289, 21349.15082668, 21328.388064  ,
       21304.90385123, 21277.02913631, 21243.42902827, 21203.61648131,
       21158.2363731 , 21109.02928576, 21058.43975921, 21009.05334174])]","[array([-2573.79624258, -2561.61260085, -2546.5628899 , -2528.93960724,
       -2509.03917122, -2487.16675926, -2463.64309641, -2438.81265425,
       -2413.05383989, -2386.79126921, -2360.50985307, -2334.76991644,
       -2310.22066749, -2287.60699275, -2267.76150184, -2251.57199835,
       -2239.91756152, -2233.57600576, -2233.1191533 , -2238.82291526,
       -2250.61753866, -2268.08949145, -2290.52794646, -2316.99461639,
       -2346.39127728, -2377.50242525, -2408.99953145, -2439.41171308,
       -2467.10390065, -2490.34777735, -2507.56189957, -2517.68627898,
       -2520.52367534, -2516.88302364, -2508.512758  , -2497.94881891,
       -2488.42059193, -2483.76857316, -2487.95389568, -2503.9043613 ,
       -2532.31623897, -2571.41345156, -2617.86372828, -2668.03629817,
       -2718.83570705, -2767.99327222, -2814.00153278, -2856.10198637,
       -2893.8645294 , -2927.25049788, -2956.41891688, -2981.75363714,
       -3003.73801719, -3022.89654064, -3039.87107714, -3055.34697975,
       -3070.05280197, -3084.71990387, -3100.03784746, -3116.59185291,
       -3134.79374871, -3154.8187489 , -3176.56765778, -3199.65160246,
       -3223.41948295, -3246.97396698, -3269.20717616, -3288.86028985,
       -3304.58701956, -3315.08282668, -3319.22361385, -3316.28874988,
       -3305.94511934, -3288.34379194, -3264.09691744, -3234.02290655,
       -3199.11133201, -3160.32984633, -3118.60336331, -3074.79010008,
       -3029.61303583, -2983.71966519, -2937.70907233, -2892.24780531,
       -2848.20016643, -2806.8196841 , -2769.88057593, -2739.54776909,
       -2718.02908567, -2707.04609817, -2707.4216122 , -2718.98357644])]"
