Cutoff,0,1,2,3,4,5,6,7,8,9,10,11,12,13,14,15,16,17,18,19,20,21,22,23,24,25,26,27,28,29,30,31,32,33,34,35,36,37,38,39,40,41,42,43,44,45,46,47,48,49,50,51,52,53,54,55,56,57,58,59,60,61,62,63,64,65,66,67,68,69,70,71,72,73,74,75,76,77,78,79,80,81,82,83,84,85,86,87,88,89,90,91,92,93,94,95,96,97,98,99,100,101,102,103,104,105,106,107,108,109,110,111,112,113,114,115,116,117,118,119,120,121,122,123,124,125,126,127,128,129,130,131,132,133,134,135,136,137,138,139,140,141,142,143,144,145,146,147,148,149,150,151,152,153,154,155,156,157,158,159,160,161,162,163,164,165,166,167,168,169,170,171,172,173,174,175,176,177,178,179,180,181,182,183,184
0,2.0917615665750984,3.3848512525100034,3.029856734686289,0.8005339386383005,1.9432588357542917,2.3973203758320456,2.118515344416503,3.554606274238806,3.284973399462664,4.264030338932869,4.893239160711285,1.9910451370499636,1.1883088239054354,2.124671754335668,2.623650352877693,3.7531432624827934,4.96181788035824,3.4233469084378836,2.6970869018145396,2.0513550204178497,2.7877299791025543,2.8554965514929704,4.61209795270344,5.898177937789833,5.534607729905676,2.35921051752031,3.334104241335143,4.326064272610641,5.93228313985572,5.30895857849137,1.3491758869247321,3.158942739585524,4.538076459203052,4.2919091344270495,3.4325687954146527,3.827728498646352,2.1109045699998075,2.7550769652525844,2.8833604150517123,3.0925028434060082,3.4355136702396356,2.4530968338579884,4.9500376563099096,4.60925482544562,2.9904546894628536,3.3949409374504174,4.35203708502768,4.0463320922634844,4.8013617949672645,3.073462962251089,1.0250712105855073,1.9002386511673195,5.004135628048884,4.791193954846735,1.9184413192117338,2.0438949442149257,0.36127446586874257,0.14642723917907527,2.741610877920461,2.7352087258227047,3.2740741146838745,4.977034307947276,2.733562221732767,2.89955300545778,4.148797743608676,3.6247178822906845,4.903638311477237,4.361734756424493,1.5421215828576404,2.2268887940900166,6.851396828594791,7.218470929487284,0.9428530669525335,1.7967363170584125,3.4187905722865515,3.649003904681433,0.7378008857950249,0.18367239842158412,2.8655682672432756,4.427893351310369,2.173112076259568,5.354823403530434,5.212855022095532,3.2488798605736364,3.8877193935199146,5.370294915454503,4.385358790602622,2.3908089017202605,3.9975120878053785,3.141550853196764,0.6199988112667465,1.8715324430749691,3.720665284035395,3.8949825855053386,5.481526332652253,3.2448679345769027,2.360877674998823,4.909941548890877,3.886196574148262,2.1206155651349063,4.26731762856761,4.442792712077703,2.075551079916639,7.212087818907925,7.3942375318899725,2.9516403812659173,3.268020126298619,2.7605184060730954,2.8665361369909275,2.7611594980514713,2.4541883347338134,5.149174118669143,3.90488755665698,2.1015329599402093,2.1526092183718193,3.770873651558884,4.943615578924979,2.87511911960245,1.2419654647982992,2.418288651083769,2.5791363407407757,3.130624011588186,3.3102434263177942,4.722657399064301,4.670784417327505,2.6501435024476603,4.34118483415082,3.9333375934315504,4.807262815370916,4.2689559360275,3.0534479961420313,2.3161077671082753,3.2464164385187497,4.2789601917042415,5.4606145188053015,3.7872796055121594,1.144370128249976,1.9571753425388503,3.340061236470373,3.7032738245343686,3.797869177232908,5.213131863055646,4.434985860099766,3.7318436485374535,3.4759612128764106,1.0029001097914407,0.8661075108251188,2.2145816420323587,2.026356091432834,2.057568854940842,2.872730942910051,3.6605486756196703,4.88480082147298,1.840180650690337,1.8026253101572165,1.7885267548703732,1.5946789325899917,1.4231454854185592,3.0337471286768167,3.880319134191743,6.097521575253479,6.7280464388578,2.0256856015442106,4.278344740232685,4.257599468564718,5.11232752206943,3.583146782972685,2.4118943664785277,4.019844250116326,0.575627666383938,0.7660764394532887,3.129890209672018,3.333195752399949,0.970896508373886,0.9400335581352747,1.9086204298586442,3.4225151947097228,7.265999830195358,9.249658854482226,4.417852244575918,2.573197314855396,2.521401929357425,0.33371443391426053,0.06449034840261696,
1,2.09346480990986,3.3849356875754193,3.0252824400263925,0.8045792152103389,1.947586334484337,2.3985095217212415,2.1185281475368174,3.551609269603261,3.2755480442695717,4.249268669278219,4.881105050039135,2.0072217806582695,1.1974289513393181,2.124235522400486,2.6220109042877753,3.746620044906094,4.948946854089956,3.4359932979605987,2.6915929318216776,2.050730133844746,2.783554292251206,2.851191354680636,4.646887849652088,5.870004549787815,5.315082556923274,2.3589447233170344,3.333174269682804,4.282194558138285,5.879559017466156,5.272663045503195,1.3423301212593068,3.1587674622893207,4.528345350914159,4.286475471090103,3.423147931505122,9.395366397838867,2.1121942294894573,2.755429543646571,2.8789836175319152,3.086526453371645,3.426952204409876,2.45339094160183,4.925062308192364,4.52744026930566,2.989782260413527,3.3942335764656235,4.329557664706125,4.07249743551924,4.797468339932293,3.03404049810767,0.9441244097733447,1.8734917783621687,4.974134866757046,4.6596556460225935,1.9157087574764493,2.045286925504632,0.39630820902869207,0.13752498775252212,2.7367263779171918,2.731674897969202,3.2672088409503774,4.961967853077478,2.670513474399728,2.8953148069395453,4.136499599307026,3.612763045882544,4.892355377218351,4.3689630770913706,1.544102592780141,2.1430458958819623,6.734323804784819,6.954236655603572,0.9863704684892834,1.8031557102458242,3.412632722880233,3.639030562893048,0.7512035231628765,0.16766078978539548,2.86050533806542,4.412880161173974,2.1891673572480985,5.298161996129532,5.0212322002769385,3.247238950072548,3.9058891289735485,5.364621994164352,4.544733268296639,2.3905376666035205,3.9947835482370113,3.135321707881988,0.5969367199900938,1.8713678887524292,3.7185520174999205,3.953713387686599,5.463980047686556,3.0339374890172435,2.355044273815647,4.882866272319218,3.8345469088774995,2.109776582329688,4.261399274076931,4.437771581957476,1.9023564055229663,6.878841527929436,7.082523444520166,2.954202063414087,3.2684648252067987,2.759495385411273,2.8633759297500454,2.7596665537425364,2.4542310939887204,5.118887721839229,3.6669866739767496,2.105202081138216,2.0953884528332014,3.7731990510446827,4.927029120389893,2.8404624490768065,1.2613999170296677,2.4290720909401164,2.5756842894576852,3.125091419498296,3.302815455449206,4.707360151239766,4.662841901790265,2.648109098476814,4.3364868131856085,3.9242099267286634,4.79114373496541,4.277143085700119,2.9783910697571137,2.3161277966928013,3.2468092679298044,4.272349486726844,5.441832956784807,3.5717574299713846,1.1714087124186165,1.9588888714043828,3.338449514755718,3.6941497630315547,3.7875058962072052,5.177768706169888,4.312876920771494,3.7270287000119753,3.4660340934233376,1.032829788474904,0.8704306535398821,2.214049264585907,2.0251268297072618,2.0569388837471454,2.8695147955956917,3.654300596284727,4.875697580804568,1.8513570456425028,1.7979890732601336,1.7904574884267828,1.6023186156654934,1.4177938604082367,3.034330724533932,3.875158875787136,6.3329754570242045,6.5288210023600515,2.024494645080301,4.2583111177156585,4.264212807313836,5.102259041940471,3.541920338452686,2.383060532660165,4.021063792485765,0.5862471702459685,0.7593027090735627,3.126130069881063,3.326700141861356,0.9539434563296745,0.9461874215290327,1.9086624875150928,3.4196873349338954,7.669287636109194,8.302559354479513,4.410616241468309,2.588772104526116,2.505570878130775,0.3239236809946975,0.057676646899463294,
2,2.0956266773984726,3.3844951728379606,3.020847162195236,0.8097945247867206,1.953456456525934,2.399106776495199,2.118450233199369,3.5489165910722402,3.2695368623559564,4.233300456545959,4.869961157299593,2.0476570053484737,1.2057350131535773,2.1230787407785874,2.619139993689845,3.73881652569127,4.935302812694815,3.4454809615392437,2.685164260768534,2.0500004809267036,2.780412592168247,2.846894460295942,4.565457877658466,5.836308912961792,5.502858820768967,2.360443957959216,3.3345023470223385,4.263915523002786,5.842243283140298,5.343712197284919,1.332011552527844,3.159393705687769,4.51895615675506,4.280537863594353,3.5348062141081105,8.111666322189771,2.1131112799316183,2.7577243331681585,6.987208840287332,9.473979867541955,3.4203936323294846,2.4548668924568418,4.89866252772518,4.517991984838991,2.9876028781877926,3.3928992556821163,4.304981400143535,4.054247071821276,4.802079452326655,3.0991951961008906,1.0075393245809683,1.8918771674818236,4.944678540038067,4.608608156480745,1.9137837387417445,2.046738431363944,0.3655594644848207,2.7322768936049484,2.7279696935555724,3.2596938408439162,4.938299713815162,2.7408645681423103,2.891229353599845,4.127580772877418,3.60512553897158,4.8781781536055915,4.375474161739191,1.5449575937013351,2.1144935287624103,6.656023283659937,6.699643341397274,1.0136611600666972,1.8072459619601244,3.406935698240535,3.6276080486255315,0.7516449584670317,0.15668094064009333,2.857285676383807,4.396693503998765,2.20469943544831,5.247346994201156,4.970869180522132,3.244050907815852,3.919621932197566,5.349549346316647,4.450383658058004,2.390488998698157,3.991778906916616,3.1312010827313634,0.6296889297075133,1.8714444706801459,3.714891224709092,3.933146133842731,5.455748585299391,3.0968870313863754,2.3499991400960685,4.858753226634668,3.7962377724885967,2.093241808683662,4.253335747700762,4.4282317786176835,1.9619482428529464,6.808713526138973,6.7358466230644245,2.957340194838088,3.26797194163131,2.756256684460653,2.8594719189234414,2.758015134540952,2.4762711891455558,5.100396471844139,3.7792531345605775,2.1082602618629718,2.1127791844853636,3.774397742699819,4.915605170573819,2.660423335411668,1.2778211774067687,2.440689840200705,2.5740986542326936,3.1186161036250146,3.294906765882684,4.69647910249681,4.6611826670248915,2.6447502626490427,4.328197173957918,3.9124367679610055,4.77305950074878,4.283866041073987,3.0079336611362297,2.315675213440581,3.2502991778340165,4.268236454469588,5.431249633099011,3.74430676736352,1.206147741317756,1.961195611455391,3.336077750998248,3.681743278654567,3.778132668603186,5.149108840671364,4.285967986594991,3.719460768381086,3.4594177472902805,1.0221585098923893,0.8748891706049923,2.2134417245816347,2.024451051406421,2.0562413584232044,2.8656380977761073,3.647623425723063,4.866064216934409,1.8574623512335564,1.7657187784385655,1.7936311993221812,1.610520266685876,1.4675692648279284,3.0351585663449625,3.934223630830078,6.225305797637911,6.365409058161644,2.0237778216309334,4.237756609849172,4.26921893093087,5.088397298638227,3.443405978966003,2.3781675419586863,4.020582537029743,0.5827535293258207,0.7557293613380788,3.1226707596329764,3.318557840941857,0.9225416281727865,0.9518607828600606,1.9082741863985346,3.417699901880385,6.734622535892647,7.683208696568638,4.400236810210521,2.59825440293919,2.4784627922494495,0.34757266542656007,0.050381862963862926,,
3,2.097595756284314,3.3833875208207487,3.01522519615135,0.8143121127905267,1.958689631686529,2.399393799005478,2.11823959609005,3.5454522321604416,3.2604872127862388,4.219599178333622,4.8581672146858565,1.9201238931978333,1.2139901492934293,2.12272672328502,2.6163644756153706,3.730936683032363,4.921236309442865,3.452111315799525,2.679824941128398,2.0489597503141432,2.7772430803324237,2.843203236182719,4.559889486587222,5.816635463086895,5.419125161688326,2.361506979514543,3.336132407938528,4.233486803316822,5.810966082892693,5.119762150391268,1.329326658830465,3.157124052435381,4.507939945195191,4.275927050820096,3.5278629127851593,7.578812532080188,2.1147863110442415,2.7591783234476646,6.462162384171442,8.558370832353754,3.4126009544639357,2.455289332255441,4.875276933628232,4.5014419699047545,2.986568625815266,3.3927574175339283,4.278911724454208,4.076258723039256,4.800849925212661,3.0721099838579033,1.027234951329763,1.8568316214629095,4.914215886865845,4.639432281578787,1.9113727925493502,2.0481981703976477,0.41005851327786097,2.727592869873601,2.7240575266943816,3.2511467623552233,4.920207024215057,2.725083668307613,2.8856017893716848,4.117496370489071,3.595103243381183,4.869656080069173,4.3777986181695665,1.5464765464385155,2.157275328436851,6.450486418031523,6.508100373117174,1.0736571592039992,1.8126396427124636,3.400925272436609,3.6204022291287132,0.7239237433905317,0.15769751497906834,2.852915854268623,4.381661412548768,2.217673275152224,5.2006707710939395,4.859515817566153,3.241905114373953,3.898015022703817,5.341820268070169,4.269873676561959,2.3931032200962337,3.9926926076110765,3.1262401465712384,0.5863403526956318,1.8733892059118737,3.7086466598164614,3.8639409250501466,5.439350354455744,3.0714834247790055,2.3444873942596094,4.839985671380333,3.6922423447734904,2.0953959263855264,4.245165335565613,4.422713904978178,2.084755599756487,6.594778405651492,6.5105785131773635,2.9591787299416286,3.267455986514042,2.7550229177490078,2.8547526926864206,2.7566334137644497,2.4718226694841947,5.075103323891793,3.8144133205099595,2.1161816761086936,2.153370622985788,3.774393158184411,4.907802587972681,2.634107801439506,1.2915770554740116,2.4512810613550733,2.571011208166218,3.1148202784084438,3.2871459748388068,4.682089152948515,4.651859345151151,2.6403522581260064,4.320817767756745,3.903844074000877,4.75705353028976,4.287216465832353,2.984344242213342,2.315380892776377,3.2523213704925253,4.261997167610825,5.411036942124658,3.6032530405375454,1.242916619305795,1.9639829166570961,3.33329220557213,3.6704634379718466,3.7658340287767067,5.124364734499488,4.228605027337424,3.7143550704742525,3.4506042735218885,0.998856837889946,0.8800876214161318,2.2125036237477342,2.023729803764051,2.0555692058030566,2.863340352182053,3.6431673424090194,4.8568537042752435,1.8686015089055112,1.7950355074949516,1.7964759507768464,1.6180592260492626,1.4259492885995209,3.0334443163591933,4.002237903316183,5.900043962171187,6.225820600874286,2.023153108567221,4.2182500677514385,4.272306758211133,5.074692603685417,3.3262123906458956,2.380878177200998,4.018383684706741,0.5744884364781669,0.7535443591721553,3.1188798513421374,3.3119084891860786,0.9656391754351594,0.9591329165095788,1.908277092257529,3.4151454249059974,7.007429456443248,7.3185696160243765,4.387693118736203,2.606394785446364,2.5454669438127477,0.3360817197672409,0.043209028993902665,,
4,2.0993188693232545,3.3818036353895837,3.011465900020548,0.8179432729699216,1.9631394319015587,2.3991555914656475,2.1182379008311782,3.5416070659362036,3.254202759256577,4.208289135219186,4.845688553027976,1.939835642142019,1.22282617887623,2.121965021522473,2.6146812864030524,3.7266636239647677,4.908113658891065,3.4617260284587585,2.673065220447944,2.048552801170513,2.77524287633317,2.8388200266625843,4.506220387047967,5.785784845442754,5.245249934558622,2.361018286554163,3.337827386795927,4.214031247502483,5.778056505479007,5.117476028249794,1.3216621827163932,3.157836828839215,4.497020916460882,4.27422105565827,3.5681360681235526,7.155855558685676,2.1158328013030028,2.7604346037065044,6.6567419954595035,7.958278218416053,3.404208482768806,2.4563710407099246,4.850816728994221,4.5211586699703625,2.986697885308481,3.3915824440983697,4.256605077355361,4.037931160894705,4.803245059442585,2.9917561463671554,1.0099397074156629,1.8629849519839825,4.886922582843154,4.6073631089647655,1.9090353471618098,2.0489314125067155,2.7233636608981806,2.719902421343486,3.2440190411386736,4.8953401492243165,2.609323159606287,2.487481767434374,9.139667546827082,9.740828295204736,4.868584493860894,4.383123443262136,1.5479203498582323,2.17254107558742,6.264564011207361,6.34175970183843,1.1414316867486294,1.8183301437371144,3.394145430124783,3.6093981665333863,0.7015557618309752,0.1567653197113453,2.8498613505198547,4.367386428671645,2.2329706775524034,5.147994920631206,4.91534064106823,3.239489982933551,3.8775463759320883,5.330089638549975,4.32314142282101,2.392892005556622,3.9917853566049106,3.1210695718784476,0.5960271123671712,1.874642921021599,3.7052296490573386,3.8772742425464526,5.43397794668046,3.0192431971987235,2.3394301274332374,4.815300792800804,3.5525974397701994,2.1077400355838085,4.23764044259897,4.414980906042075,2.0025740630601674,6.405195435555709,6.260990410513155,2.95985654073406,3.2676214751690917,2.752865412981439,2.8516598893684746,2.754496024239765,2.436145557453305,5.049727865461306,3.7657320285906906,2.1193911558521097,2.1283975124318206,3.7759117394231745,4.896026159303267,2.732619760261088,1.311641711545616,2.4614113335503323,2.568557851095578,3.109300055113777,3.2783853439053985,4.66419965263703,4.644792360029691,2.6382031486080275,4.309884597619247,3.8949731152342397,4.7405291452127996,4.295184201409902,2.83334831568754,2.3142822359205706,3.253936969882552,4.256558618379274,5.397644247237597,3.590123497529127,1.2702062479553036,1.9663032337741728,3.3310690738975253,3.662189282816952,3.754109923064943,5.092356886776709,4.063363642584361,3.707285796107786,3.4418828351197996,1.0095663682369025,0.8847950037775285,2.2124663623803396,2.0229907781380354,2.0543036154858085,2.859424074187875,3.63676366252915,4.846349548297149,1.8750683760337923,1.7698591931760312,1.7988958733050873,1.6266554689326085,1.4018390601717645,3.0343853923223714,3.821285615304438,6.061047436326873,6.114078948018183,2.0222611906886416,4.2001641514097425,4.279916478261493,5.061923413449981,3.253478144854903,2.36685531979662,4.0180265574090095,0.5761885974997972,0.7662674892004205,3.114866659962556,3.3051152472364635,0.9384810742414376,0.9657154565522503,1.908780875503211,3.4119430688056767,6.538510308676895,6.950273364779814,4.375975051474927,2.619133260024349,2.5269822937764426,0.3610348204569155,0.03701999179388149,,,
5,2.100891085613375,3.3820900859170546,3.005356115267585,0.822555890535446,1.9683247751815587,2.3995504257586213,2.1179106300671773,3.5367321277263377,3.2449041346356307,4.194633991154916,4.832751112866435,1.985586452315804,1.2303196980194693,2.1209857240565846,2.6114169454309106,3.7204637826984794,4.8940988133993635,3.465143566761717,2.6678554153824803,2.047806868743637,2.772103012459729,2.833924022764254,4.495370678453425,5.773369975704962,5.1682131804673785,2.3623003350215543,3.3385041993040696,4.197611433393904,5.749369072582481,4.906378094889783,1.3049705880341855,3.1579575229516306,4.485825729685169,4.268514619090996,3.515495050083213,6.918068115363362,2.116725986598778,2.761735960602542,7.051902059263749,7.489719387922511,3.3970797349020208,2.4580821289790284,4.8264607047616845,4.541882522928439,2.984217011319814,3.390577232420889,4.231300566001233,4.034225684959012,4.8035011434421495,3.009372899166859,0.9616796930592173,1.802141126878448,4.8598663903731065,4.529490253916246,1.9065487400523409,2.0501529324867214,2.7188576587951476,2.717022579941863,3.235777756655689,4.8772097775423475,2.6432190490853356,2.6724282294033226,6.179341331609091,8.403857044344111,4.8518808073137265,4.388034273552578,1.5492808541429943,2.236535513773235,6.149988132129555,6.187198960025361,1.1928163056352752,1.8228536387677803,3.38940122690061,3.5997696261152305,0.7345938507353654,0.13185169661349433,2.8462590871822973,4.354903444372904,2.2477393513949653,5.107688955213211,4.7892442519086105,3.236166750186326,3.864873629584153,5.3179072538403975,4.340652331198475,2.3926479373912595,3.9871046995498842,3.11545181884152,0.6008626560467186,1.8747432806708506,3.702064932991833,3.8874630738483456,5.422879362617327,2.9557792856965586,2.3350976829314765,4.792562643475688,3.6353154655312703,2.1164403744217832,4.229407337855244,4.406847765436767,1.9165362563442598,6.231683365384413,6.223243252921171,2.9632813598614622,3.267206607348504,2.750390355717685,2.84638713651959,2.7518182294742406,2.4186336401825796,5.025323043187261,3.5002118942743388,2.1253530054100773,2.1781007185753816,3.774263511441832,4.883382738034924,2.683358757122946,1.3272287427991205,2.471906563333713,2.565445668620374,3.1026526483372963,3.2717712663070713,4.649189799816144,4.641721455177182,2.6332320479040137,4.3047260799498925,3.88482651155757,4.720242917620417,4.297209026060396,3.0467520496370812,2.3133535393777973,3.255981009255437,4.251332247413626,5.37841360555684,3.4316323715667125,1.3064970833702876,1.9682345584392422,3.327852701676704,3.6515282827206197,3.7455584801431017,5.06837667752584,3.99430566549956,3.699923966658865,3.4340609963474034,0.9815244967909965,0.8889159182949479,2.2115492010749,2.022130015587587,2.053777262494394,2.857178056374762,3.629257160608205,4.837227182241267,1.8830564327512171,1.7956243352915207,1.8016182880190972,1.6341507002581144,1.4408910245652116,3.0319941740561767,3.885132992307081,5.868851054790851,6.010255042644681,2.021550300661516,4.18182182280133,4.279570211239449,5.048383521187983,3.3691668588111807,2.371937064300012,4.02102112117245,0.5658525414971733,0.7651998712783158,3.1109287831906127,3.2967861473798723,0.8999459758800322,0.9717684682460778,1.9087326608867614,3.407477759706034,6.626342918003884,6.726853945810034,4.36770786718366,2.62524177457964,2.5843553485029624,0.3498849533212409,0.03041994537028312,,,
6,2.1022576656209644,3.3827506249862402,3.001858611967966,0.8275383370205383,1.9739854570315842,2.400370581064053,2.117452218938014,3.5331030606292217,3.2390636831649746,4.18026691116696,4.818696123661575,1.8655581388813893,1.2399664720636052,2.1205273635128687,2.609503921197109,3.713946814327237,4.879386850075618,3.4752160902185723,2.6614940651977137,2.046855311046468,2.7688951230904513,2.829548741786119,4.47800385865751,5.7556120383730285,5.099710420225009,2.364516603398488,3.339197567436217,4.1826728335768095,5.71461050115845,5.038400292801028,1.3063457246696892,3.157779577175,4.471890534012653,4.261946805012674,3.634600324041081,6.7031643388316695,2.116914000204443,2.7625381832212335,6.586839269777543,7.149893982376681,3.387935614874114,2.4584983090915964,4.801745876294376,4.562627732336636,2.984181403919021,3.390076480037909,4.208801620113331,4.017234502024307,4.8015367064746535,3.034097527788964,1.0141102868554213,1.8326965207734591,4.828871242507483,4.465000392327709,1.903985370980966,2.0519945051271975,2.713594607207432,2.712644598656297,3.228987574219596,4.859985536823916,2.52079575070344,2.8485796937336674,5.396275558412325,7.70592627880666,4.837652758676383,4.393778496725217,2.184948861399364,1.5508693376774039,2.147086087849679,6.0521418021164815,6.0368827266467715,1.2348377007809364,1.8283703060590362,3.384919954573316,3.5909593705668983,0.6857100348798881,0.14271755504876438,2.8421260074071983,4.342616268766818,2.2613255423421195,5.063874626470062,4.634432031995871,3.233523701660383,3.8572791945128473,5.307284332347249,4.3305818215350875,2.3944071827933895,3.9887670181974912,3.1102192959963624,0.599597048303946,1.8749074452752112,3.697803051443604,3.8442247531281946,5.4025238654122765,2.866671346016937,2.3306565194498146,4.773146606271709,3.4813716058712685,2.127679479646555,4.219547712569618,4.398514884802055,2.0512941670171068,6.107030698401037,6.035340932085912,2.965844442774605,3.2664364310883522,2.747753770766842,2.843935121635917,2.751464178266428,2.391468846714755,5.000734442354972,3.4849556402348534,2.1298449393744594,2.1415836263734644,3.777608155943982,4.875172149723895,2.6206732748172525,1.343555125655091,2.482057127155552,2.56241676123766,3.0986325043164857,3.2638953440600065,4.633252997063841,4.634581568146272,2.631534508700716,4.296620121314369,3.875279016844705,4.707537262993057,4.299302587848441,2.9818432341690895,2.3129764780393653,3.258129650784464,4.245919017008876,5.367376759027741,3.513492624339162,1.3356236634398855,1.9712382955215801,3.324850449439686,3.6408521330849557,3.734988677030251,5.0394900561844915,3.916783581077473,3.6933780942367096,3.424642003345202,0.9503328402318654,0.8948519812982854,2.2117145808499155,2.021305721600002,2.053037211447964,2.8531936748664064,3.623198594001651,4.8258282735346825,1.8927704486745942,1.8170741854396655,1.8048577207075838,1.6436586079544826,1.4748464970344812,3.0332690757819787,3.9417091089152447,5.874512516000113,5.949988379367153,2.020604741308646,4.16351034795296,4.284545885406466,5.033806585040979,3.2453858849303376,2.37671289871884,4.022490664067023,0.5545289401211283,0.7643738204928924,3.1070732448321823,3.291343803925741,0.9380492665506253,0.9777149373602072,1.908036367363334,3.405798325890318,6.382516094753148,6.5124714162153765,4.357534325376127,2.636447405069629,2.564245775452695,0.33855883542500126,0.024107700643941587,,
7,2.1034404578653425,3.382751136302958,2.9964724305304555,0.8318343661053129,1.9790197729244288,2.4009202747072265,2.1176090741389646,3.530620379061598,3.2300934321752015,4.164376221613382,4.804720697490294,1.9001279793607648,1.2474119543860458,2.1193770423773306,2.607450075695657,3.7066580671606655,4.8655087622910065,3.4786212656124573,2.655138807682537,2.046096338969627,2.766112418510713,2.825803845579822,4.425230187866457,5.728539241214253,4.987784222758773,2.3675249036206605,3.338821338887066,4.168083443221748,5.696601179993934,4.8011325092356945,1.2887323304108698,3.1574676829205446,4.46423889777618,4.2566688420387075,3.574228170562388,6.502573225487019,2.1188734158801243,2.763148052279159,6.348489967410986,6.8737793024375495,3.3805875433792276,2.4602075156238703,4.774688780147508,4.579434793809042,2.9832266620733,3.3895060822117222,4.188894757544229,4.024496205135904,4.803437671672128,3.052591961223003,0.9574461569361371,1.7828657704900073,4.80787331619283,4.518043508872591,1.9017738473940915,2.053270568183733,2.7097827551611817,2.709411748305327,3.2231270870399342,4.839668755399881,2.5223418125892234,2.6825286502859873,6.762849892689118,7.286338127482821,4.825348196813718,4.39668706008929,2.2143680370573,1.5524098457976354,2.104748558683195,5.946485976734116,5.854325595989898,1.2528367048287754,1.8335473636416304,3.3784321895517118,3.5803512300404305,0.6904716873434291,0.13031957655457488,2.837431565355079,4.3266987732324935,2.274483123596739,5.022009356580973,4.60613350051003,3.2304361336388774,3.8170642440455635,5.295829494333747,4.251161181806447,2.395647835236115,3.9859954298256595,3.1059775250570216,0.5805113019610177,1.8770741516032643,3.693765869801169,3.8206707499133583,5.395673641403937,2.944708222297943,2.326654053584648,4.751130690271694,3.4650872738181344,2.1117689086121807,4.214406537967494,4.388668339967626,2.053149951448554,5.985733104100057,5.762573106148649,2.9670233811480404,3.2652762009766563,2.746376896288968,2.840129431193962,2.7489571484997923,2.4273136599307414,4.973460195980957,3.619774737123879,2.1346566755470495,2.1457669052680397,3.7784922075918095,4.863819149043765,2.4770676416563497,1.358532946200604,2.4931829202827918,2.5606984329917797,3.0930231221277404,3.256832709800301,4.62346778521952,4.626108704103697,2.6280028694716426,4.289542241966679,3.867860070902137,4.68881803420693,4.299549061909272,3.044558411374938,2.3135857773797204,3.2570093284415935,4.236957615154614,5.347133975526419,3.4673002781913906,1.3668337766715444,1.9738576120794047,3.321406813486674,6.277869383653543,9.892065773515615,5.0120178769443715,3.878188881015448,3.6889540098394726,3.4171290643093455,1.016460806426053,0.8998686148979385,2.2114260866292867,2.0203177952597007,2.0520188543352993,2.8507663319740404,3.6176719465494522,4.81441432964357,1.9012744271381428,1.8445814564543315,1.8084008484313254,1.6507479792157125,1.4312496625891156,3.0326458891095287,3.827579077770605,5.851291052372447,5.88209400469036,2.0195652037495657,4.146338851692706,4.288754798591334,5.025321408281763,3.141112907742567,2.274539721144387,4.0221049625253995,0.5478223066205673,0.7626333377715895,3.102973689777429,3.28415958691222,0.9029578028769011,0.9850059697209573,1.9088093060729245,3.403707332921956,6.321736323880032,6.26411189783829,4.344998277376193,2.6457662687205463,2.5398074563840334,0.36280526120415063,0.01834632904275277,,
8,2.104437226399147,3.382161203924081,2.9920152535228195,0.8353778362091958,1.9833755615604136,2.4011000645071268,2.117897683005281,3.5276396073418534,3.224175901002631,4.152503021289506,4.789905038410771,1.9371680595763252,1.25739850062711,2.119174185380467,2.6040364942952947,3.6987862050808453,4.851065164294047,3.4859142323494474,2.648906468663343,2.0456246886342724,2.763168019693594,2.821487545222923,4.410254210823462,5.7224210752302,4.894826415705421,2.370036190584271,3.3388080690869075,4.154587165405077,5.677142816576165,4.905746769889387,1.2935624123745075,3.156880722564123,4.4530693664237235,4.250202117856227,3.5184631926129866,6.349498066983518,2.1195401493836354,2.7651071140887633,6.461878179414092,6.626153993149863,3.374209199014431,2.4606227728771737,4.754787895863962,4.596815892021902,2.9815225354512775,3.38777254573617,4.166984332606381,4.114574818596992,4.804555181292801,3.071455699878741,1.0049207321379272,1.8182276902067374,4.78022966708724,4.449068725125713,1.8999853329359118,2.0546348995791344,2.7055470834754676,2.7051390491778005,3.216139857967126,4.821016022098812,2.4976213240230987,2.8160528212718683,6.50611418753491,6.949813166642127,4.810619965756508,4.398795763658093,2.291813260515046,1.55523808888291,2.1792543841225513,5.84426072363779,5.695466450046586,1.2848020743510409,1.8372785039456476,3.3729308380562646,3.5714709356268006,0.710932483668198,0.11062774017157528,2.8351576251144612,4.3148770487898105,2.2875631448987175,4.978917283279734,4.6146692158606175,3.229234700329173,3.815259175943044,5.283041574797215,4.227234563550827,2.394379689034463,3.984580034179733,3.0995573946051884,0.5757427483897577,1.8778708507664637,3.6898154456393506,3.8408881222030975,5.3845088657246984,2.839341520665686,2.322616217619919,4.730687737091773,3.504106979377613,2.126615858578958,4.205376278309756,4.379060899722186,2.000065160465879,5.875868002501469,5.754837940685951,2.969586427225014,3.265375947697466,2.7442220177869308,2.8358766328700273,2.748557468126391,2.3882087202083304,4.95334429382458,3.571777092025188,2.1371408983146187,2.2106396068215237,3.7767833354065923,4.8476114754104005,2.5769311374288852,1.3707832026257407,2.5037856303539816,2.5580795863438053,3.0880895940350546,3.247589334061871,4.606892925390325,4.618275435613386,2.623896434943015,4.277625853258814,3.8577124378831362,4.674164904285531,4.307441530673073,2.9421223439366417,2.3116524796643887,3.2609321731952203,4.233344732788165,5.333671762717153,3.266449566470693,1.3928491765506361,1.9759580837384851,3.320926250450648,6.175387377772606,8.870974349761658,4.984530081816824,3.8741570769989218,3.6830763496489416,3.4088874172222297,0.9931964541723373,0.90522666469104,2.211050039239025,2.019400252537943,2.0507340728240804,2.847310680757224,3.6095331543876763,4.802235678079423,1.9076405603897082,1.797942449357053,1.8119008037267432,1.658747595989193,1.4709451456285398,3.031851747634552,3.8675303348251124,5.823711082595337,5.80880674845703,2.0184807714691617,4.1289703314863875,4.287342350450794,5.007730239899483,3.0291278337241927,2.2823820231873118,4.020181435704405,0.6024970603520172,0.7613309112192223,3.0989910228190727,3.276179059728927,0.9416615747428045,0.9914732384520442,1.9086671676000428,3.4003645732654575,6.159595310050589,6.1363461091293185,4.334316051829294,2.650083305427549,2.6011000324601308,0.8030150764203086,0.3523787628793668,0.012774750887336081,
9,2.105294661803604,3.3810138785127903,2.987420080109341,0.8402421254330997,1.9891355000951751,2.4008187304095117,2.1179604016870552,3.5240914030432253,3.215052504942286,4.140699562691928,4.776121855799879,1.8032903241900522,1.2656665065210602,2.118000311756489,2.602627344286675,3.6936155172871348,4.83806309425411,3.4908352296054113,2.642264543129608,2.0446664221530093,2.760460545140586,2.8169337313428824,4.3680084363704745,5.704828744595452,5.06657821308131,2.3719574731067525,3.341574282392908,4.142183512522386,5.654889425648764,4.6481058886621165,1.2770961129461595,3.1574352207347967,4.441485032523844,4.24432818286116,3.487875339189059,6.217601182101103,2.120484079341122,2.7659575825566742,6.290990760276442,6.42127976720551,3.3665776275324406,2.4623353125865837,4.7341332179160425,4.609990663588576,2.979602485652836,3.3882704675285344,4.142452650663228,4.122605959841081,4.806186528697123,3.091276969793725,1.0322929394564344,1.7772984128873497,4.7574147426865965,4.344795497909144,1.8976237329595202,2.0557922922930247,2.7009502620054326,2.701950221064374,3.207685030829338,4.80001183838588,2.4860071558912775,2.6770799886546666,5.914086743592128,6.7302180414407475,4.792144315859675,4.400673025575233,2.300233357226833,1.5569450720858444,2.1479008379163407,5.754029912868476,5.666501253165031,1.3862518994079365,1.8432542537579812,3.3684751578230694,3.562437240366977,0.7087288147178343,0.10119978218437889,2.8315516868268444,4.30047451044906,2.2981984022183375,4.941281294642814,4.5671983698022105,3.2259476383965513,3.8228531342067518,5.272524339552269,4.147753715750855,2.394525249373103,3.983685840738165,3.0957265750331877,0.6052582275611341,1.8792587453942484,3.684575926681728,3.8256171723663037,5.369927254710429,2.882795594601773,2.3184203162508834,4.708665403391158,3.45702577833749,2.117999364709178,4.199448659540765,4.37230006985671,2.026556686282131,5.789097637184497,5.661147861679452,2.9714381899698585,3.263541973723371,2.7419437985637822,2.832464820560801,2.746390197614304,2.4050642616507787,4.92493371905557,3.399711698446407,2.143453951562837,2.2273031223178994,3.7796542362854195,4.835996305091178,2.404858117754054,1.3906506909345882,2.5137327154934805,2.554466194716137,3.0819872659114638,3.2403796816791157,4.59445303482121,4.605345437531004,2.619628799655538,4.270100359079719,3.848549770595812,4.656668249603832,4.308651644191261,2.9508894768027907,2.3117999576248778,3.261244701914252,4.227739083307921,5.3184978983686975,3.17243363249588,1.4229995766584467,1.9792479892589112,3.318180542899051,5.568829832210447,8.160692592022349,4.954707324809724,3.9052619344530384,3.6748488791793545,3.400714995065283,1.0081496267194703,0.9094534969483524,2.2107377532713177,2.018766701369434,2.050455342275483,2.8445344743097154,2.3195128374290688,8.475014958874976,9.82141914867553,1.6556760458286457,1.8154489815779455,1.6676920961375514,1.4299066299618546,3.0324060301290907,3.884508664569984,5.784837113482892,5.741670890881233,2.0178477807573456,4.112529212599443,4.28963437345566,5.0025914686492525,3.163038583338471,2.279685160523361,4.018135332750044,0.5981695086420132,0.7588765684796986,3.0945060250401375,3.270817435034537,0.9092092218371036,0.9972122415955297,1.90776380238435,3.396037511366265,6.0215299738251495,6.019001842452783,4.326821939252946,2.6627394523385846,2.582410050758594,0.770430299556164,0.3426763326011696,,
10,2.1071925527838222,3.3791967326035612,2.98190942730024,0.84498535501172,1.994569787152635,2.4010833746704456,2.118187088907115,3.519937194508836,3.209499551625411,4.127118979334979,4.761807938317943,1.843270310575109,1.2749361296707733,2.1177116108493776,2.5999857194333225,3.6879780123464485,4.823118843382199,3.493585106868825,2.63583799770593,2.043701785859998,2.7574645318804096,2.81237842665955,4.349423361206846,5.685241610863689,4.994296613566885,2.3742635854209273,3.34253427586177,4.1293618833000725,5.625438688101598,4.7745059999767685,1.2811614624239973,3.1559244117649503,4.432490734141683,4.236898997588528,3.5192966729371946,6.1063734605606586,2.121576960174434,2.7664960969315544,6.106122268936858,6.234073210850411,3.3577552661977914,2.4629822157674135,4.711879456009009,4.626954674557482,2.9777926978330806,3.385807197876095,4.12105216611798,4.107610701562483,4.812868325930535,3.1049258470409655,1.0039271428641223,1.79642304685407,4.733352529439784,4.297584651039296,1.89593361026233,2.056798938701143,2.696449528834172,2.6979280715266,3.2009102868119212,4.782666215213534,2.4739635043178594,2.7135102152022452,6.244250632786005,6.503078351496629,4.780031661427779,4.397105219007621,2.189556603763527,1.5598609646402162,2.18195215383182,5.680971173500774,5.565866875259994,1.4423956667202318,1.8478334598570174,3.363044773970545,3.553192684369265,0.675020110983578,0.1063908071667539,2.604639921200659,9.27139819706307,9.844869408095285,4.899925937622812,4.410181472111572,3.2242330161550283,3.813795441135162,5.262957740998247,4.166151705698161,2.396793068255382,3.9812578836020083,3.089433773228902,0.6009842037440636,1.8803694033227796,3.681223664696551,3.790780926034128,5.360633481276596,2.784080346172739,2.314449036406966,4.689509172706796,3.2976470829437345,2.129257359038587,4.190273430814051,4.3634398470084665,1.9705643009467602,5.705964184393207,5.48812812029175,2.972697938070946,3.263616134719478,2.740133001034663,2.8275438123410073,2.745555888581323,2.37207359352259,4.903832983308554,3.370191628192836,2.1455523470246116,2.2046268709752175,3.7795530400743966,4.830684475382039,2.3380775952349677,1.4048471715943769,2.52446659396661,2.552002272379911,3.0775374843266627,3.234822400973818,4.578800898472864,4.597397706006566,2.6185554948062064,4.266506313377098,3.838911593045318,4.639247573470011,4.304457362572991,2.8742032777502384,2.3109133957513395,3.2640148362255297,4.222322892049742,5.297180908465565,3.2465483911610016,1.4527252079899677,1.9817732476059378,3.313733919484935,6.879587741080058,7.782039771705766,4.926890412955063,3.9264766955971315,3.670258217823148,3.39144987350874,0.9265983056879673,0.9152949061719484,2.2104172220744505,2.0179483611401574,2.0493359865001097,2.841213062168011,2.380960654309237,7.883391728766822,8.31373634067811,1.6693832264747788,1.8192222236443105,1.674178506719198,1.4648421679848875,3.030011125934596,3.805753200211674,5.721864046319146,5.740052072711681,2.017306262009493,4.0953582696087425,4.291297396525317,4.987837862908218,3.0480438570800175,2.2892466988589533,4.020401508485037,0.5870872159074003,0.7580245577813035,3.091024807045358,3.263419921161279,0.8706428956191412,1.0044966399750588,1.9086528197192743,3.39455086593063,5.909472046042582,5.784524616918739,4.316697700002135,2.6690401825033123,2.5545179907012217,0.7337293678676142,0.3667075889582032,,
11,2.1092005664708786,3.3795398629054105,2.9780704342351707,0.8490315806615745,1.9993635538699852,2.4018178999186643,2.11835531072871,3.514904843349922,3.20058232840982,4.1126733091003675,4.750213807818167,1.8839732856515286,1.2835938798882987,2.116668115288573,2.596769610146035,3.6818372014043264,4.807277684097634,3.49909091039323,2.6283892913573146,2.0432896195040144,2.7544127103576854,2.8090592898870446,4.325493524920189,5.677397626490679,4.934328072728635,2.377040559212569,3.343272118203038,4.117959913243984,5.614190709924795,4.60883656193631,1.252326524980673,3.1564224538357766,4.421353274284981,4.228335492754787,3.45745660709232,6.016757900861713,2.122305065700431,2.767219137732282,6.070181357553585,6.1002911426818605,3.35167705461395,2.4636423287353897,4.690318423585022,4.639844382264977,2.976447829136431,3.3856603711107986,4.100684802183048,4.077609019221342,4.816713930093812,3.125584392099934,0.9850250195996357,1.8040813282148442,4.7092688543846295,4.301287002253767,1.8932002819750076,2.0578030536403875,2.6916619721959782,2.6938721128122003,3.194755228145445,4.760127271671889,2.4617300450346447,2.7024075309135167,6.035122251572143,6.330294218091168,4.768427839563521,4.402011024397245,2.1129789439193143,1.5623524827900446,2.1933036800334733,5.6143690377566005,5.4927657353721,1.5123082736259148,1.8524271302489745,3.3581507766254055,3.545109150751646,0.7222062029173286,0.10654436236577272,2.7161676295895956,7.286358539674142,8.561403993940852,4.866448866124815,4.429685850789242,3.220303192738609,3.775131995240145,5.252310553158313,4.183851505541508,2.396915223200062,3.9804779927462146,3.0847021057973474,0.600575476106061,1.8814139047738854,3.677976283839218,3.8008090975810394,5.342463116472774,2.705013457695292,2.3107765320645575,4.668413496214902,3.3588224454674163,2.09802938086,4.180719252127732,4.354090723998245,1.9048571407844423,5.642468244065555,5.327905063427022,2.9729167210436374,3.262901120675966,2.738240039991073,2.8251083618472044,2.7434813290945192,2.350329726155397,4.882005518961002,3.3688313884557957,2.1527137869668813,2.1613371847934855,3.7824809649716817,4.816886841413386,2.467969547613082,1.4195568829641043,2.5347867922912948,2.5498787643233753,3.0715417682965716,3.227320651583383,4.56407870302956,4.591037107928317,2.614236893275353,4.258589457754173,3.8290005026793925,4.626489827984061,4.307238830092986,2.8326142923507227,2.3106030156930664,3.2656225741696865,4.218431367231772,5.287597493029324,3.11765796399415,1.4769181438888281,1.9849992155223533,3.312798937337558,6.510544320517896,7.457783500872382,4.9024793640787,3.950812344454604,3.6622858212694105,3.3832441646427807,0.9406383770016651,0.9207067136047379,2.209711799444465,2.0168675734180366,2.0485455836445103,2.837697263818686,2.4674419965577172,7.656674388642304,7.6927076586298355,1.6809712345494947,1.823213201630167,1.6825444836782086,1.4941012632114798,3.0317662593330788,3.840541535939262,5.706710675910721,5.679614829772718,2.0164612765852814,4.078123728462531,4.289663490395782,4.97938363335033,2.928309844475524,2.2992061549522638,4.021588045376288,0.5746279872442319,0.757585911999075,3.0875314350399696,3.255719800747128,0.9052328282891491,1.0113809175473014,1.9083334229595628,3.3923434748395698,5.815618859074894,5.703835227072058,4.304570764833781,2.6765357627542112,2.616043208322698,0.6963642065943537,0.35624424070291794,,
12,2.111015174615438,3.380045852806523,2.9717700560760654,0.8523938449427965,2.0038406502573904,2.402245706783915,2.118433444664199,3.5121688393875443,3.195007171999069,4.097666958122069,4.737859349290226,1.7738534476620271,1.2929631170374678,2.1163143765044663,2.595317747346847,3.675383405961204,4.795064188969873,3.5013762940749285,2.622442438350589,2.042688090380091,2.75129479714216,2.8043595247468867,4.289038850785207,5.665148183548533,4.880218879379638,2.3802347435586313,3.3439112193251677,4.107538415699599,5.590149065499697,4.448941258182221,1.2573661030685308,3.156884061013373,4.409160230425498,4.218197177904064,3.464010422870399,5.926331390052543,3.4702618970816075,2.122893316216046,2.7681158372298253,5.931711014331138,5.97595973769793,3.343824517890605,2.465138031285869,4.669031827917064,4.644795119302738,2.974549066704257,3.385951627836778,4.081434769743293,4.124493267533751,4.814708895900296,3.1421031693488692,0.9720230738510637,1.805430115498123,4.686050477765105,4.325508853955755,1.8916585587788515,2.059065843642781,2.6880295938152168,2.69001174964351,3.1884324628821377,4.744212267918786,2.4494761660342284,2.667067761251297,5.852316352826937,6.203421666941599,4.753407728025461,4.3982978638881125,2.2902300476623663,1.5649591440513928,2.0732989068782572,5.552879132207484,5.263432301254775,1.4874013282794945,1.856613693824741,3.3529865532224576,3.5347327588453665,0.7058841191751888,0.10376918450457782,2.8453819555549975,6.564975540332157,7.864227244290797,4.831467859933643,4.251884231087883,3.219364181965802,3.7746729545153097,5.240977941459231,4.199197927713996,2.3960085847098824,3.978847854806104,3.0802831149922993,0.5921195139100256,1.8825277823407613,3.674182009408385,3.7728673504735863,5.336400824013182,2.824059972432091,2.3068953968423958,4.647074056968741,3.190512657862301,2.1154936951528476,4.177511969005078,4.344998765093029,1.8643533755123207,5.5839998500947825,5.34268840569937,2.976393430761391,3.261710585568437,2.7361794079560506,2.8206200987879755,2.740840357404396,2.312747131964708,4.863235174271573,3.3345369518656707,2.1558780232622032,2.2245510625158924,3.7807058549723527,4.8084364841090235,2.4012382958051046,1.4329493555545811,2.5452031277750153,2.5473506913788353,3.0661886141161814,3.2193506935311214,4.547418570507633,4.581388370729978,2.6117305580133205,4.247940903873933,3.8192991151455917,4.6096176295181674,4.308420374587361,2.76233200822942,2.3107393725339924,3.2676622723885527,4.2134192599979725,5.2716627776755205,3.197940464619501,1.4936815272805348,1.9881302017244682,3.3108314419583653,6.334206046534995,7.162839164284921,4.876725956249052,3.9714422370405256,3.657038340597044,3.3747753128410465,0.9480765095078008,0.9248067994900476,2.2097090836854156,2.0163125023881223,2.047979683988152,2.8338231083077625,2.5293238799488935,7.093630397399826,7.376333243921364,1.6916499367800109,1.8274019031169109,1.6915266234650932,1.5200296729790086,3.031881398803577,3.7787248401549323,5.673181489659263,5.602098957219152,2.0152170729896497,4.060817802884391,4.285442222025996,4.970514427690639,3.020781488670116,2.198077055841718,4.020076080753623,0.5616192004558382,0.7573637035397054,3.084003417937598,3.2502961390649308,0.8650747806153146,1.0168559968921511,1.9080374382700902,3.3881921386131086,5.735351759396674,5.626531940316906,4.29481910178923,2.685787001731677,2.590971455579919,1.3666712660239355,0.5491970805960308,0.3796980905777171
13,2.112634880321819,3.379928796489483,2.968550348451056,0.8574863699731128,2.009844028900774,2.4023689159757016,2.118418675387307,3.509663066026921,3.186501250427169,4.086920954519884,4.724581556857685,1.8124379950730152,1.301754241530334,2.1153070299424392,2.592921825021071,3.6685373443599874,4.782923656270816,3.5053139528633883,2.615184244228759,2.041917184669454,2.748217080112657,2.800255349367966,4.266809453295869,5.648974063795276,4.818606418443383,2.3835029581555425,3.3446013322304022,4.096876640908177,5.573513257655327,4.590216294758036,1.2616942691521273,3.1549475096089,4.397380859290757,4.211837731191509,3.411218711430538,5.869015449055933,2.9244141647757522,2.1232799932742945,2.7688650074987824,5.864985097511922,5.8406382539531565,3.3363081581626703,2.466458742055534,4.647816596956803,4.662160696991322,2.9720554655729274,3.3853054933429108,4.062062358311712,4.096137075166539,4.822444772483233,3.1554344917541033,0.9577197792467484,1.8077520551059612,4.663187149074951,4.346361681652725,1.8889551947046987,2.060047485615303,2.6834821078655424,2.6860322200858566,3.181533923140084,4.7234930539550515,2.437057470509112,2.6388738915242427,5.963068237750275,6.078252931372881,4.737905610402202,4.399982941882819,2.2274885408088796,1.5676312923490237,2.08034188912385,5.497028693289946,5.219339789360925,1.5671934265815903,1.860311862121171,3.3472297359783254,3.526758884283696,0.6878096771336675,0.08270486128788081,2.9620260876175806,6.1961262289872,7.45463664545079,4.797079797503264,4.252897614543093,3.2164286721858666,3.7696465342628285,5.227113351615831,4.21378901772756,2.3990832667278577,3.9750518700339326,3.0740783956481277,0.5846388254880084,1.8836467646321287,3.670464089641378,3.7814877046779447,5.3208826206984225,2.7158328186750333,2.303092048908326,4.62545284774572,3.2254007590340326,2.1274720609566864,4.170132591276596,4.3354452416500076,1.9661297374972957,5.529504024033412,5.173115632819936,2.9779918313626776,3.2596194869235595,2.7340660180322165,2.8173417885177834,2.7404970844476852,2.3886386105339263,4.843639388917911,3.300679015896627,2.1593842477629215,2.197105952478567,3.78532153391822,4.79582773133886,2.3356146568314493,1.4456375011259894,2.55532557853401,2.544807292302918,3.0618942518969057,3.21348417779632,4.535415990406285,4.570249750861894,2.6079132553674236,4.244102341316091,3.8095479661040885,4.590409492870903,4.302082087326317,2.9381419557769504,2.3104584544148508,3.269342126010912,4.208351622208029,5.251347524130056,3.0477909209682728,1.533354162721802,1.9912492080953819,3.3069863509233777,6.2128995902654935,6.9151523788825,4.8511660890663775,3.9894185884189253,3.649826872063984,3.3674272483812913,0.9555872318148457,0.930465753865172,2.209890208315353,2.0149155480900656,2.0466205460107716,2.8316329078676272,2.5600042613647807,7.038819564590936,6.957132206659162,1.7015350208313436,1.831796940521907,1.6996038780625384,1.4584744743520837,3.0304505901026024,3.8053305540029836,5.642976019294099,5.623135791983867,2.014644799579911,4.0439275243527195,4.286379447546557,4.955740048516177,2.906000893294243,2.2149654678417194,4.01631063076752,0.5496078094189555,0.7569639076356486,3.08060225523457,3.24370845561371,0.8987109792732125,1.0247076634333574,1.9083593971026092,3.385790315547335,5.665127950317151,5.371764017104623,4.287464623055247,2.6879722842368854,2.559938774186709,1.3279212559706188,0.5151786886282664,0.3698258334597338
14,2.114071224270775,3.379202838837352,2.962971114431622,0.8621138368850628,2.015171828591441,2.4021580065010104,2.1183410526765423,3.5064275957830295,3.180727100353803,4.075109803282514,4.710640777390617,1.7015141289953832,1.311182228580429,2.114890082477981,2.5894380105202015,3.66114734416904,4.770175350415745,3.5067952962949698,2.614061701075542,2.0409265712183204,2.74520034288538,2.796796653549871,4.240498444306165,5.62793985076736,4.7511993459462465,2.3876788904315047,3.3453016232121713,4.086031364592045,5.554961839988247,4.426041527016045,1.2280273459954782,3.156350562530354,4.389705474828336,4.205170262697192,3.408643016995287,5.806543900942421,2.4293332124958207,2.123891832452494,2.769919123573513,5.770218148590021,5.757988206956119,3.329759351654656,2.4675476758262427,4.626771810559485,4.672609803258591,2.970857214380327,3.3836020101274658,4.042742708604715,4.134810140215119,4.8198981489607045,3.1707098459900105,1.030898667229704,1.8100780236292984,4.640700332607328,4.364264263947784,1.8874748712151714,2.0611776336318584,2.678309138549814,2.682794887958392,3.1742227005478867,4.705874824651346,2.424496803912212,2.863142065553847,5.843638429997115,5.9664941304918315,4.728781747028045,4.398723214956007,2.162819582184919,1.5703497989127855,2.087589773650833,5.445508195461947,5.173952933568829,1.644631512465046,1.8642615982204134,3.3410116672536354,3.5166592962935748,0.6690246249635765,0.08837256666739965,3.054886669228011,6.740054515715098,7.0978310405375895,4.763024118882914,4.252385266487053,3.2140960715578673,3.760798107348017,5.211611677430231,4.227565833329537,2.3984858259451136,3.9762239164047424,3.0693684489670123,0.5777809871158234,1.8847846175339154,3.6667978390184737,3.7573222877559167,5.310974574831989,2.611452194739286,2.299527040081635,4.608848841519633,3.062013770708116,2.104713951696354,4.159767311843278,4.325504732308854,1.923050628525281,5.476501686611451,4.995250267699296,2.9776009069592906,3.258336763220046,2.7318902481887415,2.8140359887327606,2.7382071771159926,2.353559488005065,4.8232755529346365,3.266881007784319,2.165346873822958,2.252865307620161,3.78495492321503,4.786951242026809,2.2709803576492797,1.457608033700971,2.565145984692733,2.5422531144368756,3.0566113122609373,3.2050673473812257,4.523102424418814,4.557814967593101,2.605094298449044,4.234987231332889,3.7997199997716335,4.576390527943772,4.305167066224383,2.8649867478096387,2.3097048711929924,3.270597316066468,4.2032518269784,5.236134310686443,3.122311242310483,1.5545592476015353,1.9946555701142936,3.3057298248921576,6.123081187406747,6.708375137490112,4.8257681784048545,4.010893280362878,3.6435677850307693,3.3599489670884357,0.9633216432669924,0.9363699179878657,2.2099476412351398,2.0146596593953303,2.046248481037439,2.8289212109050617,2.570983721390873,6.734819794181922,6.781800435681477,1.7197875148725925,1.8364175536348055,1.7066308513212811,1.4887746702071545,3.0301525092628827,3.749890782623262,5.616889433168634,5.559606749063155,2.0140278962736278,4.028950480121211,4.286486230049241,4.949711012032339,2.7947216867403566,2.2280887011311434,4.019224576241326,0.6008534280316341,0.7564378585437472,3.0773039942335028,3.235831451910456,0.8602576098609379,1.031386051036796,1.9073858404644268,3.3839225942375077,5.6027360936994315,5.323355390422545,4.278145878622414,2.699770914365369,2.625075733197555,1.4475325787069189,0.5006036538286601,0.35996437770735257
15,2.1153338594012885,3.3778777203380765,2.958840627835364,0.865988395072948,2.0197863650894674,2.4019225183491395,2.118221926483725,3.5025718394062673,3.172275088076852,4.062056838635983,4.696221775646366,1.736098535433426,1.3203730049021145,2.114072116027271,2.5881257990356166,3.654313974225334,4.757022496579193,3.5102335739749724,2.601491275970167,2.0401263397647043,2.7422540063509606,2.7923397977099165,4.21469552608222,5.619597727398041,4.678706304876158,2.392603691615117,3.3459651261166226,4.075038937419426,5.530978282731961,4.25531148476897,1.237351934304538,3.1562385255464656,4.380330525067999,4.1975471820662165,3.3651233105209704,5.764603664304013,2.3676395585737753,2.125054046160179,2.771091463368467,5.689778700035217,5.616122395648051,3.320803241096483,2.468384656628026,4.605927653880714,4.675916900663291,2.96722036562158,3.3817153283981907,4.023539401885207,4.11252539760824,4.827411888529233,3.186878542641024,1.0163888764042648,1.7286616628364446,4.618600775660643,4.379336135055132,1.8848877667370803,2.062093637805459,2.6750254057445026,2.6795386320714494,3.1665684595009616,4.687853477441506,2.4118084645231606,2.826633034935105,5.745679387624509,5.873260580279075,4.71633676754268,4.39438576944969,2.0976554606903766,1.5731044788680935,2.094304610257763,5.39744323445968,5.129068810167679,1.5987107286468036,1.8691401408531296,3.3364250654966376,3.508776508337227,0.7176409677412957,0.09381730489607314,2.804312219358136,6.477863469803975,6.806408861508695,4.729159888909975,4.083086272789814,3.2120854085136212,3.7346565938610192,5.205605825661564,4.240490350244143,2.398371389090412,3.971701169194138,3.0645572940246666,0.5714187420021365,1.8859439498534725,3.6631668230732894,3.75738275703418,5.297858524597734,2.510414053815472,2.2963223467655487,4.591744654255226,3.099860679809666,2.1187875169579073,4.156683032582264,4.315224075764337,1.8821192770327497,5.436003267269556,5.0364614052355074,2.9811535715268405,3.2583214309619657,2.7296429265826565,2.8092456321563626,2.7360841991006186,2.316985280828965,4.802179219532395,3.2331397574353287,2.168755503021123,2.2306938952789293,3.786658063095131,4.774925374266792,2.207366864991864,1.4688580889233234,2.5746574820215704,2.539692706801704,3.050382428376071,3.1994076644654545,4.509549053039597,4.546050806977106,2.601393376520679,4.228109447185539,3.7897901919900847,4.56217326918156,4.30137225758352,2.790313254508498,2.3084416638091136,3.2713850859696754,4.198132127441407,5.223131570119677,2.9755954460080916,1.568427634150193,1.9979657322686784,3.3038638246570105,6.051838246327807,6.534724023065182,4.800479713250775,4.022091246552611,3.6372583947527914,3.352371571572337,0.895432396894145,0.9410719649406928,2.2098700845552646,2.0134737579168314,2.0453100403840567,2.825681472087325,2.5690790727851853,6.595536685674308,6.4300504067062505,1.7611404321527524,1.841279460928185,1.7132307028329348,1.5184643929119044,3.031263577984792,3.7678982124464206,5.585111149708437,5.484701636324574,2.0130653045231983,4.013991672989307,4.2837944547882,4.9402382740879816,2.8897771045236813,2.237923876079425,4.019721552479821,0.589713353587418,0.7558062987876535,3.0740940459364094,3.2298746421107745,0.8938441345319054,1.0372017667623232,1.907922429635965,3.3801348791450154,5.546430652472775,5.275976485459451,4.26664100017185,2.7051407368134597,2.5987640258951528,1.4101855962134835,0.49851159336507833,
16,2.1164089528130954,3.3758519687500432,2.9539586331066205,0.8693103621170638,2.02473664993172,2.402608066730117,2.1179571872135763,3.497722751439299,3.16662462656885,4.048316400543204,4.680870354578662,1.6371959513811054,1.3297688833634318,2.113520057655997,2.5857916378822403,3.6487802706198695,4.7438993084638055,3.511102726282454,2.5935843610800577,2.0395767689064774,2.738714012520173,2.788339831534018,4.189646004007636,5.607396653341517,4.650260752810187,2.3966982961709165,3.3463012164754082,4.06249699295406,5.517525551838814,4.137145258936716,1.2379552452967157,3.154987397449586,4.370043507936673,4.188471898802799,3.3492589854530026,5.722445091977384,2.0050291115415595,2.125583464470055,2.771875004292472,5.619817231213822,5.476853733806292,3.3148345687087053,2.469455164891903,4.58352666479083,4.689717666485341,2.966098109833251,3.3806028718325845,4.003538735897947,4.130631394795678,4.8253154772659,3.200453954880531,1.0267893439205813,1.7929575250291332,4.599682707387219,4.400442695284435,1.8832747950937296,2.0626178445777605,2.670742396463967,2.675490980730529,3.161742152293177,4.67015684703755,2.399601922389103,2.70997982679784,5.75137118880718,5.8128681450264645,4.703618242109939,4.392604975396606,2.120115006218516,1.5771191533970534,2.0594021422355473,5.352199409417956,4.972029791885813,1.7303946669572312,1.8730900736447076,3.3323860448914893,3.4999948928213414,0.7268714185212483,0.09990611376256645,2.7512203003728266,6.481834074843508,6.605355853037568,4.697105423163947,4.1642009785262974,3.209933448227467,3.7354134094378235,5.192732265910271,4.248036213012797,2.3971249686986544,3.971187904500077,3.059281485438448,0.5916631341682825,1.8851213690056805,3.657062034873873,3.744022322666126,5.2859281383571215,2.5264410554380112,2.293571136952101,4.569492167251036,3.0481933626497066,2.1118389777229,4.147649849279867,4.305022497767916,1.8970915196276437,5.392161347140485,4.987778751470709,2.9812502024090537,3.256006673351938,2.7285161433515803,2.8057483656377777,2.7343545557213473,2.350333832376748,4.779212059330314,3.3481269326553282,2.173073103598881,2.2347880684150625,3.7883884291717216,4.766134186460208,2.25058926446898,1.4874648992219501,2.5853796715935036,2.5363581533679898,3.0456216939960727,3.1914688476288378,4.491280722894348,4.53650231928148,2.598777869798646,4.219117581757124,3.7778832889737304,4.546011205692558,4.300208156170237,2.8882862260183213,2.3074960249309964,3.2725347940533824,4.190464974328963,5.206792400982357,2.9918864864407433,1.6047933636670633,2.001011369309406,3.3007277240075505,6.064142551725608,6.392797890754242,4.775656401676763,4.042069593576306,3.6307773916111254,3.3449772754288882,0.8887777731688323,0.945901648840107,2.2099199173123405,2.0126633551653557,2.0445390412679885,2.8213476205451484,2.645229918532457,6.422512899087091,6.297531055249818,1.794901883685828,1.846128663378796,1.7218248315799616,1.5351134656780392,3.0310807111648375,3.727806897575548,5.565000165971022,5.511704050672666,2.011992005532791,3.999770827377957,4.2796645743680095,4.926303682941869,2.7667013920993107,2.136120010192552,4.017249916270258,0.573659638513189,0.7565073039090958,3.0704073029389134,3.2239410840512583,0.8518895387774517,1.045198307583907,1.9075047951371276,3.377320274713413,5.494455893303176,5.221768986867293,4.2564639926165,2.711181732037395,2.5633896564310796,1.5295938351697793,0.4966230607254135,
17,2.117379518486132,3.3762868484744826,2.9488759209621582,0.8746036913958406,2.0306663335748074,2.4030775711383874,2.117957231164123,3.493535287776488,3.1580880516334426,4.035146781716745,4.666674104410914,1.6536613160711233,1.3393518646035307,2.112891125520029,2.5827361117390386,3.644082478948005,4.729891302833516,3.513622661032402,2.58727238698278,2.038967930520667,2.736710472645425,2.78452621228619,4.166952679336033,5.588427066261244,4.505807264428508,2.4032356538782023,3.346833179816766,4.053153703162911,5.4964690385030766,4.1965704421016214,1.2119768725851117,3.1564887465466027,4.355964110948268,4.180241350536814,3.319421850560576,5.688222901799445,1.851507781090571,2.1266765812108086,2.7734815199465506,5.559430088815493,5.40376107964119,3.306683019968985,2.4698125483064244,4.565810296185264,4.696577815272613,2.962461644007633,3.3824921270938675,3.9856327218830154,4.127604518534708,4.829651444269904,3.2106747003741867,0.9809497914434272,1.7463578710217036,4.574111630489185,4.412876165856387,1.8811067940529862,2.063805470799625,2.665813024348458,2.672872097649733,3.15460199506263,4.165277083429751,9.490696170429612,8.200557493793426,5.697066788575167,5.774972382592353,4.691548952780456,4.392203142263831,2.0910181091451765,1.580526731580266,2.0525053229808408,5.309400033482456,4.961692617545333,1.6947177715626238,1.8766572740566756,3.32569281326435,8.028660144793598,9.234882120474945,3.9856690980894416,2.7766768114046037,6.314449403474399,6.420262827323773,4.666254539069847,3.995542932450734,3.2055581299869513,3.7149045768703575,5.182468059657487,4.259357655796233,2.4007221187522108,3.9695516088068388,3.0534300254666675,0.5812308585727798,1.886327567076869,3.6531323988992677,3.727413604669246,5.2709063293431635,2.6208836082572287,2.2900262288993374,4.551418822362012,3.0546169516610147,2.126836120671068,4.143455775752596,4.296158260129198,1.8811152604913781,5.3542063878605575,4.788074405648533,2.984066360228926,3.255848484542123,2.726640328156047,2.8022196663133814,2.7336028965792454,2.2844372117542946,4.762739069207449,3.252575739477235,2.1768762237413526,2.2323523302143937,3.790550913069998,4.756221687738695,2.142081723604885,1.4983345268937203,2.595308124631118,2.534296023231357,3.040846275373358,3.1848424716692088,4.48153783451776,4.527638862063538,2.5955310593174343,4.214174404533256,3.7698437134525355,4.5288397894433094,4.295544865211229,2.7208053109379,2.306692098535418,3.2744312902376773,4.187821963278048,5.188829855343752,2.974527328167513,1.6317576399703746,2.004919344484396,3.297734083084197,6.094264785901452,6.241300169316567,4.748092810769303,3.456397422530976,9.653222703983081,10.161854669119554,0.9182881785775238,0.9521759382222018,2.2095102864749196,2.0119454217016384,2.043783289996922,2.8182137194517476,2.519733035898075,6.260508894145313,6.233798701076653,1.8488884798832261,1.851853322873125,1.7308770729528251,1.491619740683867,3.0291240403373645,3.7287590504949177,5.5348047644596985,5.464018460434599,2.0113488635422656,3.984076161123704,4.275726353121112,4.922101516971801,2.691055175058175,2.132631758307986,4.0152039253536955,0.5707903320018501,0.7538217863197724,3.0680241782133315,3.2165980615979906,0.89129350749709,1.0517440328231606,1.9069378359427738,3.3754530472707622,5.447135222100168,4.98574688421166,4.250123875622675,2.7192570163660585,2.6356091836712237,1.4998010376834348,0.4952976757232582,
18,2.1183764435008197,3.3767746927551032,2.9447855250902455,0.8789752451136978,2.035798119529254,2.403161176131429,2.1173078096393456,3.4917829121799056,3.152723974722859,4.023052553312454,4.648513837483895,1.7131416132549557,1.3486292316097113,2.112163181788877,2.5806856543634704,3.6377272860390235,4.7152635992735386,3.5137778710851113,2.5798638792106,2.0382825172935117,2.733709087314351,2.779723224311798,4.144005348098411,5.577277237065784,4.555172903417794,2.4067447410689944,3.347001351790985,4.043727175974713,5.47985307952238,4.170927725366164,1.196008497501195,3.1564710617164455,4.348584601330641,4.169717945426422,3.3015831530088424,5.6559247235790675,1.651777158758148,2.1268743395616116,2.774270033740086,5.506467374425116,5.323744707124329,3.3008474581855514,2.4713554762660745,4.54831289497062,4.702597915657044,2.9614265425814614,3.379788006375904,3.9667896934206994,4.1177372168190685,4.835831745830661,3.2255752741384067,0.9498088099702204,1.7653928847200377,4.5578554779701514,4.4276521963749795,1.878983403653214,2.0652396747600235,2.6623343648552917,2.6692363948027107,3.1485459746327193,4.7398452068706804,8.123308384544607,7.52528279591876,5.6946350151473295,5.70528748013557,4.67927491950695,4.388732414862226,2.0780063121937697,1.5839540709337996,2.124863925243474,5.265141475915616,4.77645637152061,1.8133604680709368,1.881468996704988,3.3227738409082153,8.258199017613844,8.102832953196826,2.8424424852897214,6.186919634233541,6.261771495166328,4.635774156136665,4.0008069131039194,3.2053454829059524,3.707334926438231,5.1742861518791425,4.269285654534462,2.400815898045371,3.968944262520602,3.047354856305144,0.5818492433946574,1.8881261896344244,3.651188503515843,3.7035084934704257,5.261524404430221,2.561176136576768,2.2871408619655247,4.53782223354476,2.9486694202533514,2.1278009014691155,4.136764765644573,4.285140088585621,1.9225450799650619,5.312699071805673,4.695764833597968,2.9855080132910023,3.2535846564362645,2.7237404873057542,2.798952526586132,2.731731642196614,2.30079873463211,4.741394531536115,3.096667475518457,2.1814796163094132,2.2477502418233435,3.7914478592153364,4.745801001290418,2.166740664172744,1.5122529574862271,2.605127047059417,2.531965734226889,3.036232158694268,3.1789059503502637,4.465200167074382,4.516719546232022,2.5919143496640755,4.207517926245417,3.7595195711495006,4.512293443333664,4.2885601643532,2.8189439794972913,2.3056916637061735,3.274707355346179,4.183117122990271,5.1729286502592595,2.790407714590266,1.642959321205579,2.0092210227348035,3.2970099056859743,6.0468011423472925,6.145408487093163,4.723629484905294,3.446199814264673,7.69467929089016,8.462190924136047,0.8852450721295214,0.9568265263523827,2.210073129438961,2.011222437250883,2.0428976244922987,2.816227391054505,2.712652892144266,6.146522260530061,6.071257257327797,1.8700621872430299,1.8577802692622958,1.7385855441909526,1.4851738122963751,3.0284237698498724,3.7050779092526973,5.516468075377992,5.336592615449106,2.0105822020724524,3.9699023551580845,4.271554653790938,4.912755144956602,2.733783231785427,2.1784277237685306,4.017540997918555,0.5463799991440241,0.7568979782713461,3.0642831752983866,3.209473515005579,0.8423339395391113,1.058567257871323,1.9072728029647965,3.3713310606529636,5.3999440320180945,4.927869386486556,4.241215165598722,2.720373890497158,2.5998059570634693,1.4500225665411144,0.49394137487272066,,
19,2.120374199061347,3.376482533692657,2.9389709973531284,0.8826619237060546,2.040198877418621,2.40288339334641,2.1171105215392463,3.4887125513589217,3.1447092298974493,4.0117623615759195,4.632996036754108,1.6038845636598016,1.3581777176501566,2.111444114006268,2.578592222849513,3.3255024963632915,8.858081682862716,10.549718343920302,2.573617793335209,2.0371586409602203,2.730721686912612,2.77587063576628,4.123425489237923,5.563198456800476,4.3953905000501505,2.414101987896827,3.3479459021047577,4.032787339840854,5.459452133031645,4.2137010031703515,1.2223657286593215,3.154823913192717,4.338625892142882,4.158678870668134,3.2940153635648,5.621890172042897,3.845299948330166,1.518988168392328,2.1279009761263574,2.7739619339153685,5.4547934867441334,5.2663762148726985,3.2941181110516937,2.4712441421976736,4.528996817350555,4.707596039573031,2.959435689948806,3.381162770015463,3.9476341569093516,4.106282394051749,4.839798427580588,3.2349366016659213,1.0023288906654788,1.7041546924878415,4.539636962248992,4.4398418927409775,1.8774193301328506,2.06590374724429,2.657242311230247,2.6646916270530205,3.141884304215514,4.735416368423686,7.351147121726814,7.183062044473363,5.625738139375945,5.649271496578196,4.669747376313813,4.380084953164666,2.241101744128108,1.5876635157815693,2.123308256885488,5.227810985642374,4.755259411792334,1.7564733598824676,1.8846902838778665,3.317638462424009,7.780209706407118,7.615512667600243,6.105107079596198,6.112155411078216,4.605637278284658,3.9610262980546893,3.20266952967351,3.6972189688570145,5.163865847270633,4.281143516631764,2.4002868549600818,3.9656547955284016,3.0434197529378926,0.5625331147856875,1.8896735192124832,3.646735704183166,3.70185093823378,5.244442788576519,2.411434110334208,2.2833993028893973,4.519309353057555,2.9339384027280784,2.119118958901198,4.129382961331427,4.275579879746604,1.915102923067087,5.2743316914839005,4.6917054898988875,2.9858656648533057,3.2533285880507927,2.7226032163676797,2.7949741003061472,2.728226170007522,2.2295034585013953,4.723843559077431,3.231552133477017,2.1852951139116765,2.2449602176039103,3.7937524996131424,4.733375452952161,2.0644156776792055,1.5243104563058034,2.6152686054197747,2.5288562591392525,3.0312401821704746,3.1723686919173826,4.453756143635828,4.5043803187521645,2.58753046552435,4.1978613411803485,3.7482529499104826,4.495684632407361,4.2880797126431025,2.677898262076527,2.30525896135597,3.277708988657475,4.176287696131424,5.156201554156685,2.804833705781111,1.6757546236577294,2.0130341535766445,3.292988065638383,6.00489409545418,6.051642445755858,4.700557575563879,3.4167689158041754,7.491864673822843,7.903143570848705,0.8960904550997759,0.962914524034475,2.2099261520325983,2.0102631706013416,2.041935347349154,2.812340295269482,2.6847665696420613,6.035051331955127,5.986014804197768,1.9158089369515645,1.8639243091430056,1.7461259464706296,1.5172232006333828,3.0303310761273203,3.6653676092114083,5.488645166681276,5.400310805749755,2.0093187473235905,3.9549694139696143,4.269927274589451,4.897944935259705,2.6387116282900864,2.1861075071658957,4.016745921169176,0.5989072664576419,0.7560386369272948,3.060818150613328,3.203983855905251,0.8754501687793015,1.0658048539333504,1.9061703955196394,3.369011616655621,5.357001000846794,4.900184423337403,4.23045013234785,2.7306537670770594,2.5665709188717902,1.5798505999680175,0.49231123599278664,,
20,2.1222811630879965,3.3755932270223203,2.9354575301327555,0.8861589432953016,2.045596794486131,2.40251453481927,2.117489166314982,3.485031558397607,3.1389785985683996,3.999278245459481,4.621495964954525,1.6539273615681507,1.3678364373043834,2.110856784915423,2.575833207708481,3.7634698022550723,6.999427500188004,8.824257659227875,2.5658578357489077,2.036793584928612,2.72857158911849,2.7717664897376912,4.103788346138624,5.546555070670177,4.256210015353583,2.4195619690860117,3.347206721396207,4.022419116639261,5.434791692320496,4.008664212514317,1.1872526569184108,3.1564557194134797,4.3293798263765995,4.149415705352042,3.2873570628013074,5.598242007656843,3.715333781168245,1.4431082718050583,2.128179484774763,2.7751999608861473,5.405981154362265,5.238961417633219,3.2865176129848193,2.4726323117389404,4.5106321786078425,4.706945158430582,2.9561958583374923,3.3801898997047037,3.930667776390866,4.128732474146888,4.836858760050602,3.247679442922084,1.0005527804144418,1.7764939732847154,4.520398859068901,4.458319832309998,1.874946158677319,2.067014015096387,2.6534156504231237,2.6617641257786895,3.1357373051961437,4.3236203391936225,6.659170201019748,6.879729883138619,5.586060929317514,5.584978857490434,4.658446600281252,4.3790527508857995,2.09721854853573,1.5906646475848132,2.071147427943429,5.197496139483642,4.654123484512488,1.7873841198119071,1.8887839450594632,3.3130689819561607,7.404676537863983,7.044328253015028,5.962530528465613,6.0185877533347325,4.572166855039938,3.879945523383218,3.2004800727800973,3.685512739668297,5.153856262805802,4.2919918152975605,2.401442161914236,3.9640061892485168,3.038100290380348,0.5874112285929448,1.892175003726431,3.6456347225297567,3.688070004560497,5.233148123796629,2.449853621943597,2.280904840169576,4.499873824409077,2.9115738865861474,2.1077677390641276,4.122289894974735,4.26206606606562,1.905723535048886,5.241130285997626,4.690082421967864,2.9877081613349996,3.249867463575855,2.7210148239227547,2.792069331190278,2.728297340918085,2.2930546221754047,4.70103737195012,3.1688082096074304,2.1881898099905146,2.302206572168687,3.795449263537639,4.724144153320884,2.146138474341357,1.5339361643850742,2.6242496837001243,2.526227710851116,3.0254481505730744,3.1649396304396737,4.438449402594643,4.493182354737526,2.585610295419015,4.193276508539757,3.7386282818511036,4.482956897988961,4.278602932592594,2.8506798982270025,2.3039981647656633,3.2789474121750652,4.172105484174985,5.140874234272804,2.695186930958962,1.6931399712334845,2.017060625594638,3.291748108883907,5.9201611860107395,5.964815828966194,4.6791107086052275,3.3009516357763533,7.186555612563066,7.479635758521559,0.8726236678759324,0.9681781054659098,2.210617065330938,2.009488257490714,2.0412664658897124,2.8102240298800636,2.3840902829207415,5.941620877653074,5.862193280597512,1.9409710918737018,1.8702354489512913,1.7539692067815056,1.5185814950724865,3.030230176919202,3.681547399903518,5.468754535456117,5.283171888071728,2.009129394172864,3.9383924297189874,4.265571472955502,4.89234911118279,2.5047729328019748,2.0944483201041333,4.011755797177835,0.5777517814423577,0.7580387584552116,3.058586903614492,3.1979905134565754,0.8299687474145283,1.0717418146583415,1.9067689078995724,3.367002952248876,5.318913430440076,4.850853975751251,4.21916702824011,2.73460828344962,2.6315323087493296,1.5337377400180567,0.49039939342705735,,
21,2.1231195124142506,3.374957485763589,2.9328161524434404,0.8892108347928992,2.0483511098092824,2.4033396929393223,2.1179745130761374,3.4826238213010408,3.1356432766208084,3.992382024240233,4.613909259324501,1.661909946143818,1.3728556223644108,2.1105963963872743,2.575078166176981,3.7297964585132863,6.607398855248762,8.438593476005199,2.561476211076136,2.0362287448116567,2.7265926407919476,2.7710096977259173,4.092893741999244,5.535973042493358,4.22599823490954,2.42252255795244,3.3473749180351957,4.018051847075156,5.4311004225955815,4.077918397672979,1.219020502238145,3.156086122520902,4.323072058732885,4.147500700415113,3.2842956371882037,5.58216457886105,3.679393392863304,1.4265535731739276,2.1283501735881822,2.7755093664630253,5.381595732505066,5.100143808308721,3.283754536485499,2.4734467507116826,4.497166675180446,4.7134974982912805,2.953739135769028,3.37947476730998,3.9219613252961767,4.118598442616792,4.842793212074066,3.25134960265088,0.9534035957564886,1.739617097960303,4.5074110812146015,4.45835677085877,1.8740603394049435,2.0671937800653506,2.6516949773715437,2.6598363626818826,3.1323549844756395,4.8307690793066795,6.535765240672196,6.731893180364617,5.549609958335157,5.566280174426133,4.65255612442731,4.377991231468125,2.2059394189590584,1.5930926582225846,2.1010130266966933,5.177902541824663,4.772223094034842,1.923767138230679,1.8907305504302365,3.310250077348871,7.251115485448381,6.933563649877329,5.921900418537346,5.968475203915833,4.559102573047929,3.8856459646956463,3.198046355201308,3.677508478516967,5.1431682712430185,4.291780052941148,2.4030739821567533,3.9651965688341244,3.035571263593264,0.5847724618273072,1.8928247855966147,3.643909931117613,3.681313175689838,5.2317239498622845,2.504596701178243,2.2791108043586985,4.49437414948256,2.8337447678421372,2.1145196478919366,4.116989814574565,4.256431544037737,1.8910146184612557,5.226119264856843,4.5023178414130784,2.988638429011661,3.2510439039918753,2.719763981568453,2.7903967230837456,2.7270044468224954,2.268486805892881,4.690844379650795,3.140147908645027,2.1892841985894473,2.298174119617141,3.795319054945724,4.720425471058099,2.032838662101148,1.5432246837080024,2.630076141335287,2.525623210782639,3.023838366890601,3.161587760166575,4.42899579577702,4.487122727946241,2.5839063917809635,4.188950647324746,3.7346754127494473,4.473505412207754,4.280325207571481,2.793094320359529,2.3025474729596653,3.278939330318056,4.168755921999386,5.1323112374889615,2.711735475377267,1.7091160704221935,2.0192429326656836,3.289005846602737,5.850591255573069,5.92060041808441,4.6687020768742675,3.2321085046455194,6.47014264932829,7.285855891721629,0.91993516925671,0.9697910604559752,2.2107317107912015,2.008711914456476,2.0407660605959905,2.808648264171304,2.353239348038335,5.8995610632037305,5.641985435075805,1.9686564559430944,1.8735882961523074,1.7572118275212008,1.5390596579045246,3.0306804949360893,3.663433811016221,5.4611250484630585,5.325737809383286,2.0082598725007483,3.9333660396158,4.2596611483580045,4.8863434121876335,2.466136897176097,2.0952722754051796,4.012458642160195,0.5753571645054382,0.7571466451821919,3.0567266684806205,3.194840393644264,0.8482130978549369,1.075977301280155,1.906276241155583,3.3651888832789614,5.302865892627339,4.732248682995979,4.218413191065012,2.7346082833239698,2.618469734993273,1.5175387971384324,0.489450617686347,,
