3.51471862576143,1.70710678118655
6.33333333333333,4.91421356237309
7.33333333333333,7.9142135623731
8.33333333333333,10.9142135623731
6.79130074905727,14.3284271247462
9.07968978321703,17.9497474683058
6.59966329107444,21.778174593052
8.09732012387598,25.8137084989848
8.09732012387598,29.642135623731
6.79130074905728,33.4705627484771
6.2688929991298,37.2989898732233
5.5649711574556,40.920310216783
5.5649711574556,44.3345237791561
4.9791847198287,47.7487373415292
4.68629150101524,51.1629509039022
4.39339828220179,54.5771644662753
4.9791847198287,57.9913780286484
4.39339828220179,61.4055915910215
4.68629150101524,64.8198051533946
5.27207793864215,68.2340187157677
4.47834294751481,72.0624458405139
6.2688929991298,76.0979797464466
6.2688929991298,79.9264068711928
8,83.3406204335659
8,86.3406204335659
8.66666666666667,89.3406204335659
7.90811690796322,92.5477272147525
7.31370849898477,96.1690475583121
9.37258300203049,99.7903679018717
7.05250462402103,103.411688245431
5.74648524920232,107.240115370178
5.74648524920232,111.068542494924
5.5649711574556,114.689862838483
4.66666666666667,117.89696961967
7,120.89696961967
5.27207793864215,124.104076400856
6.33333333333333,127.311183182043
6,130.311183182043
5.85786437626903,133.51828996323
5.56497115745558,136.932503525603
4.97918471982868,140.346717087976
4.97918471982868,143.760930650349
5.27207793864213,147.175144212722
4.68629150101522,150.589357775095
4.33333333333333,153.796464556282
3.51471862576142,157.003571337468
6,160.210678118655
6,163.210678118655
6.5300968740935,166.624891681028
7.05250462402098,170.453318805774
7.61522368914974,174.074639149334
7.32233047033629,177.488852711707
5.56497115745558,180.90306627408
6.66666666666667,184.110173055267
6.33333333333333,187.110173055267
6.26889299912976,190.52438661764
6.5300968740935,194.352813742386
6.5300968740935,198.181240867132
6.12825877028336,202.216774773065
4.94974746830579,206.459415460184
6.26889299912976,210.494949366117
5.2240774992748,214.323376490863
4.96287362431106,218.151803615609
4.71404520791028,222.187337521542
4.47834294751476,226.429978208661
5.18544972870131,230.672618895781
5.48528137423854,234.708152801713
5.48528137423854,238.53657992646
5.48528137423854,242.365007051206
5.48528137423854,246.193434175952
3.77123616632822,250.228968081885
4.70166974934732,254.264501987818
5.27207793864213,257.885822331377
5.56497115745558,261.30003589375
6,264.507142674937
6.66666666666667,267.507142674937
7,270.507142674937
5.2240774992748,273.92135623731
6.00768912416602,277.749783362056
6.15075759508248,281.371103705616
4.94974746830579,285.199530830362
5.2240774992748,289.235064736295
5.56497115745558,292.856385079855
5.27207793864213,296.270598642228
6,299.477705423414
5.56497115745558,302.684812204601
5.66666666666667,305.891918985787
5,308.891918985787
5.33333333333333,311.891918985787
3.80761184457487,315.099025766974
4.68629150101522,318.513239329347
4.68629150101522,321.92745289172
4.68629150101522,325.341666454093
4.10050506338832,328.755880016466
4.44046587438358,332.377200360026
5.56497115745558,335.998520703586
6.15075759508248,339.412734265959
6.26889299912976,343.034054609518
5.85786437626903,346.655374953078
7,349.862481734265
9,352.862481734265
7,355.862481734265
6.00768912416602,359.276695296638
6.00768912416602,363.105122421384
5.18544972870131,367.140656327317
6.00768912416602,371.176190233249
6.5300968740935,375.004617357996
6.44365081389593,378.625937701555
6.15075759508248,382.040151263928
7,385.247258045115
6.66666666666667,388.247258045115
7,391.247258045115
5.27207793864213,394.454364826302
6.66666666666667,397.661471607488
5.85786437626903,400.868578388675
5.56497115745558,404.282791951048
5.27207793864213,407.697005513421
5.27207793864213,411.111219075794
5.33333333333333,414.318325856981
4.39339828220177,417.525432638167
5.33333333333333,420.732539419354
6.33333333333333,423.732539419354
5,426.732539419354
5.66666666666667,429.732539419354
5.27207793864213,432.93964620054
6.15075759508248,436.353859762913
7.02943725152284,439.768073325286
7.61522368914974,443.18228688766
6.59966329107439,447.010714012406
8.09732012387594,451.046247918339
8.61972787380342,454.874675043085
8.09732012387594,458.703102167831
9.37258300203045,462.324422511391
8.78679656440355,465.738636073764
9.079689783217,469.152849636137
8.78679656440355,472.56706319851
10.3333333333333,475.774169979696
7.33333333333333,478.774169979696
7.02943725152284,481.981276760883
6.73654403270938,485.395490323256
8.33333333333333,488.602597104443
6.15075759508248,491.809703885629
6.44365081389593,495.223917448002
6.15075759508248,498.638131010375
6.66666666666667,501.845237791562
5.85786437626903,505.052344572749
4.68629150101522,508.466558135122
4.10050506338832,511.880771697495
4.44046587438358,515.502092041054
5.74648524920228,519.330519165801
7.02943725152284,522.95183950936
6.66666666666667,526.158946290547
6.15075759508248,529.366053071733
5.27207793864213,532.780266634107
4.97918471982868,536.19448019648
4.96287362431106,539.815800540039
4.96287362431106,543.644227664785
4.97918471982868,547.265548008345
5.56497115745558,550.679761570718
4.17926199941984,554.301081914278
5.27207793864213,557.922402257838
4.97918471982868,561.336615820211
4.97918471982868,564.750829382584
5.27207793864213,568.165042944957
6.66666666666667,571.372149726143
5.56497115745558,574.57925650733
6.66666666666667,577.786363288517
4.66666666666667,580.786363288517
6,583.786363288517
6.66666666666667,586.786363288517
5,589.786363288517
4.68629150101522,592.993470069703
5.48528137423854,596.614790413263
5.74648524920228,600.443217538009
6.79130074905724,604.271644662755
8.78679656440355,607.892965006315
5.42115198909682,611.721392131061
6.00768912416602,615.756926036994
4.47834294751476,619.792459942927
5.2240774992748,623.827993848859
4.24264068711925,627.863527754792
5.48528137423854,631.899061660725
5.85786437626903,635.520382004285
5.56497115745558,638.934595566658
4.44046587438358,642.555915910217
5.85786437626903,646.177236253777
7,649.384343034964
7,652.384343034964
6.73654403270938,655.59144981615
6.73654403270938,659.005663378523
6.79130074905724,662.626983722083
7.31370849898472,666.455410846829
7.57491237394846,670.283837971575
6.36396103067888,674.319371877508
6.26889299912976,678.354905783441
5.74648524920228,682.183332908187
4.70166974934732,686.011760032933
3.77123616632822,690.047293938866
5.85786437626903,693.875721063612
6.33333333333333,697.082827844799
6.15075759508248,700.289934625985
6.44365081389593,703.704148188358
6.44365081389593,707.118361750732
6.00768912416602,710.739682094291
6.5300968740935,714.568109219037
5.48528137423854,718.396536343784
4.24264068711925,722.432070249716
5.85786437626903,726.260497374463
4.44046587438358,729.881817718022
5.56497115745558,733.503138061582
7.02943725152284,736.917351623955
6.15075759508248,740.331565186328
6.00768912416602,743.952885529888
7.05250462402098,747.781312654634
5.85786437626903,751.402632998194
4.96287362431106,755.023953341753
5,758.438166904126
5,761.438166904126
5.66666666666667,764.438166904126
5.66666666666667,767.438166904126
5.56497115745558,770.645273685313
5.27207793864213,774.059487247686
4.94974746830579,777.887914372432
6.5300968740935,781.923448278365
6.44365081389593,785.544768621925
6.33333333333333,788.751875403111
4.97918471982868,791.958982184298
4.39339828220177,795.373195746671
4.17926199941984,798.994516090231
4.44046587438358,802.822943214977
6.00768912416602,806.651370339723
5.42115198909682,810.686904245656
4.94974746830579,814.929544932775
5.42115198909682,819.172185619894
5.48528137423854,823.207719525827
5.85786437626903,826.829039869387
6.73654403270938,830.24325343176
4.97918471982868,833.657466994133
5.48528137423854,837.278787337693
5.48528137423854,841.107214462439
6.00768912416602,844.935641587185
6.00768912416602,848.764068711931
5.85786437626903,852.385389055491
6,855.592495836678
6,858.592495836678
5.66666666666667,861.592495836678
4.68629150101522,864.799602617864
4.68629150101522,868.213816180237
4.68629150101522,871.62802974261
5.66666666666667,874.835136523797
5.27207793864213,878.042243304983
5.27207793864213,881.456456867357
6.15075759508248,884.87067042973
5.48528137423854,888.491990773289
6.73654403270938,892.113311116849
5.85786437626903,895.527524679222
5.66666666666667,898.734631460409
6.33333333333333,901.734631460409
5.66666666666667,904.734631460409
5,907.734631460409
5.33333333333333,910.734631460409
4.39339828220177,913.941738241595
5.2240774992748,917.563058585155
4.47834294751476,921.598592491088
6.00768912416602,925.63412639702
5.74648524920228,929.462553521767
6.44365081389593,933.083873865326
7.32233047033629,936.498087427699
6.5300968740935,940.119407771259
5.27207793864213,943.740728114819
7,946.947834896005
5.56497115745558,950.154941677192
4.96287362431106,953.776262020751
6.00768912416602,957.604689145498
7.57491237394846,961.433116270244
6.79130074905724,965.26154339499
6.26889299912976,969.089970519736
5.85786437626903,972.711290863296
5.56497115745558,976.125504425669
5.27207793864213,979.539717988042
5.85786437626903,982.953931550415
6,986.161038331602
7,989.161038331602
4,992.161038331602
5,995.161038331602
4.39339828220177,998.368145112788
5,1001.57525189397
4.39339828220177,1004.78235867516
3.80761184457487,1008.19657223753
4.44046587438358,1011.81789258109
4.44046587438358,1015.64631970584
5.56497115745558,1019.2676400494
5.22407749927464,1022.88896039296
5.18544972870131,1026.92449429889
4.71404520791028,1031.16713498601
5.2240774992748,1035.20266889194
4.97918471982868,1038.8239892355
5.27207793864213,1042.23820279788
5.27207793864213,1045.65241636025
4.68629150101522,1049.06662992262
6,1052.27373670381
4.97918471982868,1055.480843485
5,1058.68795026618
6,1061.68795026618
4.97918471982868,1064.89505704737
6,1068.10216382856
4.33333333333333,1071.10216382856
5,1074.10216382856
5,1077.10216382856
6.33333333333333,1080.10216382856
5,1083.10216382856
5.27207793864213,1086.30927060974
6.00768912416602,1089.9305909533
6.5300968740935,1093.75901807805
6.5300968740935,1097.5874452028
7.57491237394846,1101.41587232754
6.79130074905724,1105.24429945229
7.31370849898472,1109.07272657703
7.31370849898472,1112.90115370178
9.66666666666667,1116.31536726415
7.31370849898472,1119.72958082653
8,1123.1437943889
7.66666666666667,1126.1437943889
7.66666666666667,1129.1437943889
5.66666666666667,1132.1437943889
5.66666666666667,1135.1437943889
5.27207793864213,1138.35090117009
6,1141.55800795127
4.97918471982868,1144.76511473246
4.97918471982868,1148.17932829483
4.39339828220177,1151.59354185721
5.33333333333333,1154.80064863839
4.39339828220177,1158.00775541958
4.68629150101522,1161.42196898195
4.66666666666667,1164.62907576314
4.39339828220177,1167.83618254432
4.68629150101522,1171.2503961067
5.33333333333333,1174.45750288788
4.68629150101522,1177.66460966907
4.39339828220177,1181.07882323144
4.97918471982868,1184.49303679382
4.97918471982868,1187.90725035619
4.39339828220177,1191.32146391856
4.10050506338832,1194.73567748094
3.80761184457487,1198.14989104331
3.80761184457487,1201.56410460568
4.66666666666667,1204.77121138687
3.51471862576142,1207.97831816806
4.39339828220177,1211.39253173043
5,1214.59963851162
4.66666666666667,1217.59963851162
6.33333333333333,1220.59963851162
6.44365081389593,1223.8067452928
7.02943725152284,1227.22095885518
7.32233047033629,1230.63517241755
7.32233047033629,1234.04938597992
6.26889299912976,1237.67070632348
6.44365081389593,1241.29202666704
5.56497115745558,1244.70624022941
4.70166974934732,1248.32756057297
4.97918471982868,1251.94888091653
4.68629150101522,1255.36309447891
3.80761184457487,1258.77730804128
5.33333333333333,1261.98441482247
7,1264.98441482247
6.73654403270938,1268.19152160365
8.49390334559009,1271.60573516603
8.61972787380342,1275.22705550958
8.35852399883968,1279.05548263433
8.09732012387594,1282.88390975908
9.6654762208439,1286.50523010264
8.78679656440355,1289.91944366501
8.49390334559009,1293.33365722738
8.20101012677664,1296.74787078976
8.33333333333333,1299.95497757094
6.73654403270938,1303.16208435213
6.73654403270938,1306.5762979145
6.5300968740935,1310.19761825806
4.94974746830579,1314.23315216399
5.74648524920228,1318.26868606993
4.70166974934732,1322.09711319467
4.97918471982868,1325.71843353823
4.44046587438358,1329.33975388179
5.66666666666667,1332.75396744417
4.68629150101522,1335.96107422535
3.9180581244561,1339.58239456891
4.10050506338832,1343.20371491247
4.39339828220177,1346.61792847485
4.10050506338832,1350.03214203722
4.10050506338832,1353.44635559959
4.33333333333333,1356.65346238078
3.80761184457487,1359.86056916196
4.33333333333333,1363.06767594315
2.92893218813452,1366.27478272434
4.97918471982868,1369.68899628671
4.66666666666667,1372.8961030679
4.97918471982868,1376.10320984908
4.68629150101522,1379.51742341146
5.66666666666667,1382.72453019264
4.17926199941984,1386.13874375502
4.39339828220177,1389.76006409858
4.39339828220177,1393.17427766095
4.66666666666667,1396.38138444214
4.10050506338832,1399.58849122332
5,1402.79559800451
4.68629150101522,1406.0027047857
7.02943725152284,1409.41691834807
6.5300968740935,1413.03823869163
7.05250462402098,1416.86666581637
7.57491237394846,1420.69509294112
8.20101012677664,1424.31641328468
8.66666666666667,1427.52352006587
7.32233047033629,1430.73062684705
7.32233047033629,1434.14484040943
6.36396103067888,1437.97326753417
8.49390334559009,1441.80169465892
5.65685424949233,1445.63012178367
7.61522368914974,1449.45854890841
6.73654403270938,1452.87276247078
8,1456.07986925197
7.02943725152284,1459.28697603316
6.66666666666667,1462.49408281434
4.10050506338832,1465.70118959553
6,1468.90829637672
4.97918471982868,1472.1154031579
4.39339828220177,1475.52961672028
5,1478.73672350146
3.65685424949236,1482.15093706384
4.10050506338832,1485.7722574074
4.10050506338832,1489.18647096977
3.80761184457487,1492.60068453214
3.65685424949236,1496.2220048757
4.97918471982868,1499.84332521926
3.65685424949236,1503.46464556282
4.17926199941984,1507.29307268757
4.17926199941984,1511.12149981231
4.17926199941984,1514.94992693706
3.9180581244561,1518.77835406181
3.9180581244561,1522.60678118655
4.10050506338832,1526.22810153011
4.68629150101522,1529.64231509249
4.10050506338832,1533.05652865486
6.33333333333333,1536.26363543605
7.66666666666667,1539.26363543605
7.32233047033629,1542.47074221723
7.05250462402098,1546.09206256079
8.61972787380342,1549.92048968554
7.8361162489122,1553.74891681028
9.66454337365838,1557.57734393503
9.6654762208439,1561.19866427859
7.8361162489122,1564.81998462215
8.66666666666667,1568.23419818452
6.15075759508248,1571.44130496571
8,1574.6484117469
4.10050506338832,1577.85551852808
6.66666666666667,1581.06262530927
4.70166974934732,1584.47683887164
6,1587.89105243401
5.74648524920228,1591.30526599639
4.96287362431106,1595.13369312113
5.74648524920228,1598.96212024588
5.2240774992748,1602.79054737063
4.17926199941984,1606.61897449537
3.9180581244561,1610.44740162012
3.80761184457487,1614.06872196368
3.80761184457487,1617.48293552605
5.66666666666667,1620.69004230724
6.44365081389593,1623.89714908843
6.44365081389593,1627.3113626508
6.00768912416602,1630.93268299436
7.90811690796319,1634.55400333792
5.74648524920228,1638.17532368148
6,1641.58953724385
6.66666666666667,1644.58953724385
5.85786437626903,1647.79664402504
5.85786437626903,1651.21085758741
5.56497115745558,1654.62507114978
6.26889299912976,1658.24639149334
5.18544972870131,1662.28192539928
5.74648524920228,1666.31745930521
4.96287362431106,1670.14588642995
4.70166974934732,1673.9743135547
4.96287362431106,1677.80274067945
4.17926199941984,1681.63116780419
4.10050506338832,1685.25248814775
3.9180581244561,1688.87380849131
3.65685424949236,1692.70223561606
3.06412938514168,1696.73776952199
4.17926199941984,1700.77330342792
3.9180581244561,1704.60173055267
3.65685424949236,1708.43015767742
3.80761184457487,1712.05147802098
4.10050506338832,1715.46569158335
5.27207793864213,1718.87990514572
4,1722.08701192691
6.44365081389593,1725.2941187081
6.33333333333333,1728.50122548928
5.56497115745558,1731.70833227047
5.85786437626903,1735.12254583284
6.26889299912976,1738.7438661764
6.36396103067888,1742.77940008233
4.94974746830579,1747.02204076945
6.00768912416602,1751.05757467539
4.96287362431106,1754.88600180013
4.24264068711925,1758.92153570607
4.68629150101522,1762.74996283081
4.47834294751476,1766.57838995556
4.71404520791028,1770.82103064268
5.74648524920228,1774.85656454861
7.66666666666667,1778.27077811098
7.02943725152284,1781.47788489217
7.32233047033629,1784.89209845454
8.49390334559009,1788.30631201692
7.8361162489122,1791.92763236048
8.09732012387594,1795.75605948522
8.35852399883968,1799.58448660997
7.90811690796319,1803.20580695353
7.32233047033629,1806.6200205159
5.27207793864213,1810.03423407827
6.33333333333333,1813.24134085946
4.97918471982868,1816.44844764065
5.85786437626903,1819.86266120302
5.56497115745558,1823.27687476539
5.48528137423854,1826.89819510895
6.15075759508248,1830.51951545251
6.00768912416602,1834.14083579607
5.18544972870131,1838.176369702
4.47834294751476,1842.41901038912
6.00768912416602,1846.45454429506
4.71404520791028,1850.49007820099
5.2240774992748,1854.52561210692
6.73654403270938,1858.14693245048
4.44046587438358,1861.76825279404
4.97918471982868,1865.3895731376
4.68629150101522,1868.80378669997
4.97918471982868,1872.21800026235
5,1875.42510704353
5,1878.42510704353
6,1881.42510704353
4.66666666666667,1884.42510704353
5,1887.42510704353
4.97918471982868,1890.63221382472
5.66666666666667,1893.83932060591
5.27207793864213,1897.04642738709
4.39339828220177,1900.46064094947
4.10050506338832,1903.87485451184
5,1907.08196129303
5,1910.08196129303
5.27207793864213,1913.28906807421
6.15075759508248,1916.70328163659
6.00768912416602,1920.32460198015
6.5300968740935,1924.15302910489
7.8361162489122,1927.98145622964
7.05250462402098,1931.80988335438
7.61522368914974,1935.43120369794
6.5300968740935,1939.0525240415
6.73654403270938,1942.67384438506
7,1945.88095116625
7.66666666666667,1948.88095116625
7.02943725152284,1952.08805794744
7.66666666666667,1955.29516472862
7.57491237394846,1958.709378291
6.79130074905724,1962.53780541574
5.42115198909682,1966.57333932168
6.26889299912976,1970.60887322761
5.48528137423854,1974.43730035235
5.2240774992748,1978.2657274771
4.97918471982868,1981.88704782066
5.27207793864213,1985.30126138303
5.33333333333333,1988.50836816422
4.68629150101522,1991.71547494541
5.33333333333333,1994.92258172659
4.33333333333333,1997.92258172659
5,2000.92258172659
4.39339828220177,2004.12968850778
5.66666666666667,2007.33679528897
4.39339828220177,2010.54390207015
4.68629150101522,2013.95811563253
4.70166974934732,2017.57943597609
5.56497115745558,2021.20075631964
4.96287362431106,2024.8220766632
4.70166974934732,2028.65050378795
4.70166974934732,2032.4789309127
4.68629150101522,2036.10025125626
4.39339828220177,2039.51446481863
4.68629150101522,2042.928678381
6.66666666666667,2046.13578516219
6.15075759508289,2049.34289194338
7.31370849898559,2052.96421228693
7.31370849898559,2056.79263941168
8.0973201238769,2060.62106653643
7.61522368915025,2064.24238687999
6.73654403270983,2067.65660044236
6.73654403270983,2071.07081400473
7.33333333333333,2074.27792078592
7.66666666666667,2077.27792078592
7.32233047033677,2080.4850275671
7.32233047033677,2083.89924112948
7.05250462402181,2087.52056147304
6.59966329107545,2091.55609537897
8.0973201238769,2095.5916292849
6.00768912416673,2099.42005640965
6.2688929991305,2103.24848353439
6.33333333333333,2106.66269709677
4.70166974934788,2110.07691065914
5.33333333333333,2113.49112422151
4.97918471982901,2116.6982310027
5.66666666666667,2119.90533778388
4,2122.90533778388
4.97918471982901,2126.11244456507
5.66666666666667,2129.31955134626
5.27207793864248,2132.52665812744
4.68629150101554,2135.94087168982
4.17926199942033,2139.56219203338
4.70166974934788,2143.39061915812
4.70166974934788,2147.21904628287
4.96287362431165,2151.04747340761
4.96287362431165,2154.87590053236
4.96287362431165,2158.7043276571
4.96287362431165,2162.53275478185
3.91805812445656,2166.3611819066
4.44046587438411,2170.18960903134
7.33333333333333,2173.60382259371
8,2176.60382259371
6.66666666666667,2179.60382259371
6.44365081389636,2182.8109293749
7.0294372515233,2186.22514293727
5.48528137423919,2189.84646328083
6.2688929991305,2193.67489040558
7.61522368915025,2197.29621074914
6.79130074905804,2200.9175310927
6.73654403270983,2204.53885143626
7.32233047033677,2207.95306499863
6.44365081389636,2211.367278561
6.33333333333333,2214.57438534219
6,2217.57438534219
7,2220.57438534219
5.85786437626942,2223.78149212338
5.74648524920296,2227.40281246693
6.00768912416673,2231.23123959168
7.05250462402181,2235.05966671643
6.00768912416673,2238.88809384117
5.74648524920296,2242.71652096592
4.44046587438411,2246.54494809066
4.68629150101554,2250.16626843422
3.91805812445656,2253.78758877778
4.39339828220206,2257.40890912134
5.56497115745595,2260.82312268371
4.97918471982901,2264.23733624609
3.77123616632883,2268.06576337083
5.22407749927542,2272.10129727677
4.24264068711993,2276.1368311827
7.33333333333333,2279.75815152626
8.33333333333333,2282.75815152626
6.33333333333333,2285.75815152626
4.44046587438411,2289.17236508863
5.22407749927542,2293.00079221338
6.44365081389636,2296.62211255693
5.22407749927542,2300.24343290049
5.74648524920296,2304.07186002524
7.33333333333333,2307.48607358761
5.56497115745595,2310.6931803688
5.74648524920296,2314.31450071236
6.66666666666667,2317.72871427473
5.33333333333333,2320.72871427473
5.33333333333333,2323.72871427473
5.33333333333333,2326.72871427473
4.68629150101554,2329.93582105592
5.33333333333333,2333.1429278371
4.10050506338859,2336.35003461829
5.22407749927542,2339.97135496185
5.22407749927542,2343.7997820866
6.33333333333333,2347.21399564897
6,2350.21399564897
6,2353.21399564897
5.27207793864248,2356.42110243015
4.00693842672438,2360.2495295549
6.00768912416673,2364.28506346083
5.22407749927542,2368.11349058558
5.85786437626942,2371.73481092914
6.15075759508289,2375.14902449151
5.66666666666667,2378.3561312727
6.73654403270983,2381.56323805388
6,2384.77034483507
6.33333333333333,2387.77034483507
4.68629150101554,2390.97745161626
5.33333333333333,2394.18455839744
4.17926199942033,2397.59877195982
4.10050506338859,2401.22009230338
4.39339828220206,2404.63430586575
4,2407.84141264693
5.33333333333333,2410.84141264693
6.15075759508289,2414.04851942812
6.53009687409427,2417.66983977168
5.8925565098888,2421.70537367761
7.0294372515233,2425.53380080236
6.44365081389636,2428.94801436473
6.33333333333333,2432.15512114592
7,2435.15512114592
4.68629150101554,2438.3622279271
5.56497115745595,2441.77644148948
5.56497115745595,2445.19065505185
4.17926199942033,2448.81197539541
3.91805812445656,2452.64040252016
4.17926199942033,2456.4688296449
3.53553390593328,2460.50436355083
4.47834294751549,2464.74700423795
4.70166974934788,2468.78253814388
4.44046587438411,2472.61096526863
5.27207793864248,2476.23228561219
6,2479.43939239338
4.39339828220206,2482.64649917456
4.39339828220206,2486.06071273693
5.66666666666667,2489.26781951812
4.10050506338859,2492.47492629931
4.39339828220206,2495.88913986168
4.39339828220206,2499.30335342405
4.17926199942033,2502.92467376761
4.68629150101554,2506.54599411117
5.33333333333333,2509.75310089236
5.56497115745595,2512.96020767354
5.33333333333333,2516.16731445473
5.85786437626942,2519.37442123592
5.74648524920296,2522.99574157948
7.32233047033677,2526.61706192304
6.00768912416673,2530.2383822666
5.74648524920296,2534.06680939134
4.70166974934788,2537.89523651609
4.10050506338859,2541.51655685965
3.80761184457512,2544.93077042202
4.68629150101554,2548.34498398439
4.97918471982901,2551.75919754676
5.85786437626942,2555.17341110914
6.73654403270983,2558.58762467151
6.53009687409427,2562.20894501507
6.2688929991305,2566.03737213982
6.79130074905804,2569.86579926456
6.53009687409427,2573.69422638931
5.74648524920296,2577.52265351405
5.85786437626942,2581.14397385761
4.17926199942033,2584.76529420117
5.27207793864248,2588.38661454473
5.85786437626942,2591.8008281071
4.70166974934788,2595.42214845066
5.66666666666667,2598.83636201304
6,2601.83636201304
5.85786437626942,2605.04346879422
4.00693842672438,2608.87189591897
6.44365081389636,2612.70032304371
6.33333333333333,2615.9074298249
5.56497115745595,2619.11453660609
6,2622.32164338727
6,2625.32164338727
6.33333333333333,2628.32164338727
5.27207793864248,2631.52875016846
4.39339828220206,2634.94296373083
4.68629150101554,2638.35717729321
4.70166974934788,2641.97849763677
5.85786437626942,2645.59981798032
5.22407749927542,2649.22113832388
6.15075759508289,2652.84245866744
4.71404520791104,2656.67088579219
5.74648524920296,2660.70641969812
4.71404520791104,2664.74195360405
5.74648524920296,2668.77748750999
6.00768912416673,2672.60591463473
4.17926199942033,2676.43434175948
4.70166974934788,2680.26276888422
5.56497115745595,2683.88408922778
4.96287362431165,2687.50540957134
4.17926199942033,2691.33383669609
4.96287362431165,2695.16226382083
4.70166974934788,2698.99069094558
5.18544972870214,2703.02622485151
6.12825877028435,2707.26886553863
9,2710.89018588219
8,2713.89018588219
8.66666666666667,2716.89018588219
6.33333333333333,2719.89018588219
6,2722.89018588219
5.27207793864248,2726.09729266337
4.97918471982901,2729.51150622575
4.68629150101554,2732.92571978812
5,2736.13282656931
4.10050506338859,2739.33993335049
5,2742.54704013168
4.39339828220206,2745.75414691287
4,2748.96125369405
7,2751.96125369405
6,2754.96125369405
5.33333333333333,2757.96125369405
5,2760.96125369405
5.33333333333333,2763.96125369405
4.66666666666667,2766.96125369405
5.66666666666667,2769.96125369405
5.48528137423919,2773.37546725643
6.3639610306799,2777.41100116236
8.20101012677719,2781.2394282871
7.61522368915025,2784.65364184948
8,2787.86074863066
6,2790.86074863066
6.15075759508289,2794.06785541185
6.15075759508289,2797.48206897422
5.48528137423919,2801.10338931778
6.00768912416673,2804.93181644253
4.94974746830659,2808.96735034846
6.15075759508289,2812.79577747321
6.15075759508289,2816.20999103558
4.44046587438411,2819.83131137914
4.17926199942033,2823.65973850388
6.66666666666667,2827.07395206626
4.97918471982901,2830.28105884744
4.44046587438411,2833.902379191
5.85786437626942,2837.52369953456
4.44046587438411,2841.14501987812
3.91805812445656,2844.97344700287
3.65685424949279,2848.80187412761
4.70166974934788,2852.63030125236
4.47834294751549,2856.66583515829
4.94974746830659,2860.90847584541
5.48528137423919,2864.94400975134
6.44365081389636,2868.5653300949
6.15075759508289,2871.97954365727
5.85786437626942,2875.39375721965
6,2878.60086400083
7,2881.60086400083
6,2884.60086400083
6.15075759508289,2887.80797078202
6.73654403270983,2891.22218434439
6.2688929991305,2894.84350468795
6.79130074905804,2898.6719318127
5.65685424949324,2902.70746571863
7.05250462402181,2906.74299962456
6.00768912416673,2910.57142674931
6.15075759508289,2914.19274709287
5.85786437626942,2917.60696065524
5.56497115745595,2921.02117421761
6.66666666666667,2924.2282809988
4,2927.2282809988
5.56497115745595,2930.43538777998
5.56497115745595,2933.84960134236
5.85786437626942,2937.26381490473
4.96287362431165,2940.88513524829
4.70166974934788,2944.71356237304
4.94974746830659,2948.74909627897
4.24264068711993,2952.99173696609
5.22407749927542,2957.02727087202
5.22407749927542,2960.85569799676
4.44046587438411,2964.68412512151
5.27207793864248,2968.30544546507
4.17926199942033,2971.92676580863
5.33333333333333,2975.340979371
4.39339828220206,2978.54808615219
5,2981.75519293337
5.33333333333333,2984.75519293337
5,2987.75519293337
4.10050506338859,2990.96229971456
4.66666666666667,2994.16940649575
5,2997.16940649575
3.80761184457512,3000.37651327693
5.56497115745595,3003.79072683931
6.2688929991305,3007.41204718287
7.05250462402181,3011.24047430761
8.49390334559066,3014.86179465117
8.49390334559066,3018.27600821354
7.61522368915025,3021.69022177592
9.66666666666667,3024.8973285571
5.85786437626942,3028.10443533829
8.33333333333333,3031.31154211948
6.2688929991305,3034.72575568185
6.2688929991305,3038.5541828066
5.18544972870214,3042.58971671253
6.73654403270983,3046.41814383727
5.22407749927542,3050.03946418083
6.44365081389636,3053.66078452439
6.44365081389636,3057.07499808676
7,3060.28210486795
8,3063.28210486795
5.66666666666667,3066.28210486795
5.56497115745595,3069.48921164914
6,3072.69631843032
4.66666666666667,3075.69631843032
3.91805812445656,3079.1105319927
4.68629150101554,3082.73185233626
4.39339828220206,3086.14606589863
3.91805812445656,3089.76738624219
4.97918471982901,3093.38870658575
3.91805812445656,3097.01002692931
4.96287362431165,3100.83845405405
5.27207793864248,3104.45977439761
4.44046587438411,3108.08109474117
5.27207793864248,3111.70241508473
4.97918471982901,3115.1166286471
4.39339828220206,3118.53084220948
5.56497115745595,3121.94505577185
7,3125.15216255304
7.61522368915025,3128.35926933422
7.05250462402181,3131.98058967778
7.05250462402181,3135.80901680253
7.32233047033677,3139.43033714609
5.74648524920296,3143.05165748965
6,3146.46587105202
6,3149.46587105202
7,3152.46587105202
5.74648524920296,3155.88008461439
7.83611624891313,3159.70851173914
7.31370849898559,3163.53693886388
5.74648524920296,3167.36536598863
6.2688929991305,3171.19379311337
5.74648524920296,3175.02222023812
6.15075759508289,3178.64354058168
5.27207793864248,3182.05775414405
6.33333333333333,3185.26486092524
4.97918471982901,3188.47196770643
4.97918471982901,3191.8861812688
5,3195.09328804998
5.33333333333333,3198.09328804998
4.39339828220206,3201.30039483117
4.70166974934788,3204.92171517473
4.47834294751549,3208.95724908066
7.0294372515233,3212.78567620541
6.66666666666667,3215.9927829866
7,3218.9927829866
6.44365081389636,3222.19988976778
5.18544972870214,3226.02831689253
4.97918471982901,3229.85674401727
5.85786437626942,3233.27095757965
5.56497115745595,3236.68517114202
7,3239.89227792321
6.66666666666667,3242.89227792321
5.56497115745595,3246.09938470439
6,3249.30649148558
6.33333333333333,3252.30649148558
4.97918471982901,3255.51359826676
4.17926199942033,3259.13491861032
5.56497115745595,3262.75623895388
6.2688929991305,3266.37755929744
4.47834294751549,3270.41309320337
4.96287362431165,3274.44862710931
4.47834294751549,3278.48416101524
5.85786437626942,3282.31258813998
4.44046587438411,3285.93390848354
4.68629150101554,3289.5552288271
5.27207793864248,3292.96944238948
5.33333333333333,3296.17654917066
6.33333333333333,3299.17654917066
4.17926199942033,3302.59076273304
5.66666666666667,3306.00497629541
4.17926199942033,3309.41918985778
6.00768912416673,3313.24761698253
6.12825877028435,3317.28315088846
7.31370849898559,3321.31868479439
7.0294372515233,3324.94000513795
6.00768912416673,3328.56132548151
5.22407749927542,3332.38975260626
5.56497115745595,3336.01107294982
3.77123616632883,3339.83950007456
4.97918471982901,3343.66792719931
4.96287362431165,3347.28924754287
5.85786437626942,3350.91056788643
6.15075759508289,3354.3247814488
6.73654403270983,3357.73899501117
7.33333333333333,3360.94610179236
5.85786437626942,3364.15320857354
5.56497115745595,3367.56742213592
4.47834294751549,3371.39584926066
6.53009687409427,3375.43138316659
7.61522368915025,3379.05270351015
9.66666666666667,3382.25981029134
8.66666666666667,3385.25981029134
6.44365081389636,3388.46691707253
8.66666666666667,3391.67402385371
5.22407749927542,3395.08823741609
4.24264068711993,3399.12377132202
4.94974746830659,3403.36641200914
5.74648524920296,3407.40194591507
5.22407749927542,3411.23037303982
5.22407749927542,3415.05880016456
4.70166974934788,3418.88722728931
5.56497115745595,3422.50854763287
4.70166974934788,3426.12986797643
4.68629150101554,3429.75118831998
4.97918471982901,3433.16540188236
6,3436.37250866354
6.33333333333333,3439.37250866354
4.97918471982901,3442.57961544473
5.66666666666667,3445.78672222592
5.27207793864248,3448.9938290071
5.27207793864248,3452.40804256948
4.97918471982901,3455.82225613185
5.48528137423919,3459.44357647541
4.71404520791104,3463.47911038134
4.71404520791104,3467.72175106846
5.27207793864248,3471.55017819321
4.17926199942033,3475.17149853676
4.68629150101554,3478.79281888032
4.10050506338859,3482.2070324427
4.39339828220206,3485.62124600507
4.39339828220206,3489.03545956744
5,3492.24256634863
4.39339828220206,3495.44967312981
5,3498.656779911
3.80761184457512,3501.86388669219
5.33333333333333,3505.07099347337
4.39339828220206,3508.27810025456
4.97918471982901,3511.69231381693
4.97918471982901,3515.10652737931
5.22407749927542,3518.72784772287
5.8925565098888,3522.7633816288
7.57491237394936,3526.79891553473
7.57491237394936,3530.62734265948
8.78679656440413,3534.24866300304
10.3333333333333,3537.45576978422
7.32233047033677,3540.66287656541
10.6666666666667,3543.86998334659
10,3546.86998334659
7.05250462402181,3550.28419690897
9.37258300203107,3553.90551725253
7.31370849898559,3557.52683759609
6.835365551471,3561.56237150202
6.835365551471,3565.80501218914
8.49390334559066,3569.63343931388
6.15075759508289,3573.04765287626
7,3576.25475965744
6.66666666666667,3579.25475965744
6,3582.25475965744
5.56497115745595,3585.46186643863
4.97918471982901,3588.876080001
5.56497115745595,3592.29029356337
5.27207793864248,3595.70450712575
4.17926199942033,3599.32582746931
4.39339828220206,3602.94714781287
3.91805812445656,3606.56846815643
5.66666666666667,3609.9826817188
4.17926199942033,3613.39689528117
3.65685424949279,3617.22532240592
3.65685424949279,3621.05374953066
3.91805812445656,3624.88217665541
4.68629150101554,3628.50349699897
3.65685424949279,3632.12481734253
4.68629150101554,3635.74613768609
3.65685424949279,3639.36745802965
4.10050506338859,3642.9887783732
4.68629150101554,3646.40299193558
5,3649.61009871676
7.66666666666667,3652.61009871676
8.66666666666667,3655.61009871676
6.79130074905804,3659.02431227914
6.835365551471,3663.05984618507
8.49390334559066,3666.88827330982
6.59966329107545,3670.71670043456
8.49390334559066,3674.54512755931
7.83611624891313,3678.16644790287
8.33333333333333,3681.58066146524
8.33333333333333,3684.58066146524
8.33333333333333,3687.58066146524
7.66666666666667,3690.58066146524
5.74648524920296,3693.99487502761
5.74648524920296,3697.82330215236
5.74648524920296,3701.6517292771
6.2688929991305,3705.48015640185
5.42115198909769,3709.51569030778
6.53009687409427,3713.55122421371
5.48528137423919,3717.37965133846
4.71404520791104,3721.41518524439
4.44046587438411,3725.45071915032
7.32233047033677,3729.07203949388
6.15075759508289,3732.48625305626
5.18544972870214,3736.314680181
6.44365081389636,3740.14310730575
4.17926199942033,3743.76442764931
5.33333333333333,3747.17864121168
4.66666666666667,3750.17864121168
5.56497115745595,3753.38574799287
5.85786437626942,3756.79996155524
5.74648524920296,3760.4212818988
7.32233047033677,3764.04260224236
5.18544972870214,3767.8710293671
5.18544972870214,3772.11367005422
4.96287362431165,3776.14920396015
4.97918471982901,3779.77052430371
4.44046587438411,3783.39184464727
4.68629150101554,3787.01316499083
4.97918471982901,3790.42737855321
6,3793.63448533439
4.68629150101554,3796.84159211558
4.97918471982901,3800.25580567795
4.97918471982901,3803.67001924032
4.70166974934788,3807.29133958388
5.74648524920296,3811.11976670863
7.31370849898559,3814.94819383337
7.90811690796372,3818.56951417693
7.32233047033677,3821.98372773931
9.33333333333333,3825.19083452049
5.33333333333333,3828.19083452049
5.27207793864248,3831.39794130168
4.10050506338859,3834.81215486405
4.33333333333333,3838.01926164524
4,3841.01926164524
3.51471862576165,3844.22636842643
3.80761184457512,3847.6405819888
4.44046587438411,3851.26190233236
5.56497115745595,3854.88322267592
6.15075759508289,3858.29743623829
5.74648524920296,3861.91875658185
6.33333333333333,3865.33297014422
6,3868.33297014422
5.56497115745595,3871.54007692541
4.68629150101554,3874.95429048778
4.70166974934788,3878.57561083134
5.56497115745595,3882.1969311749
3.91805812445656,3885.81825151846
4.39339828220206,3889.43957186202
3.65685424949279,3893.06089220558
4.39339828220206,3896.68221254914
5.33333333333333,3899.88931933032
4.97918471982901,3903.09642611151
5.33333333333333,3906.3035328927
4.97918471982901,3909.51063967388
5,3912.71774645507
5.66666666666667,3915.71774645507
5.56497115745595,3918.92485323626
5.27207793864248,3922.33906679863
5.42115198909769,3926.16749392337
7.32233047033677,3929.99592104812
7.66666666666667,3933.20302782931
7.33333333333333,3936.20302782931
5.27207793864248,3939.41013461049
5.22407749927542,3943.03145495405
4.94974746830659,3947.06698885998
7.05250462402181,3951.10252276592
5.42115198909769,3955.13805667185
5.48528137423919,3959.17359057778
4.39339828220206,3962.79491092134
3.29983164553773,3966.62333804609
4.44046587438411,3970.65887195202
4.97918471982901,3974.28019229558
6.15075759508289,3977.69440585795
6.66666666666667,3980.90151263914
6.15075759508289,3984.10861942032
6.2688929991305,3987.72993976388
5.74648524920296,3991.55836688863
5.22407749927542,3995.38679401337
6.73654403270983,3999.00811435693
4.96287362431165,4002.62943470049
4.96287362431165,4006.45786182524
5.56497115745595,4010.0791821688
5.27207793864248,4013.49339573117
5.27207793864248,4016.90760929354
6,4020.11471607473
5.27207793864248,4023.32182285592
5.27207793864248,4026.73603641829
5.27207793864248,4030.15024998066
4.68629150101554,4033.56446354304
5.56497115745595,4036.97867710541
4.97918471982901,4040.39289066778
4.68629150101554,4043.80710423015
4.39339828220206,4047.22131779253
4.68629150101554,4050.6355313549
5.74648524920296,4054.25685169846
5.74648524920296,4058.0852788232
7.32233047033677,4061.70659916676
6.44365081389636,4065.12081272914
8,4068.32791951032
6.15075759508289,4071.53502629151
6.44365081389636,4074.94923985388
6.00768912416673,4078.57056019744
6.2688929991305,4082.39898732219
6.53009687409427,4086.22741444693
7.0294372515233,4089.84873479049
5.85786437626942,4093.26294835287
7.66666666666667,4096.47005513405
5,4099.47005513405
5.27207793864178,4102.67716191524
6,4105.88426869643
4.97918471982834,4109.09137547761
3.65685424949192,4112.71269582117
5.56497115745521,4116.33401616473
4.96287362431047,4119.95533650829
5.22407749927418,4123.78376363304
5.48528137423789,4127.61219075779
5.48528137423789,4131.44061788253
5.18544972870047,4135.47615178847
4.24264068711857,4139.71879247559
5.65685424949142,4143.96143316271
5.85786437626864,4147.78986028745
5.18544972870047,4151.6182874122
6.0076891241653,4155.65382131813
4.949747468305,4159.68935522407
4.44046587438305,4163.72488913
5.22407749927418,4167.55331625475
4.24264068711857,4171.58885016068
6.15075759508207,4175.41727728543
5.48528137423789,4179.03859762899
5.56497115745521,4182.65991797255
5.85786437626864,4186.07413153492
6,4189.28123831611
6,4192.28123831611
6.66666666666667,4195.28123831611
5.33333333333333,4198.28123831611
6,4201.28123831611
5.85786437626864,4204.48834509729
7.02943725152237,4207.90255865967
5.48528137423789,4211.52387900323
6.26889299912901,4215.35230612797
6.26889299912901,4219.18073325272
5.8925565098869,4223.21626715865
6.79130074905643,4227.25180106459
6.53009687409272,4231.08022818933
7.02943725152237,4234.70154853289
6.4436508138955,4238.11576209527
5.85786437626864,4241.52997565764
4.97918471982834,4244.94418922001
4.97918471982834,4248.35840278239
4,4251.56550956357
3.51471862576118,4254.77261634476
3.39565037452821,4258.39393668832
5.56497115745521,4262.01525703188
4.96287362431047,4265.63657737544
5.48528137423789,4269.46500450019
6.0076891241653,4273.29343162493
5.48528137423789,4277.12185874968
6.26889299912901,4280.95028587443
6.4436508138955,4284.57160621799
3.33333333333333,4287.77871299917
2.8732426246008,4291.19292656155
3.39565037452821,4295.02135368629
5.48528137423789,4298.84978081104
7.02943725152237,4302.4711011546
5.48528137423789,4306.09242149816
7.02943725152237,4309.71374184172
6.0076891241653,4313.33506218528
6.73654403270894,4316.95638252884
6.15075759508207,4320.37059609121
5.85786437626864,4323.78480965359
6.15075759508207,4327.19902321596
6.0076891241653,4330.82034355952
5.7464852492016,4334.64877068427
6.79130074905643,4338.47719780901
7.3223304703358,4342.09851815257
8.33333333333333,4345.30562493376
7.02943725152237,4348.51273171495
8,4351.71983849613
6.53009687409272,4355.13405205851
5.18544972870047,4359.16958596444
6.53009687409272,4363.20511987037
6.15075759508207,4366.82644021393
6.15075759508207,4370.24065377631
7.66666666666667,4373.44776055749
4.10050506338805,4376.65486733868
6.33333333333333,4379.86197411987
4.97918471982834,4383.06908090105
6.33333333333333,4386.27618768224
5.27207793864178,4389.48329446343
4.97918471982834,4392.8975080258
5.27207793864178,4396.31172158817
5.27207793864178,4399.72593515055
6,4402.93304193173
8,4405.93304193173
7.02943725152237,4409.14014871292
4.17926199941934,4412.76146905648
3.13444649956451,4416.58989618123
4.39339828220148,4420.21121652479
6,4423.41832330597
6.33333333333333,4426.41832330597
6.15075759508207,4429.62543008716
5.48528137423789,4433.24675043072
6.26889299912901,4437.07517755547
5.7464852492016,4440.90360468021
6.0076891241653,4444.73203180496
6.73654403270894,4448.35335214852
5.27207793864178,4451.76756571089
6.33333333333333,4454.97467249208
4.66666666666667,4457.97467249208
7,4460.97467249208
6,4463.97467249208
6.4436508138955,4467.18177927327
6.15075759508207,4470.59599283564
4.96287362431047,4474.2173131792
5.27207793864178,4477.83863352276
4.97918471982834,4481.25284708513
5.33333333333333,4484.45995386632
3.80761184457462,4487.66706064751
6.66666666666667,4490.87416742869
7.05250462402014,4494.28838099107
7.05250462402014,4498.11680811581
8.35852399883868,4501.94523524056
9.07968978321639,4505.56655558412
7.05250462402014,4509.18787592768
8.33333333333333,4512.60208949005
8,4515.60208949005
6,4518.60208949005
7.02943725152237,4521.80919627124
6.26889299912901,4525.4305166148
7.05250462402014,4529.25894373955
5.8925565098869,4533.29447764548
7.05250462402014,4537.33001155141
6.53009687409272,4541.15843867616
6.53009687409272,4544.98686580091
7.61522368914923,4548.60818614447
6.53009687409272,4552.22950648803
5.65685424949142,4556.26504039396
6.26889299912901,4560.30057429989
5.7464852492016,4564.12900142464
6.0076891241653,4567.95742854939
6.0076891241653,4571.78585567413
7.02943725152237,4575.40717601769
8,4578.61428279888
7.66666666666667,4581.61428279888
6.73654403270894,4584.82138958007
6.15075759508207,4588.23560314244
7.3223304703358,4591.64981670481
7.61522368914923,4595.06403026719
7.90811690796266,4598.47824382956
9.07968978321639,4601.89245739193
9.07968978321639,4605.30667095431
7.02943725152237,4608.72088451668
6.15075759508207,4612.13509807905
5.27207793864178,4615.54931164143
4.10050506338805,4618.9635252038
4.17926199941934,4622.58484554736
4.24264068711857,4626.62037945329
5.85786437626864,4630.44880657804
4.71404520790952,4634.27723370279
5.85786437626864,4638.10566082753
6.15075759508207,4641.51987438991
5.27207793864178,4644.93408795228
5.27207793864178,4648.34830151465
5.56497115745521,4651.76251507703
4.39339828220148,4655.1767286394
5,4658.38383542059
4.39339828220148,4661.59094220177
6.33333333333333,4664.79804898296
6,4667.79804898296
5.48528137423789,4671.21226254533
6.73654403270894,4674.83358288889
5.42115198909595,4678.66201001364
5.7464852492016,4682.69754391957
5.8925565098869,4686.73307782551
7.3223304703358,4690.56150495025
6.4436508138955,4693.97571851263
5.48528137423789,4697.59703885619
6.66666666666667,4701.01125241856
7.02943725152237,4704.21835919975
4.39339828220148,4707.63257276212
6.33333333333333,4710.83967954331
4.97918471982834,4714.04678632449
6.66666666666667,4717.25389310568
5.56497115745521,4720.46099988687
5.48528137423789,4724.08232023043
6.0076891241653,4727.91074735517
5.42115198909595,4731.94628126111
4.949747468305,4736.18892194823
4.949747468305,4740.43156263535
5.7464852492016,4744.46709654128
5.27207793864178,4748.08841688484
5.56497115745521,4751.50263044721
4.70166974934676,4755.12395079077
5.56497115745521,4758.74527113433
4.96287362431047,4762.36659147789
7,4765.78080504027
4.70166974934676,4769.19501860264
4.44046587438305,4773.02344572739
4.39339828220148,4776.64476607095
4.17926199941934,4780.26608641451
5.22407749927418,4784.09451353925
4.24264068711857,4788.13004744519
5.7464852492016,4792.16558135112
4.70166974934676,4795.99400847587
5.7464852492016,4799.82243560061
7.02943725152237,4803.44375594417
7.66666666666667,4806.65086272536
8,4809.65086272536
8.33333333333333,4812.65086272536
7.90811690796266,4815.85796950655
7.05250462402014,4819.47928985011
7.31370849898385,4823.30771697485
6.26889299912901,4827.1361440996
6.0076891241653,4830.96457122435
6.15075759508207,4834.58589156791
5.27207793864178,4838.00010513028
4.68629150101491,4841.41431869265
6.33333333333333,4844.62142547384
6.66666666666667,4847.62142547384
6.15075759508207,4850.82853225503
7,4854.03563903621
5.85786437626864,4857.2427458174
5.85786437626864,4860.65695937977
5.22407749927418,4864.27827972333
6.15075759508207,4867.89960006689
5.65685424949142,4871.72802719164
4.71404520790952,4875.97066787876
6.26889299912901,4880.00620178469
4.47834294751404,4884.04173569063
5.85786437626864,4887.87016281537
4.17926199941934,4891.49148315893
5.27207793864178,4895.11280350249
4.96287362431047,4898.73412384605
6.33333333333333,4902.14833740843
6.73654403270894,4905.35544418961
6.26889299912901,4908.97676453317
7.61522368914923,4912.59808487673
7.57491237394756,4916.21940522029
9.95836943965669,4919.84072556385
6.59966329107333,4923.6691526886
8.09732012387497,4927.70468659453
7.31370849898385,4931.53311371928
7.02943725152237,4935.15443406284
6,4938.36154084403
7,4941.36154084403
5,4944.36154084403
5.56497115745521,4947.56864762521
4.68629150101491,4950.98286118759
4.97918471982834,4954.39707474996
5.85786437626864,4957.81128831233
5.85786437626864,4961.22550187471
4.71404520790952,4965.05392899945
5.7464852492016,4969.08946290539
4.47834294751404,4973.12499681132
5.48528137423789,4977.16053071725
4.96287362431047,4980.988957842
5.85786437626864,4984.61027818556
4.70166974934676,4988.23159852912
5.56497115745521,4991.85291887268
6.33333333333333,4995.06002565387
4.97918471982834,4998.26713243505
6.33333333333333,5001.47423921624
4.97918471982834,5004.68134599743
5,5007.88845277861
4.66666666666667,5010.88845277861
5.33333333333333,5013.88845277861
5,5016.88845277861
7.33333333333333,5019.88845277861
5,5022.88845277861
3.51471862576118,5026.0955595598
5.33333333333333,5029.30266634099
4.39339828220148,5032.50977312217
5.48528137423789,5036.13109346573
7.02943725152237,5039.75241380929
7.05250462402014,5043.37373415285
6.83536555146881,5047.40926805879
6.79130074905643,5051.44480196472
7.05250462402014,5055.27322908947
6.0076891241653,5059.10165621421
6.4436508138955,5062.72297655777
6.73654403270894,5066.13719012015
7,5069.34429690133
7.33333333333333,5072.34429690133
8,5075.34429690133
8,5078.34429690133
7.3223304703358,5081.55140368252
7.02943725152237,5084.96561724489
7.3223304703358,5088.37983080727
6.0076891241653,5092.00115115083
6.53009687409272,5095.82957827557
6.79130074905643,5099.65800540032
5.48528137423789,5103.48643252507
6.0076891241653,5107.31485964981
4.96287362431047,5111.14328677456
4.70166974934676,5114.97171389931
4.68629150101491,5118.59303424287
5.66666666666667,5121.80014102405
6,5124.80014102405
7.66666666666667,5127.80014102405
7.33333333333333,5130.80014102405
6.73654403270894,5134.00724780524
8.33333333333333,5137.21435458643
9,5140.21435458643
7,5143.21435458643
5.33333333333333,5146.21435458643
4.66666666666667,5149.21435458643
5.66666666666667,5152.21435458643
5.48528137423789,5155.6285681488
7.02943725152237,5159.24988849236
6.53009687409272,5162.87120883592
6.53009687409272,5166.69963596067
7.61522368914923,5170.32095630423
5.48528137423789,5173.94227664779
4.68629150101491,5177.56359699135
5.27207793864178,5180.97781055372
6.73654403270894,5184.39202411609
7.05250462402014,5188.01334445965
7.31370849898385,5191.8417715844
6.53009687409272,5195.67019870915
7.02943725152237,5199.29151905271
5.27207793864178,5202.70573261508
4.70166974934676,5206.32705295864
4.70166974934676,5210.15548008339
4.17926199941934,5213.98390720813
6.73654403270894,5217.60522755169
9,5220.81233433288
7,5223.81233433288
7.3223304703358,5227.01944111407
6.79130074905643,5230.64076145763
6.53009687409272,5234.46918858237
6.0076891241653,5238.29761570712
6.0076891241653,5242.12604283187
7.33333333333333,5245.54025639424
7.02943725152237,5248.74736317543
5.85786437626864,5252.1615767378
7.33333333333333,5255.36868351899
5.56497115745521,5258.57579030017
5.56497115745521,5261.99000386255
6.15075759508207,5265.40421742492
4.70166974934676,5269.02553776848
6.4436508138955,5272.64685811204
5.7464852492016,5276.2681784556
4.949747468305,5280.30371236153
5.56497115745521,5284.13213948628
4.96287362431047,5287.75345982984
5.56497115745521,5291.3747801734
5.56497115745521,5294.78899373577
5.27207793864178,5298.20320729815
6.66666666666667,5301.41031407933
4.97918471982834,5304.61742086052
4.44046587438305,5308.23874120408
4.96287362431047,5312.06716832883
6.4436508138955,5315.68848867239
6.53009687409272,5319.30980901595
9.66666666666667,5322.72402257832
9.33333333333333,5325.72402257832
7.83611624891127,5329.13823614069
8.2010101267761,5332.75955648425
6.12825877028238,5336.587983609
6.0076891241653,5340.62351751493
7,5344.03773107731
7.33333333333333,5347.03773107731
4.97918471982834,5350.24483785849
4.96287362431047,5353.86615820205
4.97918471982834,5357.48747854561
5.27207793864178,5360.90169210799
5.27207793864178,5364.31590567036
4.71404520790952,5368.14433279511
5.7464852492016,5372.17986670104
4.71404520790952,5376.21540060697
5.42115198909595,5380.45804129409
5.56497115745521,5384.28646841884
6.15075759508207,5387.70068198121
6.66666666666667,5390.9077887624
4.97918471982834,5394.11489554359
5.56497115745521,5397.52910910596
5.66666666666667,5400.73621588715
5.56497115745521,5403.94332266833
4.97918471982834,5407.35753623071
4.71404520790952,5411.18596335545
6.0076891241653,5415.22149726139
5.8925565098869,5419.25703116732
6.79130074905643,5423.29256507325
7.3223304703358,5426.91388541681
6.73654403270894,5430.32809897919
5.48528137423789,5433.94941932275
4.70166974934676,5437.77784644749
4.71404520790952,5441.81338035343
3.77123616632762,5446.05602104055
4.44046587438305,5450.09155494648
5.56497115745521,5453.71287529004
5.85786437626864,5457.12708885241
7.66666666666667,5460.3341956336
8,5463.3341956336
7.66666666666667,5466.3341956336
6.4436508138955,5469.54130241479
7.33333333333333,5472.74840919597
6.66666666666667,5475.74840919597
5.56497115745521,5478.95551597716
4.71404520790952,5482.78394310191
7.05250462402014,5486.81947700784
7.05250462402014,5490.64790413259
8.33333333333333,5494.06211769496
8.33333333333333,5497.06211769496
6.4436508138955,5500.26922447615
7,5503.47633125733
5.22407749927418,5506.89054481971
5.42115198909595,5510.92607872564
5.65685424949142,5515.16871941276
6.79130074905643,5519.20425331869
5.7464852492016,5523.03268044344
7.3223304703358,5526.654000787
5.48528137423789,5530.27532113056
5.85786437626864,5533.89664147412
5.27207793864178,5537.31085503649
6.33333333333333,5540.51796181768
4.97918471982834,5543.72506859887
5.66666666666667,5546.93217538005
4,5549.93217538005
5.27207793864178,5553.13928216124
4.97918471982834,5556.55349572361
5.66666666666667,5559.7606025048
5.56497115745521,5562.96770928599
4.17926199941934,5566.58902962955
5.85786437626864,5570.21034997311
5.27207793864178,5573.62456353548
4.70166974934676,5577.24588387904
5.56497115745521,5580.8672042226
3.91805812445563,5584.48852456616
4.97918471982834,5588.10984490972
4.68629150101491,5591.52405847209
4.10050506338805,5594.93827203447
3.65685424949192,5598.55959237803
4.97918471982834,5602.18091272159
3.65685424949192,5605.80223306515
4.44046587438305,5609.63066018989
5.85786437626864,5613.25198053345
4.949747468305,5617.0804076582
4.96287362431047,5621.11594156413
6.79130074905643,5624.94436868888
5.18544972870047,5628.97990259481
5.18544972870047,5633.22254328193
5.65685424949142,5637.46518396905
6.0076891241653,5641.50071787499
5.7464852492016,5645.32914499973
7.66666666666667,5648.74335856211
7.90811690796266,5651.95046534329
8.2010101267761,5655.36467890567
6.36396103067785,5659.19310603041
7.83611624891127,5663.22863993635
7.02943725152237,5666.84996027991
4.97918471982834,5670.26417384228
4.68629150101491,5673.67838740465
4.97918471982834,5677.09260096703
8.33333333333333,5680.29970774821
7.02943725152237,5683.5068145294
6.53009687409272,5687.12813487296
8.2010101267761,5690.74945521652
6.12825877028238,5694.57788234127
6.26889299912901,5698.6134162472
5.48528137423789,5702.44184337195
4.96287362431047,5706.27027049669
5.56497115745521,5709.89159084025
4.44046587438305,5713.51291118381
5.48528137423789,5717.34133830856
4.47834294751404,5721.37687221449
4.71404520790952,5725.61951290161
4.96287362431047,5729.65504680755
6.26889299912901,5733.48347393229
6.4436508138955,5737.10479427585
6.0076891241653,5740.72611461941
6.4436508138955,5744.34743496297
7.3223304703358,5747.76164852535
8,5750.96875530653
8.66666666666667,5753.96875530653
8,5756.96875530653
8.2010101267761,5760.17586208772
8.78679656440296,5763.59007565009
7.83611624891127,5767.21139599365
7.83611624891127,5771.0398231184
8.09732012387497,5774.86825024315
6.12825877028238,5778.90378414908
6.53009687409272,5782.93931805501
6.0076891241653,5786.76774517976
5.85786437626864,5790.38906552332
4.96287362431047,5794.01038586688
4.24264068711857,5798.04591977281
4.00693842672309,5802.28856045993
6.0076891241653,5806.32409436587
5.85786437626864,5809.94541470943
7.3223304703358,5813.3596282718
8,5816.56673505299
10,5819.56673505299
6.66666666666667,5822.56673505299
7.33333333333333,5825.56673505299
5.56497115745521,5828.77384183417
6,5831.98094861536
8,5834.98094861536
5.66666666666667,5837.98094861536
6.15075759508207,5841.18805539655
6.15075759508207,5844.60226895892
6.26889299912901,5848.22358930248
8.2010101267761,5851.84490964604
6.0076891241653,5855.4662299896
7.02943725152237,5859.08755033316
7.66666666666667,5862.29465711435
6.33333333333333,5865.29465711435
7.33333333333333,5868.29465711435
7.31370849898385,5871.70887067672
8,5875.12308423909
7.90811690796266,5878.33019102028
5.56497115745521,5881.74440458265
5.22407749927418,5885.36572492621
5.85786437626864,5888.98704526977
6.4436508138955,5892.40125883215
6.33333333333333,5895.60836561333
4.68629150101491,5898.81547239452
5.66666666666667,5902.02257917571
4.97918471982834,5905.22968595689
6.33333333333333,5908.43679273808
5.48528137423789,5911.85100630045
6.4436508138955,5915.47232664401
6.33333333333333,5918.6794334252
5.85786437626864,5921.88654020639
6.66666666666667,5925.09364698757
6,5928.09364698757
4.97918471982834,5931.30075376876
4.68629150101491,5934.71496733113
4.97918471982834,5938.12918089351
4.97918471982834,5941.54339445588
4.97918471982834,5944.95760801825
4.10050506338805,5948.37182158063
4.68629150101491,5951.786035143
3.80761184457462,5955.20024870537
4.17926199941934,5958.82156904893
4.70166974934676,5962.64999617368
3.91805812445563,5966.47842329843
4.97918471982834,5970.09974364199
5.56497115745521,5973.51395720436
5.27207793864178,5976.92817076673
4.68629150101491,5980.34238432911
4.68629150101491,5983.75659789148
5.27207793864178,5987.17081145385
5.66666666666667,5990.37791823504
5.56497115745521,5993.58502501623
6.33333333333333,5996.79213179741
6.33333333333333,5999.79213179741
5.56497115745521,6002.9992385786
6.33333333333333,6006.20634535979
5.27207793864178,6009.41345214097
6.33333333333333,6012.62055892216
5.66666666666667,6015.62055892216
5.33333333333333,6018.62055892216
5.48528137423789,6022.03477248453
7.31370849898385,6025.86319960928
7.31370849898385,6029.69162673403
9.66547622084326,6033.31294707759
7.05250462402014,6036.93426742115
7.33333333333333,6040.34848098352
5.56497115745521,6043.55558776471
5.27207793864178,6046.96980132708
6.33333333333333,6050.17690810827
5.66666666666667,6053.17690810827
5,6056.17690810827
3.80761184457462,6059.38401488945
5.33333333333333,6062.59112167064
4.39339828220148,6065.79822845183
4.68629150101491,6069.2124420142
5,6072.41954879539
4.10050506338805,6075.62665557657
7,6078.83376235776
5.33333333333333,6081.83376235776
7.3223304703358,6085.04086913895
6.79130074905643,6088.66218948251
7.57491237394756,6092.49061660725
8.35852399883868,6096.319043732
7.54247233265523,6100.35457763793
8.01387685344618,6104.59721832505
9.07968978321639,6108.4256454498
7.31370849898385,6112.04696579336
6.79130074905643,6115.87539291811
5.65685424949142,6119.91092682404
5.56497115745521,6123.73935394879
5.56497115745521,6127.15356751116
6.66666666666667,6130.36067429235
3.91805812445563,6133.77488785472
4.70166974934676,6137.60331497947
7.02943725152237,6141.22463532303
6.15075759508207,6144.6388488854
5.66666666666667,6147.84595566659
6.15075759508207,6151.05306244777
5.85786437626864,6154.46727601015
5.85786437626864,6157.88148957252
6.26889299912901,6161.50280991608
5.65685424949142,6165.53834382201
5.18544972870047,6169.78098450913
6.26889299912901,6173.81651841507
8.2010101267761,6177.43783875863
5.18544972870047,6181.26626588337
6.26889299912901,6185.30179978931
5.22407749927418,6189.13022691405
5.85786437626864,6192.75154725761
5.7464852492016,6196.37286760117
4.96287362431047,6200.20129472592
7.3223304703358,6203.82261506948
6.73654403270894,6207.23682863185
7,6210.44393541304
5.27207793864178,6213.65104219423
4.68629150101491,6217.0652557566
4.97918471982834,6220.47946931897
4.96287362431047,6224.10078966253
4.96287362431047,6227.92921678728
6.53009687409272,6231.75764391203
8,6235.1718574744
9.66666666666667,6238.1718574744
7.90811690796266,6241.37896425559
7.31370849898385,6245.00028459915
8.09732012387497,6248.82871172389
5.22407749927418,6252.65713884864
6.26889299912901,6256.48556597339
7.33333333333333,6259.89977953576
6.66666666666667,6262.89977953576
7.66666666666667,6265.89977953576
6.66666666666667,6268.89977953576
6.15075759508207,6272.10688631695
5.22407749927418,6275.72820666051
5.22407749927418,6279.55663378525
4.71404520790952,6283.59216769119
5.27207793864178,6287.42059481593
4.47834294751404,6291.24902194068
5.56497115745521,6295.07744906543
5.22407749927418,6298.69876940899
6.15075759508207,6302.32008975255
4.70166974934676,6305.94141009611
5.56497115745521,6309.56273043967
5.85786437626864,6312.97694400204
5.27207793864178,6316.39115756441
4.96287362431047,6320.01247790797
7.3223304703358,6323.63379825153
5.8925565098869,6327.46222537628
7.05250462402014,6331.49775928221
7.90811690796266,6335.11907962577
9,6338.32618640696
8,6341.32618640696
7,6344.32618640696
9,6347.32618640696
8.49390334558953,6350.53329318815
9,6353.74039996933
6.15075759508207,6356.94750675052
7.33333333333333,6360.15461353171
5,6363.15461353171
6.15075759508207,6366.36172031289
4.949747468305,6370.19014743764
6.79130074905643,6374.22568134357
6.0076891241653,6378.05410846832
6.4436508138955,6381.67542881188
6,6384.88253559307
5.27207793864178,6388.08964237425
5.85786437626864,6391.50385593663
7,6394.71096271781
5.22407749927418,6398.12517628019
4.71404520790952,6402.16071018612
6.4436508138955,6405.98913731087
6.66666666666667,6409.19624409205
5.85786437626864,6412.40335087324
5.56497115745521,6415.81756443561
6.66666666666667,6419.0246712168
6.53009687409272,6422.43888477917
5.48528137423789,6426.26731190392
7.61522368914923,6429.88863224748
7.3223304703358,6433.30284580985
7,6436.50995259104
6.4436508138955,6439.71705937223
5.22407749927418,6443.33837971579
6.53009687409272,6447.16680684053
5.7464852492016,6450.99523396528
6.66666666666667,6454.40944752765
4.97918471982834,6457.61655430884
4.97918471982834,6461.03076787121
5.27207793864178,6464.44498143359
5.56497115745521,6467.85919499596
5.85786437626864,6471.27340855833
4.71404520790952,6475.10183568308
6.15075759508207,6478.93026280783
6.4436508138955,6482.3444763702
7,6485.55158315139
6.15075759508207,6488.75868993257
4.24264068711857,6492.58711705732
3.29983164553666,6496.82975774444
5.56497115745521,6500.65818486919
5.33333333333333,6503.86529165037
5.66666666666667,6506.86529165037
4.68629150101491,6510.07239843156
4.68629150101491,6513.48661199393
4.39339828220148,6516.90082555631
4.39339828220148,6520.31503911868
4.70166974934676,6523.93635946224
5.7464852492016,6527.76478658699
7.02943725152237,6531.38610693055
6.53009687409272,6535.00742727411
7.02943725152237,6538.62874761767
7.61522368914923,6542.04296118004
7.61522368914923,6545.45717474241
7.3223304703358,6548.87138830479
8.33333333333333,6552.07849508597
6.66666666666667,6555.07849508597
5.56497115745521,6558.28560186716
4.68629150101491,6561.69981542953
5.33333333333333,6564.90692221072
4.68629150101491,6568.11402899191
5.33333333333333,6571.32113577309
6.66666666666667,6574.32113577309
6,6577.32113577309
5.85786437626864,6580.52824255428
6.73654403270894,6583.94245611665
5.27207793864178,6587.35666967903
6.15075759508207,6590.7708832414
6.4436508138955,6594.18509680377
5.27207793864178,6597.59931036615
4.96287362431047,6601.22063070971
5.56497115745521,6604.84195105327
4.44046587438305,6608.46327139683
6.15075759508207,6612.08459174039
5.48528137423789,6615.70591208395
6.15075759508207,6619.32723242751
5.85786437626864,6622.74144598988
5.27207793864178,6626.15565955225
6.33333333333333,6629.36276633344
6.15075759508207,6632.56987311463
8.33333333333333,6635.77697989581
5.56497115745521,6638.984086677
8.33333333333333,6642.19119345819
7.02943725152237,6645.39830023937
7.66666666666667,6648.60540702056
6.4436508138955,6651.81251380175
7,6655.01962058293
6.15075759508207,6658.22672736412
5.56497115745521,6661.64094092649
5.27207793864178,6665.05515448887
5.27207793864178,6668.46936805124
4.97918471982834,6671.88358161361
6.33333333333333,6675.0906883948
4.97918471982834,6678.29779517599
4.97918471982834,6681.71200873836
5.56497115745521,6685.12622230073
6.0076891241653,6688.74754264429
6.83536555146881,6692.78307655023
7.77817459305071,6697.02571723735
6.59966329107333,6701.26835792447
9.40333949869352,6705.3038918304
7.30677007225976,6709.33942573633
10.2512626584701,6713.16785286108
7.05250462402014,6716.78917320464
6.53009687409272,6720.61760032939
6.73654403270894,6724.23892067295
4.96287362431047,6727.86024101651
3.77123616632762,6731.89577492244
5.56497115745521,6735.72420204719
5.85786437626864,6739.13841560956
6.73654403270894,6742.55262917193
7.3223304703358,6745.96684273431
6.15075759508207,6749.38105629668
5.27207793864178,6752.79526985905
5.56497115745521,6756.20948342143
4.70166974934676,6759.83080376499
5.56497115745521,6763.45212410855
4.44046587438305,6767.07344445211
5.85786437626864,6770.69476479567
4.17926199941934,6774.31608513923
4.39339828220148,6777.93740548279
6.66666666666667,6781.14451226397
6.73654403270894,6784.35161904516
6.79130074905643,6787.97293938872
6.36396103067785,6792.00847329465
7.05250462402014,6796.04400720059
5.48528137423789,6799.87243432533
6.66666666666667,6803.28664788771
5.66666666666667,6806.28664788771
6,6809.28664788771
7.33333333333333,6812.28664788771
6.15075759508207,6815.49375466889
7.33333333333333,6818.70086145008
6.4436508138955,6821.90796823127
7,6825.11507501245
6.73654403270894,6828.32218179364
5.7464852492016,6831.9435021372
8.2010101267761,6835.56482248076
7.31370849898385,6839.18614282432
7.57491237394756,6843.01456994907
7.83611624891127,6846.84299707381
7.31370849898385,6850.67142419856
6.59966329107333,6854.70695810449
7.30677007225976,6858.94959879161
7.3223304703358,6862.77802591636
6.12825877028238,6866.60645304111
6.0076891241653,6870.64198694704
8.33333333333333,6874.05620050941
6.0076891241653,6877.47041407179
7.3223304703358,6881.09173441535
4.96287362431047,6884.71305475891
4.97918471982834,6888.33437510247
7.66666666666667,6891.54148188365
3.91805812445563,6894.95569544603
4.96287362431047,6898.78412257077
8.78679656440296,6902.40544291433
7.54247233265523,6906.23387003908
7.83611624891127,6910.26940394501
6.12825877028238,6914.30493785095
7.02943725152237,6918.13336497569
6.26889299912901,6921.75468531925
6.73654403270894,6925.37600566281
5.48528137423789,6928.99732600637
6.15075759508207,6932.61864634993
6.15075759508207,6936.03285991231
7.33333333333333,6939.23996669349
6.15075759508207,6942.44707347468
6.66666666666667,6945.65418025587
5.85786437626864,6948.86128703705
5.85786437626864,6952.27550059943
4.71404520790952,6956.10392772417
6.0076891241653,6960.13946163011
7.3223304703358,6963.76078197367
7.02943725152237,6967.17499553604
9.33333333333333,6970.38210231723
6.33333333333333,6973.38210231723
6.4436508138955,6976.58920909841
5.48528137423789,6980.21052944197
6.79130074905643,6984.03895656672
6.73654403270894,6987.66027691028
6.73654403270894,6991.07449047265
6.66666666666667,6994.28159725384
6.15075759508207,6997.48870403503
7.66666666666667,7000.69581081621
7.61522368914923,7003.9029175974
9,7007.11002437859
5.7464852492016,7010.52423794096
6.73654403270894,7014.14555828452
7.66666666666667,7017.35266506571
5.7464852492016,7020.76687862808
5.85786437626864,7024.38819897164
4.96287362431047,7028.0095193152
5.27207793864178,7031.63083965876
5.27207793864178,7035.04505322113
5.27207793864178,7038.45926678351
5.66666666666667,7041.66637356469
4.68629150101491,7044.87348034588
4.68629150101491,7048.28769390825
5.66666666666667,7051.49480068944
5.27207793864178,7054.70190747063
4.44046587438305,7058.32322781419
5.27207793864178,7061.94454815775
4.71404520790952,7065.77297528249
5.7464852492016,7069.80850918843
5.18544972870047,7073.84404309436
6.4436508138955,7077.67247021911
5.85786437626864,7081.08668378148
6.33333333333333,7084.29379056267
4.10050506338805,7087.50089734385
5.33333333333333,7090.70800412504
5.56497115745521,7093.91511090623
6.33333333333333,7097.12221768741
5.56497115745521,7100.3293244686
5.56497115745521,7103.74353803097
5.56497115745521,7107.15775159335
4.97918471982834,7110.57196515572
4.97918471982834,7113.98617871809
4.68629150101491,7117.40039228047
6,7120.60749906165
5.56497115745521,7123.81460584284
6.79130074905643,7127.4359261864
8.09732012387497,7131.26435331115
7.83611624891127,7135.09278043589
8.78679656440296,7138.71410077945
7.90811690796266,7142.12831434183
8,7145.33542112301
7,7148.33542112301
6.15075759508207,7151.5425279042
5.56497115745521,7154.95674146657
5.48528137423789,7158.57806181013
5.42115198909595,7162.61359571607
7.31370849898385,7166.649129622
8.09732012387497,7170.47755674675
8.09732012387497,7174.30598387149
6.73654403270894,7177.92730421505
4.949747468305,7181.7557313398
5.27207793864178,7185.58415846455
4.70166974934676,7189.20547880811
4.00693842672309,7193.24101271404
5.22407749927418,7197.27654661997
4.96287362431047,7201.10497374472
5.48528137423789,7204.93340086947
5.22407749927418,7208.76182799421
4.00693842672309,7212.79736190015
5.85786437626864,7216.62578902489
6.15075759508207,7220.04000258727
6.15075759508207,7223.45421614964
8,7226.66132293083
5.66666666666667,7229.66132293083
6.15075759508207,7232.86842971201
6.73654403270894,7236.28264327439
7.3223304703358,7239.69685683676
6.26889299912901,7243.31817718032
6.26889299912901,7247.14660430507
5.42115198909595,7251.182138211
5.7464852492016,7255.21767211693
6.4436508138955,7258.83899246049
4.96287362431047,7262.46031280405
5.27207793864178,7266.08163314761
4.97918471982834,7269.49584670999
4.97918471982834,7272.91006027236
5.66666666666667,7276.11716705355
4.17926199941934,7279.53138061592
5.27207793864178,7283.15270095948
4.44046587438305,7286.77402130304
5.27207793864178,7290.3953416466
5.56497115745521,7293.80955520897
5.85786437626864,7297.22376877135
7,7300.43087555253
4.97918471982834,7303.63798233372
5.66666666666667,7306.84508911491
6.4436508138955,7310.05219589609
5.27207793864178,7313.46640945847
7.33333333333333,7316.67351623965
5.48528137423789,7320.08772980203
5.7464852492016,7323.91615692677
6.15075759508207,7327.53747727033
6.33333333333333,7330.74458405152
7.66666666666667,7333.74458405152
7.02943725152237,7336.95169083271
8.78679656440296,7340.36590439508
8.35852399883868,7343.98722473864
9.40333949869352,7347.81565186339
9.14213562372981,7351.64407898813
7.90811690796266,7355.26539933169
7.3223304703358,7358.67961289407
7,7361.88671967525
8.33333333333333,7364.88671967525
6.66666666666667,7367.88671967525
7.02943725152237,7371.09382645644
6.53009687409272,7374.7151468
7.05250462402014,7378.54357392475
7.83611624891127,7382.37200104949
8.09732012387497,7386.20042817424
6.36396103067785,7390.23596208017
7.31370849898385,7394.27149598611
7.02943725152237,7397.89281632967
7.02943725152237,7401.30702989204
6.73654403270894,7404.72124345441
8,7407.9283502356
10,7410.9283502356
6.66666666666667,7413.9283502356
7.66666666666667,7416.9283502356
6.4436508138955,7420.13545701679
5.85786437626864,7423.54967057916
6,7426.75677736035
4.70166974934676,7430.17099092272
5.56497115745521,7433.79231126628
5.27207793864178,7437.20652482865
4.68629150101491,7440.62073839103
5.33333333333333,7443.82784517221
4.39339828220148,7447.0349519534
5.33333333333333,7450.24205873459
7.33333333333333,7453.24205873459
7,7456.24205873459
6.66666666666667,7459.24205873459
6.66666666666667,7462.24205873459
6,7465.24205873459
5,7468.24205873459
5.33333333333333,7471.24205873459
4.97918471982834,7474.44916551577
4.97918471982834,7477.86337907815
5.85786437626864,7481.27759264052
6.26889299912901,7484.89891298408
5.8925565098869,7488.93444689001
7.3223304703358,7492.76287401476
7.61522368914923,7496.17708757713
7.02943725152237,7499.59130113951
7.02943725152237,7503.00551470188
6.4436508138955,7506.41972826425
5.85786437626864,7509.83394182663
6.66666666666667,7513.04104860781
6.33333333333333,7516.04104860781
6,7519.04104860781
5.27207793864178,7522.248155389
6.15075759508207,7525.66236895137
4.70166974934676,7529.28368929493
6.26889299912901,7533.11211641968
8,7536.52632998205
4.68629150101491,7539.73343676324
3.39565037452821,7543.3547571068
4.10050506338805,7546.97607745036
4.39339828220148,7550.39029101273
4.97918471982834,7553.80450457511
4.68629150101491,7557.21871813748
5.33333333333333,7560.42582491867
7,7563.42582491867
5,7566.42582491867
6,7569.42582491867
5.27207793864178,7572.63293169985
4.97918471982834,7576.04714526223
5.27207793864178,7579.4613588246
4.68629150101491,7582.87557238697
4.97918471982834,7586.28978594935
5.56497115745521,7589.70399951172
4.44046587438305,7593.32531985528
5.56497115745521,7596.94664019884
5.48528137423789,7600.5679605424
5.7464852492016,7604.39638766715
6.26889299912901,7608.22481479189
4.949747468305,7612.26034869783
6.26889299912901,7616.29588260376
4.949747468305,7620.33141650969
5.85786437626864,7624.15984363444
5.27207793864178,7627.57405719681
5.56497115745521,7630.98827075919
5.27207793864178,7634.40248432156
5.27207793864178,7637.81669788393
6.66666666666667,7641.02380466512
6.66666666666667,7644.02380466512
6.15075759508207,7647.23091144631
6.33333333333333,7650.43801822749
5.27207793864178,7653.64512500868
5.56497115745521,7657.05933857105
6.33333333333333,7660.26644535224
5.27207793864178,7663.47355213343
5.27207793864178,7666.8877656958
4.39339828220148,7670.30197925817
6.33333333333333,7673.50908603936
7.33333333333333,7676.50908603936
4.949747468305,7680.13040638292
6.79130074905643,7684.16594028885
6.53009687409272,7687.9943674136
7.57491237394756,7691.82279453835
7.90811690796266,7695.44411488191
7.66666666666667,7698.65122166309
8.33333333333333,7701.65122166309
6.73654403270894,7704.85832844428
8.33333333333333,7708.06543522547
7.05250462402014,7711.47964878784
7.61522368914923,7715.1009691314
6.0076891241653,7718.72228947496
5.18544972870047,7722.75782338089
5.7464852492016,7726.79335728683
6.0076891241653,7730.62178441157
7.33333333333333,7734.03599797395
6.4436508138955,7737.24310475513
6.15075759508207,7740.65731831751
7,7743.86442509869
6.33333333333333,7746.86442509869
6,7749.86442509869
4.97918471982834,7753.07153187988
6.33333333333333,7756.27863866107
6,7759.27863866107
6.15075759508207,7762.48574544225
5.85786437626864,7765.89995900463
6.4436508138955,7769.314172567
5.7464852492016,7772.93549291056
7.3223304703358,7776.55681325412
6.4436508138955,7779.97102681649
5.85786437626864,7783.38524037887
4.39339828220148,7786.79945394124
7.33333333333333,7790.00656072243
7,7793.00656072243
7.90811690796266,7796.21366750361
8.61972787380239,7799.83498784717
10.1869511235846,7803.66341497192
10.1869511235846,7807.49184209667
9.92574724862094,7811.32026922141
8.61972787380239,7815.14869634616
9.37258300202982,7818.77001668972
7.57491237394756,7822.39133703328
7.3223304703358,7826.01265737684
6.73654403270894,7829.42687093921
5.85786437626864,7832.84108450159
7.33333333333333,7836.04819128277
5.85786437626864,7839.25529806396
7,7842.46240484515
5.85786437626864,7845.66951162633
5.42115198909595,7849.49793875108
7.05250462402014,7853.53347265701
6.83536555146881,7857.56900656295
8.49390334558953,7861.39743368769
8.49390334558953,7864.81164725007
8.49390334558953,7868.22586081244
8.2010101267761,7871.64007437481
9.33333333333333,7874.847181156
7.61522368914923,7878.05428793719
7.33333333333333,7881.26139471837
6.66666666666667,7884.26139471837
4.68629150101491,7887.46850149956
5.66666666666667,7890.67560828075
5.22407749927418,7894.08982184312
5.7464852492016,7897.91824896787
7.05250462402014,7901.74667609261
7.05250462402014,7905.57510321736
8.35852399883868,7909.40353034211
8.09732012387497,7913.23195746685
8.35852399883868,7917.0603845916
8.49390334558953,7920.68170493516
5.7464852492016,7924.30302527872
7.66666666666667,7927.71723884109
5.7464852492016,7931.13145240347
6.26889299912901,7934.95987952821
7.05250462402014,7938.78830665296
8.2010101267761,7942.40962699652
6.53009687409272,7946.03094734008
7.02943725152237,7949.65226768364
7,7952.85937446483
5.85786437626864,7956.06648124601
7,7959.2735880272
7.33333333333333,7962.2735880272
6.66666666666667,7965.2735880272
5.27207793864178,7968.48069480839
6.66666666666667,7971.68780158957
5.56497115745521,7974.89490837076
5.27207793864178,7978.30912193313
6.66666666666667,7981.51622871432
6.66666666666667,7984.51622871432
4.33333333333333,7987.51622871432
6,7990.51622871432
7,7993.51622871432
6.33333333333333,7996.51622871432
5.85786437626864,7999.72333549551
6.33333333333333,8002.93044227669
5.85786437626864,8006.13754905788
6.4436508138955,8009.55176262025
6.15075759508207,8012.96597618263
6.15075759508207,8016.380189745
5.27207793864178,8019.79440330737
5.33333333333333,8023.00151008856
6,8026.00151008856
5.66666666666667,8029.00151008856
5.48528137423789,8032.41572365093
6.26889299912901,8036.24415077568
7.90811690796266,8039.86547111924
7.61522368914923,8043.27968468161
6.53009687409272,8046.90100502517
8.66666666666667,8050.31521858755
5.7464852492016,8053.72943214992
6.66666666666667,8057.14364571229
6.66666666666667,8060.14364571229
8.66666666666667,8063.14364571229
8.66666666666667,8066.14364571229
8.78679656440296,8069.35075249348
3.53553390593214,8071.76496605585
