5.067588894036129e-15,3.1193686307442585e-16
50.01711556824391,-1.4648074115162168e-05
100.03396087098673,-0.1644408095600223
150.05107315364017,-0.14643579493822192
200.06683867448078,-0.5139258030704152
250.083954144433,-0.5143236707304768
300.0983711659249,-1.0338814033892356
350.1154776781986,-1.0637963518800362
400.12883211757884,-1.6771698783582967
450.1459262741633,-1.7233807449532466
500.158884768254,-2.368227316244843
550.1759913735485,-2.398232958685571
600.1893421923393,-3.0118896031732887
650.2064486116698,-2.981340925939217
700.22081778079,-3.5054567795676426
750.2377410002649,-3.366620809047236
800.2533677189336,-3.75248254052283
850.2696448312689,-3.4627890207355407
900.2863010535096,-3.677012544839896
950.3012108155489,-3.2072141117949022
1000.3183165083185,-3.2375684670625744
1050.3311052586137,-2.579628876356117
1100.3478829350317,-2.395964880269427
1150.3579135177426,-1.554085778997528
1200.3736205406597,-1.178798164179075
1250.3807988409835,-0.18179035710212435
1300.3951608385842,0.34299652637561184
1350.40014206875,1.444694053317076
1400.4134581622986,2.061172772481468
1450.4175823697542,3.2010942451463333
1500.4305970151595,3.841585778701188
1550.43554834939,4.944614171756338
1600.4491379803385,5.5385396321580425
1650.4564430622602,6.52911547709917
1700.4712442688021,7.010346748605887
1750.4817967362733,7.82054598832793
1800.4979292405062,8.134284049114166
1850.5117206750735,8.710857040065187
1900.5287198285207,8.819227889155956
1950.5448763812344,9.128832392650816
2000.5618622797926,9.014538001355547
2050.5789668927305,9.046619596446643
2100.594978661456,8.714217945717945
2150.6115513012633,8.481273871534269
2200.62590867529,7.95595708696691
2250.6408649683412,7.4912330404309335
2300.6534131279427,6.815285265920329
2350.6663434189268,6.168260190178501
2400.677491747544,5.395664313214443
2450.6886841631635,4.625936920016255
2500.6992387481555,3.8158243550946644
2550.709473342998,2.9861955167845613
2600.7203461005947,2.1959692546055023
2650.7305682795927,1.3655959631528556
2700.7424869258025,0.6445890571981594
2750.7534961480974,-0.13694050620536316
2800.7668240992502,-0.7524846122816493
2850.7790833866316,-1.4494367713708491
2900.793798841231,-1.9394516350195532
2950.807402836081,-2.5320981111423775
3000.823213077033,-2.8934955061113445
3050.8379823451896,-3.377921525252485
3100.8544975213013,-3.623058157284742
3150.8701257952494,-4.008735908903627
3200.8870073997105,-4.161811528026864
3250.903189534515,-4.467349639662149
3300.920220818042,-4.559282294987468
3350.936722805583,-4.807009818406689
3400.9537994135435,-4.869540975052488
3450.9704732700256,-5.079743819744523
3500.9875530614413,-5.1396318649237305
3551.004324023472,-5.325308779331546
3601.0213846818688,-5.399459311713195
3651.0382348945786,-5.562395741213937
3701.055265422838,-5.65465114546619
3751.0722152277053,-5.78343021429364
3801.0892306571745,-5.8835147292461905
3851.106296850347,-5.953817836885531
3901.1233403651236,-6.038636878429088
3951.1404508775786,-6.015867224419515
4001.1575522404187,-6.0530307442501945
4051.1744246628987,-5.896964498923712
4101.191517453772,-5.850088040112301
4151.207550823527,-5.52096425145728
4201.224393147618,-5.356040947766744
4251.238651009095,-4.821282356360658
4301.254816158603,-4.51325019590362
4351.266168565572,-3.7538933562702788
4401.281153349233,-3.292469016877832
4451.288588813062,-2.3083910210640655
4501.302029690418,-1.7023140271852384
4551.305063735972,-0.5154761595496413
4601.316980428883,0.20550297282135652
4651.316014130838,1.5503336988432768
4701.326955541859,2.3361059922882297
4751.323416153322,3.7733814994898687
4801.3343954363845,4.556823463370917
4851.330543889234,6.004864349247708
4901.342724351318,6.7075834182300715
4951.341129995518,8.075403313980308
5001.355335364069,8.61529043921158
5051.358154196825,9.810871400184253
5101.3743772654425,10.110633422729176
5151.382668656745,11.049742442938474
5201.399791614422,11.04545121237394
5251.413123181945,11.660009235458373
5301.429013606851,11.308683332249434
5351.445520142134,11.553737968542354
5401.45753880905,10.839072958592839
5451.474446055949,10.697583070285154
5501.4802427109935,9.63315884934162
5551.494698958966,9.11805529500565
5601.493044327375,7.747646657905788
5651.502988047395,6.900953297938493
5701.494349284869,5.295908064878469
5751.499124654177,4.185043298266434
5801.485758509061,2.4390200781096993
5851.486278777837,1.1507040271523974
5901.47177044385,-0.6276653323480573
5951.4701873057575,-1.9952358924047127
6001.458548087294,-3.6910037315562394
6051.457553734412,-5.036901325206257
6101.452140509244,-6.537928099626605
6151.454146769105,-7.7672935255392535
6201.456728208733,-8.972976918066667
6251.4631945844885,-10.005035866845338
6301.473443462669,-10.833858043450434
6351.484558482257,-11.608433031149032
6401.500114904914,-12.003685297910879
6451.514902804439,-12.48566120313063
6501.531978215334,-12.418909078974817
6551.548756538318,-12.600338525079227
6601.563091886795,-12.072429298161447
6651.580096657382,-11.972211096699255
6701.587998317623,-11.011870726181893
6751.6039555103,-10.673168096037099
6801.603131298735,-9.333453332206965
6851.617591842776,-8.819209751678201
6901.607588164236,-7.172249279237641
6951.620937902108,-6.559290931107895
7001.603105479555,-4.6898535331375255
7051.616275091688,-4.062135090741032
7101.593322773607,-2.060604579780784
7151.607318002649,-1.5021682083339718
7201.582613973669,0.5425044305537271
7251.5980361505635,0.9543141393537631
7301.574860141663,2.9611562084082186
7351.591580317642,3.161732382767925
7401.572514347345,5.063335401468301
7451.589607809173,5.0056862144421075
7501.576188814034,6.752457571277357
7551.592150329515,6.410586979885982
7601.58481941626,7.973385331535884
7651.59799004264,7.3439394370624935
7701.596287599378,8.71491378142726
7751.605357648469,7.816962328062483
7801.608255182275,9.008525244903236
7851.6126841492505,7.881465194920678
7901.618926888911,8.92344930974434
7951.6191469100395,7.623142747209314
8001.627507341855,8.558314850297144
8051.624844890155,7.151703731218279
8101.634244613944,8.029941068303367
8151.630585408826,6.58851264113612
8201.64010890072,7.4600763813715325
8251.63741476824,6.052679229214113
8301.646287665837,6.961142489207459
8351.646122302229,5.646763627001192
8401.653737052466,6.6222513530955585
8451.656950666862,5.443443863321061
8501.662985670397,6.4968997195698535
8551.66964487642,5.47457835619446
8601.67425116622,6.593768297214564
8651.683801028335,5.724048229791727
8701.687753830543,6.8719249587802125
8751.699302423123,6.12555389740262
8801.703974388609,7.241434767081237
8851.71654019343,6.566160104707714
8901.723582420207,7.569920445885169
8951.736171100027,6.89585258361134
9001.74689543115,7.695026123719221
9051.758373842224,6.942729456864709
9101.772986121608,7.442064877830216
9151.781859170234,6.532759919232196
9201.798834757767,6.645441199873766
9251.803138333551,5.5123734403562015
9301.819081593687,5.1718117019789585
9351.816614274534,3.7715812455908893
9401.82684710912,2.9424748278464783
9451.815839775594,1.2649759017136206
9501.815719422691,-0.047738009872407464
9551.79581123282,-1.9721041629325227
9601.782454524302,-3.7176839095041108
9651.75559591473,-5.814667565150807
9701.729412764445,-7.895389301719316
9751.700176255303,-10.048216656963392
9801.665527195457,-12.323167834394026
9851.6403808938,-14.378866244410844
9901.604859761757,-16.672790023870434
9951.590277717067,-18.453337954470356
10001.562567821806,-20.570076578968088
10051.562339479404,-21.887680561123116
10101.54916841735,-23.62724264189473
10151.561751193434,-24.302532773020342
10201.564956908958,-25.48031921127698
10251.58197114719,-25.36178192267219
10301.596859452593,-25.828089603364035
10351.603676816138,-24.810688397493674
10401.619558861643,-24.468353361878894
10451.598344362379,-22.509136704586783
10501.60142891925,-21.32718726340082
10551.536115811516,-18.455856651390786
10601.514028112322,-16.47739113461033
10651.395848028114,-12.800328846366897
10701.342303671872,-10.143476311022614
10751.174019084554,-5.840508751269338
10801.091918974958,-2.6921244848930246
10850.889057647117,1.9938750380409362
10900.790642088776,5.391373108728077
10950.578837666499,10.171244822010609
11000.482467333193,13.538897234048136
11050.291248935067,18.09902840880861
11100.215581676008,21.144763374569145
11150.070233174616,25.172337810960347
11200.02762679423,27.616957612238327
11249.941597131625,30.826597870504408
11299.933071263094,32.430045733794586
11349.903489115164,34.5894279480389
11399.917249997541,35.174681854964184
11449.925249992679,36.12641906942406
11499.939639405977,35.59825132843948
11549.955663938685,35.275423570383
11599.945810255573,33.63165470120984
11649.938349396987,32.06498659759713
11699.884384519479,29.398791673539787
11749.829402911755,26.714569999308175
11799.723439657064,23.207635819880064
11849.61147712598,19.616706631423863
11899.460888454512,15.5242017483516
11949.299594961289,11.303418782421693
11999.125362540626,6.932517374901258
12048.93674309888,2.4006236891564763
12098.767300971627,-1.91533450521162
12148.580677156055,-6.425170820404671
12198.443202367243,-10.35471212412651
12248.286274060209,-14.523406213026755
12298.198264480114,-17.764891289278925
12348.089222212135,-21.31459050775749
12398.05313857217,-23.62169970861478
12447.996326205448,-26.339064421535873
12497.99904663457,-27.541280309613974
12547.985351320987,-29.29448494981192
12598.002531923197,-29.310290283978226
12648.013976371773,-30.05786072588402
12698.017739808898,-28.899122438840173
12748.034333155609,-28.689720006358577
12798.001653231786,-26.456905534772236
12848.007953469245,-25.420401170935662
12897.927037666315,-22.28954503119321
12947.916251172477,-20.62083888876673
12997.789096460187,-16.824178994791705
13047.763643127411,-14.76194069201727
13097.604349563677,-10.564678950948878
13147.57316751719,-8.367463718683261
13197.402990934213,-4.043208990810979
13247.376941039918,-1.9653759681283807
13297.217978905082,2.2273323879808347
13347.205193804346,3.957651479520051
13397.074777749069,7.795620248129025
13447.077584120449,8.994518081288307
13496.984924808916,12.305226490929247
13546.999202867242,12.845398282798289
13596.94486738867,15.516139391595557
13646.961735770275,15.332666243904931
13696.939534759691,17.312973015165017
13746.948450303595,16.402344215743504
13796.948637386962,17.70000344155994
13846.940655675882,16.113094910327526
13896.95318061717,16.78486032535895
13946.923292823754,14.615350282511349
13996.940153645048,14.754076345561849
14046.888140248946,12.12426131154963
14096.904429336588,11.8444822512803
14146.834281535128,8.89058984111748
14196.84805385504,8.314547733352638
14246.766463117261,5.173455371102938
14296.77788281946,4.419285597505148
14346.69246231263,1.2181254430262298
14396.702749281265,0.3914124055073362
14446.620543817746,-2.7590392789758504
14496.631104015363,-3.569741907583521
14546.557682260911,-6.577646365197272
14596.569584855952,-7.301399204451062
14646.508728974342,-10.092808691066544
14696.522501591598,-10.673662501042195
14746.476317389874,-13.188801190881277
14796.491928565598,-13.581141743692044
14846.461129412146,-15.769353950236582
14896.478016015466,-15.932672918809123
14946.462166836709,-17.747532897437747
14996.479211307658,-17.64210888183296
15046.476812268907,-19.03808499642795
15096.492245471327,-18.622829165029415
15146.500650883638,-19.554553132734227
15196.511931196954,-18.787825596433816
15246.527212408386,-19.212488925807133
15296.530999045746,-18.05609720041056
15346.54794679786,-17.93886592803684
15396.540326101827,-16.364810944546658
15446.552814557928,-15.686518284526716
15496.529918792965,-13.685461694983784
15546.531782722142,-12.451311838535721
15596.490830029534,-10.041301670237702
15646.477223110625,-8.288989732734874
15696.417806964795,-5.522778929091578
15746.386750000893,-3.3283639558065867
15796.311977437737,-0.29772710779409306
15846.265569157073,2.2221985371789614
15896.182501625195,5.386414153529887
15946.127182700877,8.077273492785247
15996.04608962707,11.210096806028247
16045.991524090117,13.887009001662953
16095.9237736715,16.79938469374356
16145.880347114151,19.25971924962858
16195.835273157234,21.753049411084703
16245.810780933685,23.792920435190464
16295.792399235546,25.676862768814765
16345.788982319551,27.110007268415895
16395.79374006672,28.22170542689816
16445.8062739909,28.89868584732814
16495.822896553153,29.121191965994296
16545.839703192993,28.946580540672493
16595.851606075605,28.224096735885723
16645.857591755674,27.16935458538389
16695.847420430327,25.51717192682997
16745.82881313571,23.627390743351686
16795.78380279252,21.13504741516839
16845.73294564823,18.528512561397672
16895.6493281769,15.355594543984306
16945.567806404528,12.216066437853492
16995.45266080498,8.58100769375279
17045.35150722556,5.143476761527439
17095.22123074593,1.3064774709807672
17145.117925712642,-2.1622191685228707
17194.993635312894,-5.920529047635977
17244.906750373848,-9.144440141575428
17294.808008531334,-12.546656990069192
17344.751229030786,-15.264754130947292
17394.69012759878,-18.06053877615025
17444.667688931335,-20.049834426949538
17494.645263741895,-22.037671251517175
17544.650406863173,-23.13313180349492
17594.65658508737,-24.177793938133387
17644.67360858729,-24.286946343651216
17694.690678052226,-24.330805076279553
17744.69991267166,-23.441478601032284
17794.70830178867,-22.508508054987157
17844.692334908046,-20.689022767130396
17894.67675286345,-18.881306235006132
17944.62585178634,-16.273416852867125
17994.579808246403,-13.760910195028872
18044.49483390131,-10.566668249092986
18094.422192014634,-7.571674983792638
18144.314181362257,-4.03589320330011
18194.227419766037,-0.8140445154435673
18244.11409997682,2.795790399023407
18294.029999764447,5.976228012972618
18343.930417949952,9.390830917976901
18393.86462666767,12.269635578821564
18443.793572427065,15.23800134536606
18493.7557381641,17.582159965831494
18543.719594710143,19.889444789639242
18593.710481590988,21.509485784059045
18643.705621830104,22.991491989997712
18693.716941330546,23.75390743605083
18743.730981671342,24.307251567653775
18793.74783915918,24.142274465585146
18843.763240655408,23.72971820947976
18893.768368620244,22.634179026476414
18943.7672766668,21.285090924840567
18993.745806384108,19.3205771375067
19043.71478887,17.126968589104592
19093.65827592197,14.413933247446959
19143.591762458003,11.522857544108385
19193.5004753045,8.231567746797824
19243.40211537789,4.834814168806783
19293.285087681248,1.1740650916136381
19343.166785852518,-2.5039730504284305
19393.039676446635,-6.2995838077503405
19442.91859312317,-10.015164999584748
19492.7998779126,-13.698809706015066
19542.694111291956,-17.20271872459255
19592.600477927608,-20.52933515492718
19642.524412437902,-23.580996183886334
19692.46640214252,-26.32134776731607
19742.426791231002,-28.702799387275576
19792.40571041407,-30.657178808307677
19842.39944093586,-32.18642158039625
19892.406340056667,-33.197422557607275
19942.42050449248,-33.74047904057695
19992.43761029337,-33.70409151156005
20042.452027976495,-33.18497600410391
20092.456476015235,-32.05916404412214
20142.44823716543,-30.466926029350997
20192.417388078098,-28.276889513058947
20242.366465897834,-25.6690105647198
20292.283633063576,-22.50852092789133
20342.178253436487,-19.010189791889832
20392.03744808094,-15.038678370680671
20441.877832880662,-10.837773362735593
20491.68622912466,-6.273154796688732
20541.485590672273,-1.6110440661491146
20591.262844555535,3.2814947191977057
20641.045085551563,8.12301489951893
20690.819350143756,13.045856178280234
20740.613720449757,17.761011306678704
20790.415051653516,22.402026319278963
20840.248864794372,26.6802554091136
20890.101511619963,30.73303718226876
20939.99270704894,34.28000232198761
20989.90828722325,37.465302427679134
21039.859899581723,40.02438450038766
21089.833456369943,42.11119931705419
21139.831744225474,43.48370361169648
21189.8420588679,44.30806239714055
21239.859143105776,44.37007651112465
21289.87354245106,43.84946512810671
21339.87412786598,42.56340436777478
21389.856703905003,40.705079427535765
21439.80720957465,38.12450630019884
21489.728297356556,35.02669948320896
21539.6059313609,31.293891117686652
21589.450244415228,27.13985630282767
21639.249496625744,22.47653401298571
21689.020639540646,17.52224257576449
21738.755342838354,12.214581353859998
21788.475393785317,6.7713924063604365
21838.17569860405,1.150753039961301
21887.879883964113,-4.435463425491181
21937.58486105745,-10.014626396835293
21987.31266847549,-15.386506738311606
22037.060442156366,-20.570207402946707
22086.8454975771,-25.382716739105206
22136.663509353497,-29.841122906878
22186.524914000885,-33.78477100237511
22236.422919482648,-37.23450967668497
22286.360373141786,-40.05634929271298
22336.32804480759,-42.27973169675039
22386.322040828178,-43.80039528494785
22436.331769888995,-44.659848999060905
22486.348730610316,-44.78504226233071
22536.362780441876,-44.23140019776577
22586.36365524163,-42.95683560282908
22636.343675237076,-41.03086954282917
22686.293668637743,-38.44048111519476
22736.210068685636,-35.267975987663775
22786.087022769843,-31.5261361632076
22835.9259191859,-27.307580139491673
22885.725393816996,-22.646656316461304
22935.491603853377,-17.643040785336204
22985.227633568826,-12.34783413566953
23034.943225361974,-6.864060367672465
23084.64478139591,-1.2544987019210705
23134.34369670352,4.378410618765912
23184.04780313892,9.965328480553612
23233.767866569273,15.408410997426737
23283.51096552844,20.636790224662004
23333.28507390694,25.561218227631798
23383.09453847585,30.114138236757036
23432.942946264888,34.218781379935486
23482.8305799889,37.815424833734134
23532.755957020894,40.84339110597905
23582.71490875853,43.25482014278648
23632.701280056215,45.00825493743715
23682.707103711593,46.07101483262588
23732.72297884783,46.42326819495114
23782.738701002116,46.04989888655812
23832.743812871122,44.954163883895184
23882.72800981244,43.13979662151493
23932.68229320126,40.63352055906026
23982.598503907488,37.45802370466921
24032.471419353467,33.66274329324766
24082.29687242353,29.288261367978148
24132.075025329945,24.404887402868113
24181.80670190571,19.06895228576274
24231.49794914793,13.368794782339176
24281.15443583731,7.373364594551639
24330.78728099637,1.1852687297320117
24380.405635858107,-5.117961531359505
24430.02362362672,-11.424080837762636
24479.651503444686,-17.651872828803494
24529.30343353872,-23.6849227679767
24578.987883848113,-29.444023368651198
24628.715807550518,-34.814820525772866
24678.49118087389,-39.72644376911617
24728.319046088298,-44.07336373155572
24778.197164062076,-47.79964474841078
24828.123279061732,-50.81542266068129
24878.088831991383,-53.085960175226774
24928.084712605658,-54.5432891509111
24978.097787609986,-55.17902232071173
25028.114387999325,-54.95191698763587
25078.120084695325,-53.88320670116439
25128.10025521974,-51.96111403116237
25178.04315195375,-49.237343596785685
25227.9371328361,-45.729845597980166
25277.77668703805,-41.51906118703877
25327.556285655843,-36.65044594974455
25377.278719970946,-31.229062921835254
25426.94597062314,-25.323467671595324
25476.569017201873,-19.05727983252352
25526.15655229801,-12.51601033211524
25575.725357844465,-5.834291212617865
25625.288018666164,0.8928555194375303
25674.863026904924,7.528396537321674
25724.462809804907,13.976139698654535
25774.102889045796,20.10593366567386
25823.791481367854,25.829188565257596
25873.537254561343,31.032061645464168
25923.34146560045,35.64209548253821
25973.204069218988,39.57053052459801
26023.11885159579,42.76839701095534
26073.077837897385,45.17910984652223
26123.069252781155,46.78232374824977
26173.080353243153,47.55800899529158
26223.097451746406,47.51651951443441
26273.10749398169,46.67536667260504
26323.098976728154,45.074268120474514
26373.062789944343,42.76575507780316
26422.992754831437,39.81440589696649
26472.886404017176,36.302193948740886
26522.74406922762,32.311571622622544
26572.57031399042,27.946117272456863
26622.370942440077,23.297542142925174
26672.155685839924,18.481820118094173
26721.933058182087,13.590495841027955
26771.71463910287,8.742192317047298
26821.508226234062,4.0187888869243595
26871.32369754437,-0.4679308548060507
26921.165284348957,-4.654587213349087
26971.038597525057,-8.444634701065423
27020.943003126522,-11.800550852846644
27070.8790315292,-14.647459655831462
27120.84178752652,-16.97874455257216
27170.827711666607,-18.74487274401674
27220.82976672102,-19.972215862326607
27270.842463735396,-20.637014748197757
27320.859322236793,-20.79748168381407
27370.875249828823,-20.45279813203048
27420.88653153294,-19.688870544539597
27470.890037714904,-18.522169441781358
27520.885771105706,-17.059801812460403
27570.87289017446,-15.327821034178749
27620.854615083677,-13.446587579127726
27670.831579639584,-11.44287652473247
27720.80865254222,-9.441868586358481
27770.786565817223,-7.461958250983451
27820.769943649593,-5.625174771248216
27870.75842894683,-3.9330719873215565
27920.754950014845,-2.497905898566212
27970.757656602604,-1.2973986317370843
28020.7672419941,-0.42953813003200036
28070.780923349346,0.15660738129081114
28120.79754357238,0.37911861635218913
28170.814624350453,0.3197786382469739
28220.83007395968,-0.0884019502066429
28270.843031909364,-0.7333241625016094
28320.8513571874,-1.6709916515134793
28370.856572861292,-2.7619927605759678
28420.8569047099,-4.057618280797111
28470.856109458597,-5.39604506267848
28520.852615687832,-6.831738111214628
28570.851380212036,-8.186502572455474
28620.850539276096,-9.526638575639101
28670.854723262888,-10.663917249679152
28720.861415174346,-11.68502239938001
28770.873455704364,-12.397484944974227
28820.887884789852,-12.915934558862784
28870.904825016325,-13.048142146425407
28920.921829624753,-12.942470123131942
28970.936104704757,-12.409488129387169
29020.947219758906,-11.634702627990444
29070.949867035248,-10.43177061421404
29120.947170011998,-9.024072066045623
29170.931967272612,-7.226343235151128
29220.91189446266,-5.297927543850422
29270.878497610884,-3.0506240485469753
29320.843845073086,-0.7755550729601184
29370.798469494097,1.7239109736962455
29420.757643445635,4.130732831474691
29470.710957262832,6.656263356655387
29520.674789707286,8.964350618988409
29570.63792930705,11.287404181358973
29620.61545124488,13.277151280366718
29670.59587465931,15.19266486906572
29720.590870924974,16.679986524314018
29770.589792101448,18.028989100383008
29820.59957660654,18.885274876485372
29870.611984556348,19.57155555020113
29920.62882702483,19.736601531658888
29970.64594338639,19.73549488841161
30020.6604217261,19.221949166404986
30070.673422586176,18.58033307135324
30120.678197077592,17.46933861506877
30170.681575573486,16.297138642791623
30220.6740097318,14.7260483936996
30270.66724573759,13.180653573842635
30320.649914543013,11.324678900456309
30370.636957359166,9.59048911641497
30420.616057732455,7.640777442764952
30470.603098996165,5.906550131237298
30520.585652466303,4.0474593173904
30570.578333520152,2.484236961499153
30620.569475849134,0.8725396269532423
30670.570774275147,-0.3852258946271942
30720.57222927844,-1.6367759385332192
30770.581813381013,-2.5047155670558685
30820.59199432177,-3.3375886113898883
30870.60708131029,-3.7880339033241883
30920.622493446877,-4.200850795074067
30970.639571477674,-4.262001010856938
31020.65666772753,-4.306107244721491
31070.673148705257,-4.054172661996301
31120.68972902556,-3.8227643823026276
31170.704780994645,-3.368427025554164
31220.720395623597,-2.980940989265251
31270.734715868726,-2.452149904380743
31320.750101475667,-2.0361542647082076
31370.764947094907,-1.5596370970423203
31420.78099391518,-1.2326659639321598
31470.79711076193,-0.916586750391655
31520.814012300485,-0.7702615790312485
31570.83106380867,-0.6902106690737974
31620.848101267147,-0.7786132506486887
31670.864855963035,-0.968611582592198
31720.880858722285,-1.302256191901898
31770.895954545205,-1.7517450538047032
31820.910090238187,-2.297712691764034
31870.922891138445,-2.9546733136849936
31920.935275230324,-3.64263167415765
31970.94631584513,-4.422161908447207
32020.95805906257,-5.155231263252855
32070.968824424028,-5.952223132893754
32120.98146782569,-6.6210684482513615
32170.99362723403,-7.325166087967638
32221.008261746047,-7.8233585565657116
32271.022768716117,-8.334167331005272
32321.03931532793,-8.572779512488138
32371.055852097496,-8.813345478545171
32421.072903305918,-8.732914736575776
32471.08996504471,-8.659782809843604
32521.105304032943,-8.238174507249543
32571.12088818424,-7.846829557936093
32621.132459637898,-7.102108386791741
32671.14502173678,-6.427242800516508
32721.151900594705,-5.415338683429786
32771.16111012271,-4.526078748262356
32821.16401130169,-3.3337096528656436
32871.170945496575,-2.3245667808259065
32921.1720336142,-1.0584549938502632
32971.17872338264,-0.037261402884659345
33021.1808065447,1.1889153437493
33071.18935720125,2.1145192928696486
33121.194826676874,3.193792239037668
33171.20652960271,3.929641311204551
33221.21651085904,4.7743685891525125
33271.231353895644,5.251228072239721
33321.245423264205,5.803174917355595
33371.26220899538,5.985024333278699
33421.27876369225,6.221748665226723
33471.29575500265,6.10995459442023
33521.312830153496,6.0468035308877175
33571.3285994054,5.67975033164135
33621.34473872644,5.367306196200279
33671.35881172602,4.81559650369442
33721.37359832548,4.332941585733765
33771.38659157433,3.6907822441728655
33821.40062374604,3.1354118073860895
33871.4138191672,2.50920646269352
33921.42818527481,1.9847638897939388
33971.44275586943,1.4802096814815202
34021.45829760467,1.0834270626808526
34071.4745674304,0.7925513453858376
34121.49131546562,0.6008497368920567
34171.50843019889,0.5904238191381318
34221.52550798307,0.651559504317869
34271.54170847557,0.9541901317819883
34321.55776787901,1.2791276304598278
34371.57117724241,1.8880577265752205
34421.5851585363,2.447919109203985
34471.594737805885,3.316187514474256
34521.606561406545,4.043703563849656
34571.612777143615,5.087861140285556
34621.62356720651,5.883284152154406
34671.62840598427,6.991395156459893
34721.64003302876,7.732379406148001
34771.646266596894,8.775601512226272
34821.66030942097,9.330154866797258
34871.670255746925,10.176819797899988
34921.68679231833,10.418099291166865
34971.70108672416,10.948925863922515
35021.71788809787,10.770405901610891
35071.734847033455,10.893287556087206
35121.74747259524,10.222697351133244
35171.76344452621,9.885449638449176
35221.76641872612,8.695895976306685
35271.777122282394,7.895464098576858
35321.765917084515,6.212360679684591
35371.76831393613,4.999290257945671
35421.74144807288,2.9021047641708977
35471.7353797271,1.379542896433205
35521.6957627044,-1.0021029409030249
35571.684554726475,-2.6850553410032245
35621.639363708964,-5.180822008305889
35671.62891997643,-6.841023632060994
35721.58778448218,-9.254164657119016
35771.584271951164,-10.690714071828394
35821.55620027213,-12.816109434247643
35871.56305656556,-13.829636275881683
35921.55312162627,-15.473970281418314
35971.568545633396,-15.887182564620527
36021.57560214825,-16.88933638679391
36071.591696545955,-16.56676127561094
36121.60816872043,-16.816271710543
36171.61241943777,-15.680999072928973
36221.626505445056,-15.132451896777358
36271.60543506005,-13.177850653128719
36321.60515135975,-11.859413796992156
36371.54907870626,-9.15428967082146
36421.52677245141,-7.169236294598642
36471.43401977086,-3.8556633146574733
36521.389648692006,-1.376553642333794
36571.26853367689,2.3395384775454477
36621.21031853413,5.08354956570383
36671.077905843296,8.948204745864457
36721.019828622404,11.689834442037835
36770.897503069304,15.42194348172539
36820.85426884023,17.87847503423888
36870.76136130134,21.19394074007426
36920.74246035167,23.092255990823936
36970.689981469426,25.729390099048945
37020.694989411284,26.831140427688347
37070.68166515906,28.574959926967836
37120.698659798305,28.699430095367664
37170.71080005074,29.402381364790052
37220.718779891984,28.44458241118893
37270.73423592714,28.04139845416436
37320.709024093994,25.98331198961321
37370.70406066143,24.498321787263336
37420.62589427222,21.412045000424794
37470.58275953297,18.958230898345672
37520.44309453768,15.000857370827209
37570.355804108745,11.77103040145732
37620.16105611621,7.172127096222225
37670.03748841901,3.423450416664735
37719.8083913531,-1.533316637904136
37769.667985366315,-5.499754617727539
37819.43463135781,-10.499010731575508
37869.30237331417,-14.361749328220146
37919.096346266466,-19.080978600864746
37968.99489489545,-22.523077246579405
38018.84081645299,-26.657588086350746
38068.78320302386,-29.39108497948775
38118.69220298132,-32.6775820945908
38168.677374006096,-34.465688444484236
38218.64441318163,-36.70260974926527
38268.65700309374,-37.37779725113816
38318.66279257324,-38.44065784386537
38368.67719874468,-37.91701690496373
38418.694060744034,-37.767386068351584
38468.68158045838,-36.04618631052126
38518.68144622579,-34.73362581866719
38568.61835564273,-31.901819343828045
38618.58055207522,-29.558963793723642
38668.45481308384,-25.781204352490374
38718.37146914426,-22.61290498264585
38768.186235628054,-18.118262991887438
38818.06391078168,-14.386143038227273
38867.83695669583,-9.450948311900698
38917.69417657799,-5.454791239281064
38967.45348186155,-0.3829781220038187
39017.314957166775,3.559787067897745
39067.09167959129,8.457651584765735
39116.98083170563,12.033293302765745
39166.80154610723,16.461257428715697
39216.733391105445,19.380899263969894
39266.61365208744,23.078086802707855
39316.59000628754,25.0975578250579
39366.53093578397,27.856622891947683
39416.5393029698,28.79369306250858
39466.52808727586,30.47590853437913
39516.544599479246,30.223513853101345
39566.5587036903,30.76917650269699
39616.55436905729,29.303398667833136
39666.56824184507,28.736557811269137
39716.51682194722,26.11856659238002
39766.509175286585,24.54563914457258
39816.39454249542,20.917425998603687
39866.35414676663,18.519882471660267
39916.17509195074,14.094222620457323
39966.10345357113,11.116028119676262
40015.87458428028,6.161541341282722
40065.784739467235,2.8923110929580336
40115.53314731731,-2.285303246111755
40165.44488345169,-5.530388825374085
40215.20340524758,-10.609811366452742
40265.136245672235,-13.512253926073084
40314.93510825617,-18.179512788870007
40364.901104787685,-20.440698925160575
40414.76025971459,-24.41228520471613
40464.7588079177,-25.776160565457573
40514.68313895275,-28.82064902563984
40564.69954872728,-29.094049598681433
40614.678344811895,-31.0503426816285
40664.68683459574,-30.1190015080898
40714.69765996809,-30.909339071089217
40764.66808981374,-28.74778895096038
40814.68384593502,-28.384093061903634
40864.5903032461,-25.058318149430153
40914.58731485236,-23.64121908475728
40964.416032393485,-19.303820504927906
41014.38071934744,-17.01460411000927
41064.134953432265,-11.893149512805806
41114.06713162844,-8.979599497445687
41163.76749821942,-3.3594616379523035
41213.67939964498,-0.11698040496728963
41263.359472563454,5.6797605932556365
41313.27085622109,8.930255225813243
41362.96918670924,14.568267497864433
41412.90006818386,17.504187228226883
41462.65081109992,22.659180322375946
41512.61405526769,24.980335447401412
41562.43879654449,29.362631202857948
41612.43488225611,30.813858075856537
41662.33792109341,34.189540422112444
41712.35354839595,34.5800611501115
41762.321873721725,36.78792671586527
41812.33290965756,36.005646328073226
41862.34072663646,36.968365638798375
41912.318643004546,34.987700179445916
41962.33499802248,34.71615283936032
42012.25489189629,31.598723851226783
42062.25213268363,30.189292097150076
42112.09998244543,26.077724974247996
42162.060696203,23.703171298566296
42211.8377952649,18.809017324354976
42261.75845065408,15.704183509741425
42311.481827056494,10.291439459634372
42361.372362354094,6.735268681794345
42411.071130242206,1.1010578049073603
42460.95085945663,-2.6035872734939796
42510.65952893395,-8.149755685368069
42560.55068783124,-11.697163416030019
42610.301218113695,-16.85432803702251
42660.222029451026,-19.956702683377536
42710.036682045094,-24.452439597349866
42759.99586728042,-26.859177195740347
42809.88264972974,-30.46747875866922
42859.876849725566,-31.981719019677136
42909.82861071903,-34.53755277132571
42959.84332634033,-35.02878871363634
43009.84056938792,-36.43821513953874
43059.85423618186,-35.84995090091719
43109.8707441755,-36.094990410040765
43159.86070555962,-34.44687128700152
43209.87038858023,-33.584819295837335
43259.81907028081,-30.96922999796306
43309.80223665997,-29.126692500806445
43359.7018571515,-25.700370650775874
43409.64938044803,-23.06276980226462
43459.50400582503,-19.034368025359726
43509.41849751087,-15.8319439867806
43559.242997844136,-11.446639067182728
43609.13690203775,-7.9380481184277745
43658.95317932715,-3.4602867164188966
43708.84447778051,0.08515044508054015
43758.67601687533,4.389753045845634
43808.58279703493,7.7101535136531565
43858.4489891197,11.592777192049956
43908.38436333562,14.451137764120114
43958.29607657443,17.6965493008624
44008.26479060909,19.896442246771194
44058.22230279529,22.33749225969532
44108.21986791487,23.735867815153735
44158.213616182344,25.26454708044379
44208.22807120989,25.780554874824237
44258.2418914901,26.3546071677313
44308.25755667268,25.97360005999313
44358.27340802398,25.618033880194773
44408.27545457848,24.39035014828605
44458.278253134864,23.19368580084025
44508.25674040878,21.22832861002915
44558.23796897668,19.33394517846744
44608.19023417232,16.787770679523806
44658.1494189677,14.381165192621392
44708.08025303151,11.444564329314636
44758.024066014936,8.737644029093007
44807.943794358114,5.617938524422719
44857.88324195861,2.831647027563401
44907.804440554624,-0.2644459977566855
44957.75112927733,-2.9177680389684983
45007.68506428397,-5.801168922523529
45057.647736832165,-8.134232924547938
45107.6016155852,-10.64856165208497
45157.58397204796,-12.512937730345222
45207.55974320073,-14.546191822339875
45257.56006716056,-15.842141810309995
45307.55493478984,-17.33378795187262
45357.567410493844,-18.01509390393382
45407.57564104757,-18.95778066208899
45457.59270360079,-19.03103025765065
45507.607920928174,-19.466708697209878
45557.622718580766,-18.985125216598036
45607.639832347566,-18.99602109551849
45657.64797414925,-18.048578293003725
45707.66416230372,-17.744077584539063
45757.66430643988,-16.44120941947464
45807.678932318086,-15.942206561817931
45857.67226135561,-14.399834104010765
45907.6860433088,-13.822402630889963
45957.67506462668,-12.146220853943738
46007.68904893391,-11.586582199227454
46057.67630490846,-9.858562953383075
46107.69114264623,-9.381239558255347
46157.678290499614,-7.650101951773825
46207.69404273974,-7.2808312997654925
46257.68147073377,-5.557803215680782
46307.697826969656,-5.282261421905969
46357.68468711116,-3.5428304070977332
46407.701266943564,-3.3115078261546054
46457.68567980362,-1.5031012411634903
46507.702111652754,-1.2418722288566832
46557.68138642514,0.7033887767649817
46607.69709485774,1.0782461564400976
46657.668022373386,3.227303221029168
46707.68195200727,3.79154765676808
46757.64139549784,6.192824517482853
46807.6520500576,6.9965160638534085
46857.59801571748,9.663475515383501
46907.604060961516,10.715595707151625
46957.53713463554,13.613917547823895
47007.538430532935,14.871709270162192
47057.46304561959,17.91223384638364
47107.46153466768,19.277125471607334
47157.38624461605,22.316054172086773
47207.38590989467,23.637267537348894
47257.32193050528,26.48424457041237
47307.327260854756,27.570269540645977
47357.28512243888,30.004015058630273
47407.29819045681,30.64117270947115
47457.28324613475,32.4313903173057
47507.30037092935,32.40776946748261
47557.30876198672,33.341160853577584
47607.31836563461,32.47335141842883
47657.33538046564,32.38079939495463
47707.31863351952,30.540171047740415
47757.32089088504,29.32164727591875
47807.2558974293,26.456634456300968
47857.21747212434,24.10036922707033
47907.086291644075,20.251531496667365
47956.98723538696,16.844602912054047
48006.7835668779,12.150174851787849
48056.61796722484,7.878852986291275
48106.35252723101,2.569845992790182
48156.13292600162,-2.290574876767592
48205.83389669014,-7.905323857432554
48255.58981499742,-13.010267100459227
48305.297223474045,-18.567727977315542
48355.06748251734,-23.53091578903275
48404.82254121695,-28.644219787222013
48454.64338927489,-33.07085680891232
48504.47591846959,-37.36395373308971
48554.36882276701,-40.88676438688978
48604.28705112566,-44.030342119615014
48654.25058132191,-46.345021865570565
48704.23725046279,-48.08988845423237
48754.24634170061,-48.9858827538687
48804.26304163295,-49.18955634490811
48854.27634556329,-48.572023862502846
48904.27504066502,-47.214700016299055
48954.248043225336,-45.114490573694844
49004.18602632917,-42.302070679535994
49054.0854210851,-38.87245440986501
49103.93862613719,-34.8264951198665
49153.752994939496,-30.327546191766178
49203.52321732835,-25.3640004971811
49253.26647929985,-20.137169052740155
49302.98025668057,-14.63697180025725
49352.68694620172,-9.073081489313303
49402.38673629075,-3.447895592107315
49452.10096549798,2.0482173188040402
49501.831799331376,7.392000990998808
49551.59381025557,12.437207881409957
49601.389981127824,17.13329291741907
49651.2248416546,21.399266299180958
49701.10097102527,25.15207309288627
49751.013001074076,28.392615157195834
49800.96207888903,31.000577333511046
49850.93635955134,33.07015009859096
49900.93474193355,34.43894440597349
49950.94444291709,35.30015600878327
50000.96135047009,35.44428041508896
50050.97767912226,35.163588081594696
50100.98544208683,34.19642194020075
50150.98650078229,32.92910324690757
50200.968052118085,31.04329946098322
50250.943832091376,29.010222213213076
50300.89545356169,26.45146374124141
50350.8480102779,23.91098414884092
50400.77732097741,20.948600992328103
50450.71703381535,18.167059250498923
50500.63785616827,15.064907089228454
50550.57787760269,12.288924753432317
50600.50437904485,9.279544625276088
50650.45559569546,6.712889092135477
50700.39785589884,3.977455781512325
50750.36599945392,1.764680864472039
50800.32815726394,-0.5794060288411379
50850.3135291075,-2.361075785346126
50900.29443493574,-4.263967813058712
50950.29359546459,-5.604007934070561
51000.288969873494,-7.078614224018924
51050.297141456824,-8.024424656783786
51100.30194413634,-9.134204716267334
51150.31494379304,-9.775820596250194
51200.32498160951,-10.6172461726461
51250.34006630906,-11.067944996764448
51300.35252689652,-11.750327634293182
51350.368231807355,-12.12596710945205
51400.3814342836,-12.751607827331043
51450.39695038797,-13.151607777536164
51500.4098738427,-13.79916603698544
51550.42456291187,-14.291843101598172
51600.436586783864,-15.005505065527586
51650.44992682591,-15.620053948268751
51700.46085802223,-16.406570689242308
51750.47269178822,-17.13343691405187
51800.48283646207,-17.968469411112096
51850.493541469856,-18.76924098631935
51900.50352758217,-19.61371675571714
51950.51380198147,-20.440943984150138
52000.524093450986,-21.267138581151887
