1.64991582276861,2.12132034355964
2.34314575050762,5.94974746830583
2.92893218813452,9.36396103067893
2.35702260395516,13.1923881554251
2.34314575050762,17.0208152801713
2.05025253169417,20.4350288425444
2.05025253169417,23.8492424049175
2.35702260395516,27.6776695296637
2.05025253169417,31.5060966544099
3,34.7132034355964
1.17157287525381,37.920310216783
2.63603896932107,41.3345237791561
2.05025253169417,44.7487373415292
2.08963099970993,48.3700576850888
2.08963099970993,52.198484809835
2.66666666666667,55.6126983722081
2.35083487467368,59.0269119345812
2.35702260395516,63.0624458405139
2.05025253169417,66.8908729652601
2.33333333333333,70.0979797464466
1.66666666666667,73.0979797464466
2.66666666666667,76.0979797464466
2.05025253169417,79.3050865276332
2.12132034355965,83.1335136523794
2.63603896932107,86.9619407771256
1.82842712474619,90.5832611206852
2.33333333333333,93.9974746830583
2,96.9974746830583
2.05025253169417,100.204581464245
2.35083487467368,103.825901807804
2.87324262460116,107.654328932551
2.35702260395516,111.689862838483
3,115.311183182043
3,118.311183182043
2.05025253169417,121.51828996323
1.82842712474619,125.139610306789
2.34314575050761,128.760930650349
2.33333333333333,131.968037431535
1.66666666666667,134.968037431535
2.63603896932106,138.175144212722
2.08963099970992,141.796464556282
2.63603896932106,145.417784899841
2.08963099970992,149.039105243401
2.63603896932106,152.660425586961
1.75735931288071,156.074639149334
3.33333333333333,159.28174593052
2.34314575050761,162.488852711707
3.22182540694797,165.90306627408
1.3060193748187,169.52438661764
2.12132034355963,173.559920523572
2.12132034355963,177.802561210692
2.05025253169416,181.630988335438
1.46446609406726,185.045201897811
2.05025253169416,188.459415460184
2,191.666522241371
1.33333333333333,194.666522241371
2,197.666522241371
2,200.666522241371
2.66666666666667,203.666522241371
1.75735931288071,206.873629022557
1.33333333333333,210.080735803744
1.75735931288071,213.28784258493
2.34314575050761,216.702056147303
1.75735931288071,220.116269709677
2.34314575050761,223.53048327205
1.82842712474618,227.151803615609
2.34314575050761,230.773123959169
2.05025253169416,234.187337521542
1.33333333333333,237.394444302729
2,240.394444302729
2.33333333333333,243.394444302729
2.05025253169416,246.601551083915
1.75735931288071,250.015764646288
1.82842712474618,253.637084989848
1.88561808316412,257.672618895781
2.34314575050761,261.501046020527
1.88561808316411,265.329473145273
1.82842712474618,269.365007051206
2.6120387496374,273.193434175952
2.12132034355963,277.228968081885
2.87324262460114,281.264501987818
2.08963099970992,285.092929112564
2.87324262460114,288.92135623731
2.6120387496374,292.749783362056
2.59272486435065,296.785317267989
2.92893218813452,300.613744392735
2.33333333333333,303.820851173922
4,306.820851173922
2.63603896932106,310.027957955108
2.35083487467366,313.649278298668
2.35083487467366,317.477705423414
2.87324262460114,321.30613254816
2.35083487467366,325.134559672907
2.08963099970992,328.962986797653
2.05025253169416,332.584307141212
1.56722324978244,336.205627484772
4,339.619841047145
3.22182540694797,342.826947828332
3.51471862576142,346.241161390705
3.80761184457487,349.655374953078
4.39339828220177,353.069588515451
2.12132034355963,356.898015640197
3.51471862576142,360.726442764944
3.22182540694797,364.140656327317
3.66666666666667,367.347763108503
2.92893218813452,370.55486988969
2.34314575050761,373.969083452063
2.34314575050761,377.383297014436
2.87324262460114,381.004617357996
3.13444649956488,384.833044482742
4,388.247258045115
2.63603896932106,391.454364826302
2.63603896932106,394.868578388675
3.33333333333333,398.075685169861
3,401.075685169861
3,404.075685169861
2,407.075685169861
2.05025253169416,410.282791951048
2,413.489898732234
2.05025253169416,416.697005513421
2.05025253169416,420.111219075794
2.08963099970992,423.732539419354
2.35083487467366,427.5609665441
2.12132034355963,431.596500450033
2.12132034355963,435.839141137152
2.34314575050761,439.667568261898
3,442.874675043085
2.66666666666667,445.874675043085
2.35702260395514,449.495995386644
2.87324262460114,453.531529292577
2.92893218813452,457.152849636137
3.80761184457487,460.56706319851
2.87324262460114,464.18838354207
2.05025253169416,467.809703885629
2.6120387496374,471.431024229189
2.92893218813452,475.052344572748
2.34314575050761,478.466558135122
2.63603896932106,481.880771697495
2.66666666666667,485.087878478681
3,488.087878478681
1.88561808316411,491.709198822241
2.59272486435065,495.95183950936
1.82842712474618,499.987373415293
2.34314575050761,503.608693758853
1.75735931288071,507.022907321226
3.33333333333333,510.230014102412
2.63603896932111,513.437120883599
3.22182540694797,516.851334445972
4.33333333333333,520.058441227158
2.05025253169416,523.265548008345
2.05025253169416,526.679761570718
3.13444649956488,530.301081914278
2.35083487467366,534.129509039024
2.34314575050761,537.750829382584
3,540.95793616377
2,543.95793616377
2,546.95793616377
1.66666666666667,549.95793616377
2.08963099970992,553.372149726143
2.6120387496374,557.20057685089
2.63603896932106,560.821897194449
3.33333333333333,564.029003975636
2.34314575050761,567.236110756822
2.82842712474617,571.064537881569
3.39565037452862,575.100071787501
3.13444649956488,578.928498912248
2.63603896932106,582.549819255807
2.92893218813452,585.96403281818
2.05025253169416,589.378246380553
2.92893218813452,592.792459942926
2.6120387496374,596.413780286486
1.88561808316411,600.449314192419
2.63603896932106,604.277741317165
1.82842712474618,607.899061660725
2.08963099970992,611.727488785471
2.35083487467366,615.555915910217
1.6499158227686,619.59144981615
2.34314575050761,623.419876940896
2.66666666666667,626.626983722083
1.17157287525381,629.834090503269
2.63603896932106,633.248304065642
3,636.455410846829
3.66666666666667,639.455410846829
2.05025253169416,642.662517628016
2.34314575050761,646.076731190389
1.75735931288071,649.490944752762
2.66666666666667,652.698051533948
1.75735931288071,655.905158315135
2.34314575050761,659.319371877508
2.34314575050761,662.733585439881
2.6120387496374,666.354905783441
1.82842712474618,670.183332908187
1.75735931288071,673.804653251747
2.35083487467366,677.425973595306
1.82842712474618,681.254400720052
3.22182540694797,684.875721063612
3,688.082827844799
2.66666666666667,691.082827844799
3,694.082827844799
3.33333333333333,697.082827844799
1.46446609406726,700.289934625985
2.34314575050761,703.704148188358
2.12132034355963,707.532575313105
3.22182540694797,711.361002437851
2.34314575050761,714.775216000224
2.66666666666667,717.98232278141
2.08963099970992,721.396536343784
2.12132034355963,725.432070249716
1.82842712474618,729.467604155649
2.66666666666667,732.881817718022
3,735.881817718022
3.13444649956488,739.296031280395
2.59272486435065,743.331565186328
2.92893218813452,747.159992311074
2.08963099970992,750.781312654634
2,754.195526217007
2.05025253169416,757.402632998194
2.12132034355963,761.23106012294
3.33333333333333,764.852380466499
1.66666666666667,767.852380466499
3,770.852380466499
2.34314575050761,774.059487247686
2.34314575050761,777.473700810059
2.63603896932106,780.887914372432
2.34314575050761,784.302127934805
2.66666666666667,787.509234715992
2.34314575050761,790.716341497178
2.63603896932106,794.130555059552
2.63603896932106,797.544768621925
2.35083487467366,801.166088965484
3.33333333333333,804.580302527857
4,807.580302527857
2.6120387496374,810.99451609023
3.06412938514168,815.030049996163
3.06412938514168,819.272690683283
3.13444649956488,823.308224589215
2.63603896932106,826.929544932775
2.34314575050761,830.343758495148
1.82842712474618,833.965078838708
2.34314575050761,837.586399182267
4.10050506338832,841.000612744641
3.13444649956488,844.6219330882
2.6120387496374,848.450360212946
2.63603896932106,852.071680556506
3,855.278787337693
2.63603896932106,858.485894118879
3.51471862576142,861.900107681252
2.59272486435065,865.728534805998
2.63603896932106,869.556961930745
2.34314575050761,872.971175493118
2.33333333333333,876.178282274304
3.33333333333333,879.178282274304
2.33333333333333,882.178282274304
2.6120387496374,885.592495836677
2.87324262460114,889.420922961424
2.92893218813452,893.042243304983
2.63603896932106,896.456456867356
1.75735931288071,899.87067042973
3,903.077777210916
2.34314575050761,906.284883992103
2.05025253169416,909.699097554476
3.66666666666667,912.906204335662
2.34314575050761,916.113311116849
2.6120387496374,919.734631460409
2.35083487467366,923.563058585155
2.92893218813452,927.184378928714
2.33333333333333,930.391485709901
2.08963099970992,933.805699272274
1.75735931288071,937.427019615834
1.75735931288071,940.841233178207
1.17157287525381,944.25544674058
2.92893218813452,947.669660302953
2.05025253169416,951.083873865326
2.34314575050761,954.498087427699
2.35083487467366,958.119407771259
1.82842712474618,961.947834896005
2.33333333333333,965.362048458378
1.66666666666667,968.362048458378
2.66666666666667,971.362048458378
1.46446609406726,974.569155239565
2.34314575050761,977.983368801938
2.05025253169416,981.397582364311
2.08963099970992,985.018902707871
1.82842712474618,988.847329832617
2,992.26154339499
1.66666666666667,995.26154339499
2.33333333333333,998.26154339499
2.05025253169416,1001.46865017618
3.13444649956488,1005.08997051974
2.33333333333333,1008.50418408211
2.08963099970992,1011.91839764448
1.56722324978244,1015.74682476923
1.88561808316411,1019.78235867516
1.82842712474618,1023.81789258109
1.82842712474618,1027.64631970584
1.82842712474618,1031.47474683059
1.66666666666667,1034.88896039296
2.05025253169416,1038.09606717415
2.33333333333333,1041.30317395533
2,1044.30317395533
1.46446609406726,1047.51028073652
1.75735931288071,1050.92449429889
2.33333333333333,1054.13160108008
1.66666666666667,1057.13160108008
1.82842712474618,1060.54581464245
2.34314575050761,1064.16713498601
1.56722324978244,1067.78845532957
3,1071.20266889194
3,1074.20266889194
2.34314575050761,1077.40977567313
2.08963099970992,1081.03109601669
2.87324262460114,1084.85952314144
2.12132034355963,1088.89505704737
3,1092.51637739093
2.6120387496374,1095.9305909533
4,1099.34480451568
3,1102.34480451568
3,1105.34480451568
3,1108.34480451568
3.39565037452862,1111.75901807805
2.6120387496374,1115.58744520279
2.35083487467366,1119.41587232754
2.63603896932106,1123.0371926711
1.75735931288071,1126.45140623347
2.05025253169416,1129.86561979585
2.08963099970992,1133.48694013941
2.35702260395514,1137.52247404534
2.63603896932106,1141.35090117009
2.05025253169416,1144.76511473246
2.66666666666667,1147.97222151365
2.87324262460114,1151.38643507602
2.87324262460114,1155.21486220076
2.63603896932106,1158.83618254432
2.34314575050761,1162.2503961067
3,1165.45750288788
3.33333333333333,1168.45750288788
2.66666666666667,1171.45750288788
2.35702260395514,1175.07882323144
2.33333333333333,1178.700143575
2.05025253169416,1181.90725035619
1.75735931288071,1185.32146391856
2.08963099970992,1188.94278426212
2.35083487467366,1192.77121138687
2.34314575050761,1196.39253173043
2.08963099970992,1200.01385207399
2.05025253169416,1203.63517241755
2.35083487467366,1207.25649276111
1.88561808316411,1211.29202666704
3.22182540694797,1215.12045379179
3.66666666666667,1218.32756057297
3,1221.32756057297
2.66666666666667,1224.32756057297
2.63603896932106,1227.53466735416
2.33333333333333,1230.74177413535
1.88561808316411,1234.36309447891
3,1237.98441482247
2.33333333333333,1240.98441482247
2.35083487467366,1244.39862838484
2.34314575050761,1248.0199487284
4.66666666666667,1251.22705550958
2.92893218813452,1254.43416229077
2.92893218813452,1257.84837585314
3.33333333333333,1261.05548263433
2.63603896932106,1264.26258941552
3.33333333333333,1267.4696961967
2.12132034355963,1271.09101654026
2.63603896932106,1274.91944366501
3.33333333333333,1278.1265504462
3.66666666666667,1281.1265504462
3,1284.1265504462
3.33333333333333,1287.1265504462
2.05025253169416,1290.33365722738
2.05025253169416,1293.74787078976
2.05025253169416,1297.16208435213
2.82842712474617,1300.99051147688
2.59272486435065,1305.23315216399
2.35083487467366,1309.26868606993
2.63603896932106,1312.89000641349
2.35083487467366,1316.51132675705
2.6120387496374,1320.33975388179
1.88561808316411,1324.37528778773
2.34314575050761,1328.20371491247
3.22182540694797,1331.61792847485
2.63603896932106,1335.03214203722
2.6120387496374,1338.65346238078
3.66666666666667,1342.06767594315
2.08963099970992,1345.48188950552
2.05025253169416,1349.10320984908
2.6120387496374,1352.72453019264
2.08963099970992,1356.55295731739
2.66666666666667,1359.96717087976
2.6120387496374,1363.38138444214
2.05025253169416,1367.0027047857
2.05025253169416,1370.41691834807
2.34314575050761,1373.83113191044
2.12132034355963,1377.65955903519
2.92893218813452,1381.48798615993
2.63603896932106,1384.90219972231
2.63603896932106,1388.31641328468
2.34314575050761,1391.73062684705
2.92893218813452,1395.14484040943
2.08963099970992,1398.76616075299
2.34314575050761,1402.38748109655
2.63603896932106,1405.80169465892
2,1409.00880144011
2.63603896932106,1412.21590822129
2.92893218813452,1415.63012178367
2.63603896932106,1419.04433534604
2.6120387496374,1422.6656556896
3.66666666666667,1426.07986925197
2.63603896932106,1429.28697603316
2.34314575050761,1432.70118959553
1.66666666666667,1435.90829637672
2.34314575050761,1439.1154031579
2.35702260395514,1442.94383028265
2.82842712474617,1447.18647096977
2.6120387496374,1451.2220048757
2.12132034355963,1455.25753878164
3.22182540694797,1459.08596590638
2.87324262460114,1462.70728624994
1.75735931288071,1466.3286065935
2.34314575050761,1469.74282015587
2.6120387496374,1473.36414049943
2.59272486435065,1477.39967440537
1.82842712474618,1481.4352083113
2.35702260395514,1485.47074221723
2.35083487467366,1489.50627612316
1.75735931288071,1493.12759646672
1.75735931288071,1496.5418100291
1.46446609406726,1499.95602359147
2.33333333333333,1503.16313037266
1.75735931288071,1506.37023715384
2.33333333333333,1509.57734393503
2.92893218813452,1512.78445071622
2.34314575050761,1516.19866427859
2.63603896932106,1519.61287784096
3,1522.81998462215
2.63603896932106,1526.02709140334
3,1529.23419818452
3.66666666666667,1532.23419818452
1.75735931288071,1535.44130496571
2.34314575050761,1538.85551852808
2.33333333333333,1542.06262530927
1.75735931288071,1545.26973209045
2.66666666666667,1548.47683887164
2.63603896932106,1551.68394565283
2.63603896932106,1555.0981592152
2.59272486435065,1558.92658633995
3.65685424949236,1562.96212024588
2.82842712474617,1566.99765415181
2.35083487467366,1571.03318805775
2.63603896932106,1574.65450840131
2.87324262460114,1578.27582874487
2.63603896932106,1581.89714908842
4,1585.10425586961
2.34314575050761,1588.3113626508
2.66666666666667,1591.51846943198
2.66666666666667,1594.51846943198
2.08963099970992,1597.93268299436
2.34314575050761,1601.55400333792
1.82842712474618,1605.17532368148
2.92893218813452,1608.79664402504
2.33333333333333,1612.00375080622
3,1615.00375080622
2,1618.00375080622
2.34314575050761,1621.21085758741
1.75735931288071,1624.62507114978
3.33333333333333,1627.83217793097
2.34314575050761,1631.03928471216
1.75735931288071,1634.45349827453
2.34314575050761,1637.8677118369
2.05025253169416,1641.28192539928
1.75735931288071,1644.69613896165
2.05025253169416,1648.11035252402
2.59272486435065,1651.93877964877
3.13444649956488,1655.9743135547
2.35083487467366,1659.80274067945
2.33333333333333,1663.21695424182
2.33333333333333,1666.21695424182
2,1669.21695424182
2.34314575050761,1672.42406102301
2.63603896932106,1675.83827458538
1.82842712474618,1679.45959492894
1.75735931288071,1683.0809152725
2.34314575050761,1686.49512883487
1.33333333333333,1689.70223561606
3,1692.70223561606
3,1695.70223561606
4,1698.70223561606
2.35083487467366,1702.11644917843
2.6120387496374,1705.94487630318
3.39565037452862,1709.77330342792
2.35083487467366,1713.60173055267
2.08963099970992,1717.43015767742
2.6120387496374,1721.25858480216
2.12132034355963,1725.2941187081
2.6120387496374,1729.32965261403
2.35083487467366,1733.15807973877
2.08963099970992,1736.98650686352
2.05025253169416,1740.60782720708
2.05025253169416,1744.02204076945
2.87324262460114,1747.64336111301
3.39565037452862,1751.47178823776
2.87324262460114,1755.30021536251
4.33333333333333,1758.71442892488
3,1761.71442892488
4,1764.71442892488
2.08963099970992,1768.12864248725
2.34314575050761,1771.74996283081
2.35702260395514,1775.57838995556
2.66666666666667,1779.19971029912
2.66666666666667,1782.19971029912
2.6120387496374,1785.61392386149
2.35083487467366,1789.44235098624
2.6120387496374,1793.27077811098
2.6120387496374,1797.09920523573
3,1800.5134187981
3,1803.5134187981
2.35083487467366,1806.92763236047
1.56722324978244,1810.75605948522
2.08963099970992,1814.58448660997
2.63603896932106,1818.20580695353
2.08963099970992,1821.82712729709
2.6120387496374,1825.65555442183
2.6120387496374,1829.48398154658
2.87324262460114,1833.31240867133
3.22182540694797,1836.93372901489
3.22182540694797,1840.34794257726
2.35083487467366,1843.96926292082
2.63603896932106,1847.59058326438
2.05025253169416,1851.00479682675
2.33333333333333,1854.21190360794
2.34314575050761,1857.41901038912
3.22182540694797,1860.8332239515
2.87324262460114,1864.45454429506
2.35702260395514,1868.49007820099
2.63603896932106,1872.31850532574
3.33333333333333,1875.52561210692
2.66666666666667,1878.52561210692
2.05025253169416,1881.73271888811
2.63603896932106,1885.14693245048
2.35083487467366,1888.76825279404
3.66666666666667,1892.18246635641
2.35083487467366,1895.59667991879
2.92893218813452,1899.21800026235
2.66666666666667,1902.42510704353
2.92893218813452,1905.63221382472
1.75735931288071,1909.04642738709
2.05025253169416,1912.46064094947
1.75735931288071,1915.87485451184
2.33333333333333,1919.08196129303
3.33333333333333,1922.08196129303
2.34314575050761,1925.28906807421
2.63603896932106,1928.70328163659
3.13444649956488,1932.32460198015
2.59272486435065,1936.36013588608
2.34314575050761,1940.18856301082
2.35702260395514,1944.01699013557
3.22182540694797,1947.84541726032
2.35702260395514,1951.67384438506
1.82842712474618,1955.709378291
2.33333333333333,1959.12359185337
4,1962.12359185337
2.6120387496374,1965.53780541574
1.88561808316411,1969.57333932167
2.08963099970992,1973.60887322761
2.35083487467366,1977.43730035235
2.08963099970992,1981.2657274771
2.35702260395514,1985.30126138303
2.34314575050761,1989.12968850778
2.66666666666667,1992.33679528897
2,1995.33679528897
2.63603896932106,1998.54390207015
2.63603896932106,2001.95811563253
2.63603896932106,2005.3723291949
2.66666666666667,2008.57943597608
2.33333333333333,2011.57943597608
2.92893218813452,2014.78654275727
2.35083487467366,2018.40786310083
2.87324262460114,2022.23629022558
2.08963099970992,2026.06471735032
2.92893218813452,2029.68603769388
2.6120387496374,2033.30735803744
3,2036.72157159982
2.63603896932106,2039.928678381
3.33333333333333,2043.13578516219
2.34314575050761,2046.34289194338
2.35083487467394,2049.96421228693
2.08963099971017,2053.79263941168
2.87324262460148,2057.62106653643
2.63603896932124,2061.24238687999
4,2064.44949366117
3,2067.44949366117
2.33333333333333,2070.44949366117
2.08963099971017,2073.86370722355
2.33333333333333,2077.27792078592
2.35083487467394,2080.69213434829
2.63603896932124,2084.31345469185
4,2087.52056147304
2.35083487467394,2090.93477503541
2.34314575050777,2094.55609537897
2.08963099971017,2098.17741572253
2.0502525316943,2101.79873606609
2.34314575050777,2105.21294962846
2.63603896932124,2108.62716319083
2.12132034355997,2112.45559031558
3.22182540694818,2116.28401744032
2.92893218813471,2119.6982310027
2.92893218813471,2123.11244456507
3.66666666666667,2126.31955134626
2.34314575050777,2129.52665812744
3.22182540694818,2132.94087168982
2.35083487467394,2136.56219203338
2.0502525316943,2140.18351237694
2.92893218813471,2143.59772593931
3.33333333333333,2146.80483272049
2.35083487467394,2150.21904628287
2.0502525316943,2153.84036662643
2.34314575050777,2157.2545801888
1.66666666666667,2160.46168696999
2.92893218813471,2163.66879375117
3.22182540694818,2167.08300731354
2.92893218813471,2170.49722087592
2.34314575050777,2173.91143443829
2.66666666666667,2177.11854121948
2,2180.11854121948
2.92893218813471,2183.32564800066
2.61203874963771,2186.94696834422
2.87324262460148,2190.77539546897
2.35702260395552,2194.8109293749
3.51471862576165,2198.63935649965
2.35083487467394,2202.26067684321
2.63603896932124,2205.88199718677
4.33333333333333,2209.08910396795
2.35083487467394,2212.50331753032
2.34314575050777,2216.12463787388
2.66666666666667,2219.33174465507
2,2222.33174465507
2.34314575050777,2225.53885143626
3.33333333333333,2228.74595821744
2.66666666666667,2231.74595821744
2.33333333333333,2234.74595821744
2,2237.74595821744
2.63603896932124,2240.95306499863
2.33333333333333,2244.16017177982
1.75735931288083,2247.367278561
2.33333333333333,2250.57438534219
2,2253.57438534219
2,2256.57438534219
2.33333333333333,2259.57438534219
2,2262.57438534219
1.8284271247464,2265.98859890456
1.66666666666667,2269.40281246693
2.92893218813471,2272.60991924812
2.59272486435107,2276.43834637287
3,2280.05966671643
2.33333333333333,2283.05966671643
3.66666666666667,2286.05966671643
2.0502525316943,2289.26677349761
2.33333333333333,2292.4738802788
2.33333333333333,2295.4738802788
2.34314575050777,2298.68098705999
2.66666666666667,2301.88809384117
2.34314575050777,2305.09520062236
2.66666666666667,2308.30230740355
2.0502525316943,2311.50941418473
1.8284271247464,2315.13073452829
2.61203874963771,2318.95916165304
2.08963099971017,2322.78758877778
2.33333333333333,2326.20180234016
2.66666666666667,2329.20180234016
3.33333333333333,2332.20180234016
2.34314575050777,2335.40890912134
2.35083487467394,2339.0302294649
2.35702260395552,2343.06576337083
2.35083487467394,2347.10129727677
2.35083487467394,2350.92972440151
2.34314575050777,2354.55104474507
2.66666666666667,2357.75815152626
1.66666666666667,2360.75815152626
1.75735931288083,2363.96525830744
2.63603896932124,2367.37947186982
2.08963099971017,2371.00079221338
2.34314575050777,2374.62211255693
2.66666666666667,2377.82921933812
4.33333333333333,2380.82921933812
2.63603896932124,2384.03632611931
3,2387.24343290049
4.39339828220206,2390.45053968168
2.08963099971017,2394.07186002524
3,2397.48607358761
3.22182540694818,2400.6931803688
2.61203874963771,2404.31450071236
2.08963099971017,2408.1429278371
2.63603896932124,2411.76424818066
2.08963099971017,2415.38556852422
2.0502525316943,2419.00688886778
2.63603896932124,2422.42110243015
3,2425.62820921134
2.66666666666667,2428.62820921134
2.0502525316943,2431.83531599253
2.66666666666667,2435.04242277371
2.35702260395552,2438.66374311727
2.08963099971017,2442.69927702321
1.75735931288083,2446.32059736677
2.34314575050777,2449.73481092914
2.92893218813471,2453.14902449151
2.61203874963771,2456.77034483507
2.34314575050777,2460.39166517863
2.33333333333333,2463.59877195982
3,2466.59877195982
1.75735931288083,2469.805878741
2.0502525316943,2473.22009230338
2.61203874963771,2476.84141264693
2.63603896932124,2480.46273299049
2.08963099971017,2484.08405333405
2.0502525316943,2487.70537367761
2.33333333333333,2490.9124804588
1.8284271247464,2494.32669402117
2.35083487467394,2498.15512114592
2.35083487467394,2501.98354827066
2.12132034355997,2506.0190821766
2.08963099971017,2510.05461608253
2.08963099971017,2513.88304320727
2.12132034355997,2517.91857711321
2.08963099971017,2521.95411101914
3.33333333333333,2525.36832458151
2.34314575050777,2528.5754313627
2,2531.78253814388
2.61203874963771,2535.19675170626
2.12132034355997,2539.23228561219
2.61203874963771,2543.26781951812
2.63603896932124,2546.88913986168
3.22182540694818,2550.30335342405
2.61203874963771,2553.92467376761
2.82842712474662,2557.96020767354
2.59272486435107,2562.20284836066
2.0502525316943,2566.03127548541
2.63603896932124,2569.44548904778
2.33333333333333,2572.65259582897
2,2575.65259582897
2.0502525316943,2578.85970261016
2.0502525316943,2582.27391617253
1.8284271247464,2585.89523651609
1.75735931288083,2589.51655685965
2.0502525316943,2592.93077042202
2.12132034355997,2596.75919754676
2.34314575050777,2600.58762467151
2.61203874963771,2604.20894501507
1.88561808316441,2608.244478921
2.66666666666667,2611.86579926456
2.66666666666667,2614.86579926456
2.66666666666667,2617.86579926456
2.33333333333333,2620.86579926456
2.0502525316943,2624.07290604575
2.87324262460148,2627.69422638931
3.22182540694818,2631.31554673287
3.33333333333333,2634.52265351405
2.0502525316943,2637.72976029524
1.66666666666667,2640.93686707643
2,2643.93686707643
2,2646.93686707643
2,2649.93686707643
2.66666666666667,2652.93686707643
2.61203874963771,2656.3510806388
2.12132034355997,2660.38661454473
2.12132034355997,2664.62925523185
3,2668.25057557541
2.0502525316943,2671.4576823566
2.66666666666667,2674.66478913778
2.0502525316943,2677.87189591897
2.0502525316943,2681.28610948134
2.63603896932124,2684.70032304371
2.0502525316943,2688.11453660609
1.17157287525388,2691.52875016846
1.66666666666667,2694.73585694965
2.08963099971017,2698.15007051202
2.34314575050777,2701.77139085558
2.34314575050777,2705.18560441795
2.33333333333333,2708.39271119914
2.34314575050777,2711.59981798032
2.0502525316943,2715.0140315427
2.33333333333333,2718.22113832388
2,2721.22113832388
2.0502525316943,2724.42824510507
2.87324262460148,2728.04956544863
2.35083487467394,2731.87799257338
2.66666666666667,2735.29220613575
3.66666666666667,2738.29220613575
2.0502525316943,2741.49931291693
2.63603896932124,2744.91352647931
2.63603896932124,2748.32774004168
2.08963099971017,2751.94906038524
2.33333333333333,2755.36327394761
1.8284271247464,2758.77748750999
2.0502525316943,2762.39880785354
4,2765.60591463473
1.75735931288083,2768.81302141592
2.0502525316943,2772.22723497829
2.63603896932124,2775.64144854066
2.92893218813471,2779.05566210304
2.08963099971017,2782.6769824466
4,2786.09119600897
4.68629150101554,2789.29830279015
3.65685424949279,2792.91962313371
2.63603896932124,2796.54094347727
2.35083487467394,2800.16226382083
2.08963099971017,2803.99069094558
1.8284271247464,2807.81911807032
2.34314575050777,2811.44043841388
1.8284271247464,2815.06175875744
2.35083487467394,2818.89018588219
2.35702260395552,2822.92571978812
2.34314575050777,2826.75414691287
2.34314575050777,2830.16836047524
3.22182540694818,2833.58257403761
2.35702260395552,2837.41100116236
2.08963099971017,2841.44653506829
3.66666666666667,2844.86074863066
2.33333333333333,2847.86074863066
2.63603896932124,2851.06785541185
2.63603896932124,2854.48206897422
3.22182540694818,2857.8962825366
1.56722324978263,2861.51760288015
1.56722324978263,2865.3460300049
2.0502525316943,2868.96735034846
1.56722324978263,2872.58867069202
2.87324262460148,2876.41709781676
2.59272486435107,2880.4526317227
2.35083487467394,2884.48816562863
2.0502525316943,2888.10948597219
3,2891.31659275338
2.61203874963771,2894.73080631575
2.63603896932124,2898.35212665931
3.33333333333333,2901.55923344049
1.8284271247464,2904.97344700287
2.0502525316943,2908.59476734643
2.61203874963771,2912.21608768999
3.06412938514217,2916.25162159592
2.87324262460148,2920.28715550185
2.34314575050777,2923.90847584541
2.08963099971017,2927.52979618897
2.61203874963771,2931.35822331371
2.59272486435107,2935.39375721965
2.63603896932124,2939.22218434439
2.12132034355997,2943.05061146914
3.13444649956525,2947.08614537507
3.22182540694818,2950.70746571863
2.12132034355997,2954.53589284338
2.0502525316943,2958.36431996812
2.34314575050777,2961.77853353049
3,2964.98564031168
2.33333333333333,2967.98564031168
2.63603896932124,2971.19274709287
2.34314575050777,2974.60696065524
2.61203874963771,2978.2282809988
2.82842712474662,2982.26381490473
1.8284271247464,2986.29934881066
3.66666666666667,2989.71356237304
1.46446609406736,2992.92066915422
2.08963099971017,2996.54198949778
2.63603896932124,3000.16330984134
2.34314575050777,3003.57752340371
2.66666666666667,3006.7846301849
2,3009.7846301849
2.63603896932124,3012.99173696609
3.22182540694818,3016.40595052846
2.35702260395552,3020.23437765321
2.08963099971017,3024.26991155914
2.0502525316943,3027.8912319027
2,3031.09833868388
2,3034.09833868388
1.75735931288083,3037.30544546507
1.56722324978263,3040.92676580863
1.56722324978263,3044.75519293337
2.0502525316943,3048.37651327693
2.33333333333333,3051.58362005812
1.46446609406736,3054.79072683931
2.63603896932124,3058.20494040168
2.34314575050777,3061.61915396405
1.88561808316441,3065.4475810888
2.0502525316943,3069.27600821354
2.0502525316943,3072.69022177592
2.66666666666667,3075.8973285571
3,3078.8973285571
3.33333333333333,3081.8973285571
2.59272486435107,3085.51864890066
2.34314575050777,3089.34707602541
2.66666666666667,3092.5541828066
3.66666666666667,3095.5541828066
2.0502525316943,3098.76128958778
2.63603896932124,3102.17550315015
2.63603896932124,3105.58971671253
2.35083487467394,3109.21103705609
2.92893218813471,3112.83235739965
2.35083487467394,3116.45367774321
2.35083487467394,3120.28210486795
2.66666666666667,3123.69631843032
3.33333333333333,3126.69631843032
2.34314575050777,3129.90342521151
2.35702260395552,3133.73185233626
3.13444649956525,3137.76738624219
2.61203874963771,3141.59581336693
3.13444649956525,3145.42424049168
2.87324262460148,3149.25266761643
2.61203874963771,3153.08109474117
3.33333333333333,3156.49530830354
2.33333333333333,3159.49530830354
2.63603896932124,3162.70241508473
2.12132034355997,3166.53084220948
2.63603896932124,3170.35926933422
2.33333333333333,3173.56637611541
2.92893218813471,3176.77348289659
2.82842712474662,3180.60191002134
2.35702260395552,3184.84455070846
3.65685424949279,3188.88008461439
3.06412938514217,3192.91561852032
2.61203874963771,3196.95115242626
2.35083487467394,3200.779579551
3,3204.19379311337
2.66666666666667,3207.19379311337
3,3210.19379311337
4,3213.19379311337
2.08963099971017,3216.60800667575
2.63603896932124,3220.22932701931
2.35083487467394,3223.85064736287
2.35702260395552,3227.8861812688
3.13444649956525,3231.92171517473
3.33333333333333,3235.3359287371
3,3238.3359287371
3.13444649956525,3241.75014229948
2.59272486435107,3245.78567620541
2.34314575050777,3249.61410333015
2.34314575050777,3253.02831689253
1.8284271247464,3256.64963723609
3.33333333333333,3260.06385079846
3,3263.06385079846
2.87324262460148,3266.47806436083
2.35083487467394,3270.30649148558
2.61203874963771,3274.13491861032
2.63603896932124,3277.75623895388
2.0502525316943,3281.17045251626
1.8284271247464,3284.79177285982
2.35702260395552,3288.82730676575
2.08963099971017,3292.86284067168
2.34314575050777,3296.48416101524
2.63603896932124,3299.89837457761
2.63603896932124,3303.31258813998
2.33333333333333,3306.51969492117
3,3309.51969492117
3.33333333333333,3312.51969492117
2.12132034355997,3316.14101526473
2.61203874963771,3320.17654917066
3.13444649956525,3324.00497629541
2.87324262460148,3327.83340342015
1.8284271247464,3331.6618305449
2.63603896932124,3335.28315088846
3.22182540694818,3338.69736445083
3.80761184457512,3342.1115780132
2.92893218813471,3345.52579157558
2.92893218813471,3348.94000513795
2.35083487467394,3352.56132548151
2.66666666666667,3355.97553904388
3,3358.97553904388
2.61203874963771,3362.38975260626
2.92893218813471,3366.01107294982
2.33333333333333,3369.218179731
2.34314575050777,3372.42528651219
2,3375.63239329337
3.66666666666667,3378.63239329337
2.08963099971017,3382.04660685575
2.61203874963771,3385.87503398049
2.92893218813471,3389.49635432405
2.63603896932124,3392.91056788643
2.92893218813471,3396.3247814488
2.92893218813471,3399.73899501117
2.35702260395552,3403.56742213592
2.08963099971017,3407.60295604185
2.92893218813471,3411.22427638541
2.61203874963771,3414.84559672897
2.82842712474662,3418.8811306349
3.13444649956525,3422.91666454083
2.59272486435107,3426.95219844676
2.35083487467394,3430.9877323527
2.92893218813471,3434.60905269626
2.63603896932124,3438.02326625863
3.33333333333333,3441.23037303982
2,3444.23037303982
2.35083487467394,3447.64458660219
2.82842712474662,3451.68012050812
2.12132034355997,3455.92276119524
2.34314575050777,3459.75118831998
2.35083487467394,3463.37250866354
2.35083487467394,3467.20093578829
4.33333333333333,3470.61514935066
2.63603896932124,3473.82225613185
3.39565037452902,3477.44357647541
3.65685424949279,3481.27200360015
2.34314575050777,3484.89332394371
2.0502525316943,3488.30753750609
1.75735931288083,3491.72175106846
1.46446609406736,3495.13596463083
2.92893218813471,3498.55017819321
2.63603896932124,3501.96439175558
2.35083487467394,3505.58571209914
2.08963099971017,3509.41413922388
2.34314575050777,3513.03545956744
2.35083487467394,3516.656779911
2.35083487467394,3520.48520703575
3.33333333333333,3523.89942059812
3,3526.89942059812
2.35083487467394,3530.31363416049
2.61203874963771,3534.14206128524
2.35702260395552,3538.17759519117
2.33333333333333,3541.79891553473
2.92893218813471,3545.00602231592
2.92893218813471,3548.42023587829
3.80761184457512,3551.83444944066
2.12132034355997,3555.66287656541
2.35083487467394,3559.69841047134
2.35083487467394,3563.52683759609
1.88561808316441,3567.56237150202
2.34314575050777,3571.39079862676
3,3574.59790540795
2.63603896932124,3577.80501218914
3.22182540694818,3581.21922575151
2.35702260395552,3585.04765287626
3.06412938514217,3589.29029356337
2.59272486435107,3593.53293425049
2.61203874963771,3597.56846815643
2.12132034355997,3601.60400206236
2.61203874963771,3605.63953596829
1.88561808316441,3609.67506987422
2.61203874963771,3613.71060378015
2.35083487467394,3617.5390309049
2.63603896932124,3621.16035124846
2.92893218813471,3624.57456481083
1.17157287525388,3627.9887783732
1.75735931288083,3631.40299193558
2.33333333333333,3634.61009871676
2.92893218813471,3637.81720549795
2.61203874963771,3641.43852584151
3.22182540694818,3645.05984618507
2.35083487467394,3648.68116652863
2.34314575050777,3652.30248687219
2.66666666666667,3655.50959365337
2.0502525316943,3658.71670043456
2.35083487467394,3662.33802077812
2.63603896932124,3665.95934112168
2.35702260395552,3669.78776824643
2.87324262460148,3673.82330215236
3,3677.23751571473
2.34314575050777,3680.44462249592
2.66666666666667,3683.6517292771
2.92893218813471,3686.85883605829
2.63603896932124,3690.27304962066
3.51471862576165,3693.68726318304
2.61203874963771,3697.30858352659
2.12132034355997,3701.34411743253
2.63603896932124,3705.17254455727
1.64991582276886,3709.00097168202
2.0502525316943,3712.82939880676
2.66666666666667,3716.03650558795
2.63603896932124,3719.24361236914
3.13444649956525,3722.8649327127
3.53553390593328,3726.90046661863
2.82842712474662,3731.14310730575
2.87324262460148,3735.17864121168
2.35702260395552,3739.21417511761
3.13444649956525,3743.24970902354
2.61203874963771,3747.07813614829
2.34314575050777,3750.69945649185
2.35083487467394,3754.32077683541
2.66666666666667,3757.73499039778
2.61203874963771,3761.14920396015
4,3764.56341752253
3.13444649956525,3767.9776310849
3.33333333333333,3771.39184464727
2.34314575050777,3774.59895142846
2.08963099971017,3778.22027177202
2.63603896932124,3781.84159211558
2.34314575050777,3785.25580567795
1.56722324978263,3788.87712602151
2.59272486435107,3792.91265992744
2.61203874963771,3796.94819383337
2.08963099971017,3800.77662095812
2.33333333333333,3804.19083452049
3,3807.19083452049
2.66666666666667,3810.19083452049
3,3813.19083452049
2.66666666666667,3816.19083452049
3.51471862576165,3819.39794130168
3.22182540694818,3822.81215486405
3,3826.01926164524
2.33333333333333,3829.01926164524
1.64991582276886,3832.6405819888
2.34314575050777,3836.46900911354
3,3839.67611589473
4,3842.67611589473
3.22182540694818,3845.88322267592
2.92893218813471,3849.29743623829
2.61203874963771,3852.91875658185
3,3856.33297014422
2.12132034355997,3859.95429048778
2.92893218813471,3863.78271761253
4,3866.98982439371
2.61203874963771,3870.40403795609
3.39565037452902,3874.23246508083
3.13444649956525,3878.06089220558
3.65685424949279,3881.88931933032
3.39565037452902,3885.71774645507
2.35083487467394,3889.54617357981
3.22182540694818,3893.16749392337
2.35083487467394,3896.78881426693
3.13444649956525,3900.61724139168
3.39565037452902,3904.44566851643
3.51471862576165,3908.06698885998
3,3911.27409564117
1.56722324978263,3914.68830920354
2.66666666666667,3918.10252276592
2.87324262460148,3921.51673632829
2.61203874963771,3925.34516345304
3.06412938514217,3929.38069735897
2.35702260395552,3933.62333804609
2.63603896932124,3937.45176517083
2.35083487467394,3941.07308551439
2.35083487467394,3944.90151263914
2.35702260395552,3948.93704654507
2.34314575050777,3952.76547366982
3,3955.972580451
2.66666666666667,3958.972580451
3,3961.972580451
3,3964.972580451
2.33333333333333,3967.972580451
2,3970.972580451
3,3973.972580451
2.61203874963771,3977.38679401337
3.80761184457512,3981.00811435693
2.87324262460148,3984.62943470049
2.87324262460148,3988.45786182524
3.22182540694818,3992.0791821688
4.33333333333333,3995.28628894998
2.61203874963771,3998.70050251236
4.39339828220206,4002.32182285592
2.63603896932124,4005.73603641829
3.06412938514217,4009.56446354304
2.92893218813471,4013.39289066778
2.63603896932124,4016.80710423015
2.61203874963771,4020.42842457371
2.63603896932124,4024.04974491727
2.92893218813471,4027.46395847965
2.61203874963771,4031.0852788232
1.75735931288083,4034.70659916676
2.66666666666667,4037.91370594795
2.92893218813471,4041.12081272914
1.56722324978263,4044.7421330727
3.39565037452902,4048.57056019744
2.82842712474662,4052.60609410337
2.61203874963771,4056.64162800931
2.35083487467394,4060.47005513405
2.63603896932124,4064.09137547761
2.63603896932124,4067.50558903998
2.87324262460148,4071.12690938354
2.34314575050777,4074.7482297271
2.12132034355997,4078.57665685185
3.22182540694818,4082.40508397659
2.0502525316943,4085.81929753897
3.33333333333333,4089.02640432015
2.92893218813471,4092.23351110134
3.80761184457462,4095.64772466371
3.51471862576118,4099.06193822609
2.8732426246008,4102.68325856965
2.92893218813432,4106.30457891321
1.75735931288059,4109.71879247558
3.22182540694775,4113.13300603795
3.22182540694775,4116.54721960033
2.8732426246008,4120.16853994389
2.63603896932089,4123.78986028745
3.66666666666667,4126.99696706863
3.22182540694775,4130.20407384982
1.30601937481854,4133.82539419338
1.75735931288059,4137.44671453694
3,4140.65382131813
3,4143.65382131813
2.34314575050746,4146.86092809931
2.05025253169402,4150.27514166169
2.35702260395476,4154.10356878643
2.35702260395476,4158.34620947355
2.8732426246008,4162.38174337949
2.61203874963709,4166.21017050423
2.35083487467338,4170.03859762898
2.08963099970967,4173.86702475373
2.05025253169402,4177.48834509729
1.75735931288059,4180.90255865966
2.61203874963709,4184.52387900322
3.65685424949192,4188.35230612797
2.59272486435024,4192.3878400339
3.13444649956451,4196.42337393983
3.51471862576118,4200.04469428339
2.35702260395476,4203.87312140814
2.61203874963709,4207.90865531407
2.63603896932089,4211.52997565763
2.66666666666667,4214.73708243882
3.66666666666667,4217.73708243882
2.63603896932089,4220.94418922001
2.92893218813432,4224.35840278238
3.53553390593214,4228.18682990713
3.13444649956451,4232.22236381306
3,4235.63657737543
3.22182540694775,4238.84368415662
3.22182540694775,4242.25789771899
3,4245.46500450018
2.92893218813432,4248.67211128137
3.33333333333333,4251.87921806255
2.05025253169402,4255.08632484374
1.82842712474596,4258.7076451873
1.46446609406716,4262.32896553086
2,4265.53607231205
2.33333333333333,4268.53607231205
3.33333333333333,4271.53607231205
2.34314575050746,4274.74317909323
2.63603896932089,4278.15739265561
2.92893218813432,4281.57160621798
2.8732426246008,4285.19292656154
2.8732426246008,4289.02135368629
3.33333333333333,4292.43556724866
3.22182540694775,4295.64267402985
3.39565037452821,4299.26399437341
3.80761184457462,4302.88531471697
3.33333333333333,4306.09242149815
3.22182540694775,4309.29952827934
5,4312.50663506053
3.33333333333333,4315.50663506053
2.05025253169402,4318.71374184171
2,4321.9208486229
3.13444649956451,4325.33506218527
4.44046587438305,4329.16348931002
3.33333333333333,4332.57770287239
3.66666666666667,4335.57770287239
3,4338.57770287239
3.33333333333333,4341.57770287239
2.63603896932089,4344.78480965358
2.92893218813432,4348.19902321595
2.63603896932089,4351.61323677833
2.8732426246008,4355.23455712189
3.22182540694775,4358.85587746545
2.34314575050746,4362.27009102782
3.33333333333333,4365.47719780901
3.66666666666667,4368.47719780901
2.66666666666667,4371.47719780901
3.22182540694775,4374.68430459019
2.63603896932089,4378.09851815257
3.51471862576118,4381.51273171494
2.63603896932089,4384.92694527731
1.88561808316381,4388.75537240206
2.33333333333333,4392.37669274562
2.92893218813432,4395.58379952681
3.33333333333333,4398.79090630799
2.66666666666667,4401.79090630799
2.66666666666667,4404.79090630799
3.33333333333333,4407.79090630799
2.63603896932089,4410.99801308918
2.92893218813432,4414.41222665155
2,4417.61933343274
2.34314575050746,4420.82644021393
2.63603896932089,4424.2406537763
3.22182540694775,4427.65486733867
3,4430.86197411986
2.63603896932089,4434.06908090105
2.82842712474571,4437.89750802579
3.39565037452821,4441.93304193173
2.92893218813432,4445.55436227529
2.35083487467338,4449.17568261885
3.51471862576118,4452.79700296241
3.80761184457462,4456.21121652478
3.29983164553666,4460.03964364953
2.8732426246008,4464.07517755546
2.61203874963709,4467.90360468021
4.10050506338805,4471.52492502377
2.34314575050746,4474.93913858614
1.46446609406716,4478.35335214851
3.22182540694775,4481.76756571089
3.39565037452821,4485.38888605445
3.66666666666667,4488.80309961682
2.66666666666667,4491.80309961682
3,4494.80309961682
3.33333333333333,4497.80309961682
2.63603896932089,4501.01020639801
2.61203874963709,4504.63152674157
3,4508.04574030394
3.39565037452821,4511.45995386631
3.51471862576118,4515.08127420987
2.34314575050746,4518.49548777225
3.33333333333333,4521.70259455343
2.63603896932089,4524.90970133462
3.33333333333333,4528.11680811581
3,4531.11680811581
2.66666666666667,4534.11680811581
2.92893218813432,4537.32391489699
3.65685424949192,4540.94523524055
3.22182540694775,4544.56655558411
2.92893218813432,4547.98076914649
2.92893218813432,4551.39498270886
2.34314575050746,4554.80919627123
2.8732426246008,4558.43051661479
1.75735931288059,4562.05183695835
2.92893218813432,4565.46605052073
2.34314575050746,4568.8802640831
2.63603896932089,4572.29447764547
3,4575.50158442666
2.34314575050746,4578.70869120785
1.82842712474596,4582.33001155141
2,4585.74422511378
2.66666666666667,4588.74422511378
2.63603896932089,4591.95133189497
3.13444649956451,4595.57265223853
3.13444649956451,4599.40107936327
2.35083487467338,4603.22950648802
2,4606.64372005039
4,4609.64372005039
2.34314575050746,4612.85082683158
2.92893218813432,4616.26504039395
3.51471862576118,4619.67925395633
2.61203874963709,4623.30057429989
2.33333333333333,4626.71478786226
2.34314575050746,4629.92189464345
2.35083487467338,4633.54321498701
3.65685424949192,4637.37164211175
3.66666666666667,4640.78585567413
2.92893218813432,4643.99296245531
2.92893218813432,4647.40717601769
2.92893218813432,4650.82138958006
2.35083487467338,4654.44270992362
3.13444649956451,4658.27113704837
2.05025253169402,4661.89245739193
3.22182540694775,4665.3066709543
2.35702260395476,4669.13509807905
2.35083487467338,4673.17063198498
3.22182540694775,4676.79195232854
2.92893218813432,4680.20616589091
2.34314575050746,4683.62037945329
3,4686.82748623447
2.63603896932089,4690.03459301566
2.63603896932089,4693.44880657803
2.92893218813432,4696.86302014041
2.34314575050746,4700.27723370278
3.22182540694775,4703.69144726515
2.63603896932089,4707.10566082753
2.33333333333333,4710.31276760871
2.35083487467338,4713.72698117109
1.82842712474596,4717.55540829583
3,4720.96962185821
2,4723.96962185821
3.33333333333333,4726.96962185821
2.34314575050746,4730.17672863939
1.75735931288059,4733.59094220177
2.61203874963709,4737.21226254533
1.88561808316381,4741.24779645126
2.8732426246008,4745.28333035719
2.66666666666667,4748.69754391957
2.66666666666667,4751.69754391957
2.05025253169402,4754.90465070075
2.61203874963709,4758.52597104431
2.8732426246008,4762.35439816906
2.82842712474571,4766.38993207499
1.82842712474596,4770.42546598093
2.33333333333333,4773.8396795433
2.05025253169402,4777.04678632449
2.35083487467338,4780.66810666805
1.75735931288059,4784.28942701161
2.66666666666667,4787.49653379279
3,4790.49653379279
3.33333333333333,4793.49653379279
1.46446609406716,4796.70364057398
1.75735931288059,4800.11785413635
2.08963099970967,4803.73917447991
2.08963099970967,4807.56760160466
1.82842712474596,4811.39602872941
2.35702260395476,4815.43156263534
3.39565037452821,4819.46709654127
3.51471862576118,4823.08841688483
2.92893218813432,4826.50263044721
3.66666666666667,4829.70973722839
2.05025253169402,4832.91684400958
3.33333333333333,4836.12395079077
2.34314575050746,4839.33105757195
2.61203874963709,4842.95237791551
1.82842712474596,4846.78080504026
3,4850.19501860263
2.8732426246008,4853.60923216501
3.39565037452821,4857.43765928975
2.92893218813432,4861.05897963331
2.66666666666667,4864.2660864145
3.66666666666667,4867.2660864145
2.63603896932089,4870.47319319569
2.61203874963709,4874.09451353925
2.8732426246008,4877.92294066399
2.61203874963709,4881.75136778874
2.34314575050746,4885.3726881323
1.56722324978225,4888.99400847586
2.34314575050746,4892.61532881942
2.66666666666667,4895.82243560061
3.33333333333333,4898.82243560061
3.39565037452821,4902.23664916298
2.35702260395476,4906.27218306891
2.35083487467338,4910.30771697485
2.33333333333333,4913.72193053722
2.33333333333333,4916.72193053722
1.75735931288059,4919.92903731841
2.05025253169402,4923.34325088078
2.33333333333333,4926.55035766197
1.75735931288059,4929.75746444315
2.05025253169402,4933.17167800553
2.92893218813432,4936.5858915679
2.08963099970967,4940.20721191146
2.34314575050746,4943.82853225502
1.82842712474596,4947.44985259858
2.92893218813432,4951.07117294214
3.22182540694775,4954.48538650451
4,4957.6924932857
3.22182540694775,4960.89960006689
3,4964.10670684807
3.33333333333333,4967.10670684807
2.33333333333333,4970.10670684807
1.75735931288059,4973.31381362926
3,4976.52092041045
2.61203874963709,4979.93513397282
2.61203874963709,4983.76356109757
2.8732426246008,4987.59198822231
2.35702260395476,4991.62752212825
2.92893218813432,4995.45594925299
2.92893218813432,4998.87016281537
3,5002.07726959655
2.35083487467338,5005.49148315893
1.82842712474596,5009.31991028367
3.66666666666667,5012.73412384605
2.61203874963709,5016.14833740842
2.8732426246008,5019.97676453317
2.63603896932089,5023.59808487673
3.33333333333333,5026.80519165791
2.66666666666667,5029.80519165791
2.34314575050746,5033.0122984391
2.66666666666667,5036.21940522029
1.56722324978225,5039.63361878266
2.05025253169402,5043.25493912622
2.34314575050746,5046.66915268859
1.75735931288059,5050.08336625097
2.63603896932089,5053.49757981334
2.82842712474571,5057.32600693809
3.51471862576118,5061.15443406283
2.61203874963709,5064.77575440639
1.46446609406716,5068.39707474995
1.41421356237286,5072.2255018747
2.33333333333333,5075.84682221826
1.75735931288059,5079.05392899945
2.34314575050746,5082.46814256182
2.66666666666667,5085.67524934301
2.34314575050746,5088.88235612419
2.92893218813432,5092.29656968657
2.34314575050746,5095.71078324894
2.34314575050746,5099.12499681131
2.33333333333333,5102.3321035925
2.63603896932089,5105.53921037369
2.33333333333333,5108.74631715487
2.34314575050746,5111.95342393606
1.75735931288059,5115.36763749843
2.05025253169402,5118.78185106081
2.33333333333333,5121.98895784199
2.33333333333333,5124.98895784199
2.35083487467338,5128.40317140437
2.34314575050746,5132.02449174793
2.35083487467338,5135.64581209149
2.05025253169402,5139.26713243505
3,5142.47423921623
2.63603896932089,5145.68134599742
2.66666666666667,5148.88845277861
2.34314575050746,5152.09555955979
2.05025253169402,5155.50977312217
1.56722324978225,5159.13109346573
2.35702260395476,5163.16662737166
2.63603896932089,5166.99505449641
2.34314575050746,5170.40926805878
2.33333333333333,5173.61637483997
2.63603896932089,5176.82348162115
3.80761184457462,5180.23769518353
2.35702260395476,5184.06612230827
2.61203874963709,5188.10165621421
3.13444649956451,5191.93008333895
2.92893218813432,5195.55140368251
2.34314575050746,5198.96561724489
2.34314575050746,5202.37983080726
3.51471862576118,5205.79404436963
3.13444649956451,5209.41536471319
2.35083487467338,5213.24379183794
3.51471862576118,5216.8651121815
4,5220.07221896269
2.33333333333333,5223.07221896269
1.46446609406716,5226.27932574387
2.63603896932089,5229.69353930625
2.05025253169402,5233.10775286862
2,5236.31485964981
2.34314575050746,5239.52196643099
2,5242.72907321218
2,5245.72907321218
2.34314575050746,5248.93617999337
1.75735931288059,5252.35039355574
2.34314575050746,5255.76460711811
2.34314575050746,5259.17882068049
2.05025253169402,5262.59303424286
2,5265.80014102405
2.33333333333333,5268.80014102405
2.34314575050746,5272.00724780523
3.22182540694775,5275.42146136761
2.12132034355928,5279.24988849235
2.8732426246008,5283.28542239829
2.63603896932089,5286.90674274185
2.63603896932089,5290.32095630422
2,5293.52806308541
3,5296.52806308541
3.33333333333333,5299.52806308541
2.92893218813432,5302.73516986659
2.08963099970967,5306.35649021015
1.66666666666667,5309.77070377253
1.66666666666667,5312.77070377253
1.75735931288059,5315.97781055371
2,5319.1849173349
1.17157287525373,5322.39202411609
3.66666666666667,5325.59913089727
2.61203874963709,5329.01334445965
3.80761184457462,5332.63466480321
2.63603896932089,5336.04887836558
2.63603896932089,5339.46309192795
2.34314575050746,5342.87730549033
1.88561808316381,5346.70573261507
2.34314575050746,5350.53415973982
2.66666666666667,5353.74126652101
2.63603896932089,5356.94837330219
3.66666666666667,5360.15548008338
3.33333333333333,5363.15548008338
2.34314575050746,5366.36258686457
2.05025253169402,5369.77680042694
6.26889299912901,5373.3981207705
4.97918471982834,5377.01944111406
2.34314575050746,5380.43365467643
2,5383.64076145762
2.34314575050746,5386.84786823881
2.34314575050746,5390.26208180118
2.35083487467338,5393.88340214474
2.05025253169402,5397.5047224883
2.63603896932089,5400.91893605067
2.05025253169402,5404.33314961305
2.34314575050746,5407.74736317542
2.92893218813432,5411.16157673779
2.63603896932089,5414.57579030017
2.35083487467338,5418.19711064373
1.56722324978225,5422.02553776847
2.63603896932089,5425.64685811203
3.33333333333333,5428.85396489322
3.33333333333333,5431.85396489322
2.92893218813432,5435.06107167441
2.33333333333333,5438.26817845559
2.63603896932089,5441.47528523678
3.13444649956451,5445.09660558034
3.13444649956451,5448.92503270509
2.35702260395476,5452.96056661102
2.92893218813432,5456.78899373577
2.63603896932089,5460.20320729814
3.33333333333333,5463.41031407933
2.8732426246008,5466.8245276417
2.63603896932089,5470.44584798526
3.33333333333333,5473.65295476645
2.92893218813432,5476.86006154763
3.13444649956451,5480.48138189119
3.39565037452821,5484.30980901594
3.51471862576118,5487.9311293595
4.10050506338805,5491.34534292187
3.39565037452821,5494.96666326543
3,5498.38087682781
2.08963099970967,5501.79509039018
2.66666666666667,5505.20930395255
2.66666666666667,5508.20930395255
2.05025253169402,5511.41641073374
2.34314575050746,5514.83062429611
1.82842712474596,5518.45194463967
2.05025253169402,5522.07326498323
2,5525.28037176442
2.34314575050746,5528.48747854561
2.33333333333333,5531.69458532679
2.63603896932089,5534.90169210798
3,5538.10879888917
3.22182540694775,5541.31590567035
2.63603896932089,5544.73011923273
4.39339828220148,5548.1443327951
4.68629150101491,5551.55854635747
1.88561808316381,5555.38697348222
3.65685424949192,5559.42250738815
2.35702260395476,5563.45804129409
3.13444649956451,5567.49357520002
3.29983164553666,5571.52910910595
3.91805812445563,5575.56464301189
2.35702260395476,5579.60017691782
2.61203874963709,5583.63571082375
2.92893218813432,5587.25703116731
1.88561808316381,5591.08545829206
3.06412938514119,5595.32809897918
3.13444649956451,5599.36363288511
3.13444649956451,5603.19206000986
2.92893218813432,5606.81338035342
3.13444649956451,5610.43470069698
3.65685424949192,5614.26312782173
2.05025253169402,5617.88444816529
2.08963099970967,5621.50576850885
1.82842712474596,5625.33419563359
3,5628.74840919597
2.92893218813432,5631.95551597715
2.34314575050746,5635.36972953953
2.12132034355928,5639.19815666427
2.92893218813432,5643.02658378902
2.8732426246008,5646.64790413258
3,5650.06211769495
2.92893218813432,5653.26922447614
2.08963099970967,5656.8905448197
2.61203874963709,5660.71897194445
2.34314575050746,5664.34029228801
2.33333333333333,5667.54739906919
2.92893218813432,5670.75450585038
2.92893218813432,5674.16871941275
2.8732426246008,5677.79003975631
4,5681.20425331869
2.92893218813432,5684.41136009987
2.35083487467338,5688.03268044343
2.92893218813432,5691.65400078699
4.33333333333333,5694.86110756818
2.35702260395476,5698.48242791174
2.82842712474571,5702.72506859886
3.39565037452821,5706.76060250479
2.63603896932089,5710.38192284835
2.8732426246008,5714.00324319191
2.8732426246008,5717.83167031666
2.59272486435024,5721.86720422259
2.34314575050746,5725.69563134734
2.92893218813432,5729.10984490971
4.66666666666667,5732.3169516909
3,5735.3169516909
3,5738.3169516909
2.33333333333333,5741.3169516909
2.34314575050746,5744.52405847209
3.22182540694775,5747.93827203446
2.61203874963709,5751.55959237802
2.35702260395476,5755.59512628395
2.63603896932089,5759.4235534087
2,5762.63066018989
3.33333333333333,5765.63066018989
2.92893218813432,5768.83776697107
2.92893218813432,5772.25198053345
2.63603896932089,5775.66619409582
2.63603896932089,5779.08040765819
2.08963099970967,5782.70172800175
2.35702260395476,5786.73726190769
2.61203874963709,5790.77279581362
3.33333333333333,5794.18700937599
2.34314575050746,5797.39411615718
3.13444649956451,5801.01543650074
2.61203874963709,5804.84386362549
2.61203874963709,5808.67229075023
2.63603896932089,5812.29361109379
2.34314575050746,5815.70782465617
2.35083487467338,5819.32914499973
2.92893218813432,5822.95046534329
2.61203874963709,5826.57178568685
3.13444649956451,5830.40021281159
2.66666666666667,5833.81442637397
2.34314575050746,5837.02153315515
2.08963099970967,5840.64285349871
2.92893218813432,5844.26417384227
2.12132034355928,5848.09260096702
2.66666666666667,5851.71392131058
2.34314575050746,5854.92102809177
2.08963099970967,5858.54234843533
2.8732426246008,5862.37077556007
4,5865.78498912245
2.66666666666667,5868.78498912245
2.82842712474571,5872.40630946601
3.91805812445563,5876.44184337194
2.59272486435024,5880.47737727787
2.66666666666667,5884.09869762143
2.66666666666667,5887.09869762143
2.63603896932089,5890.30580440262
2.61203874963709,5893.92712474618
4.66666666666667,5897.34133830855
2.34314575050746,5900.54844508974
2.05025253169402,5903.96265865211
2.66666666666667,5907.1697654333
2.05025253169402,5910.37687221449
1.88561808316381,5914.20529933923
2.12132034355928,5918.44794002635
2.61203874963709,5922.48347393229
4.39339828220148,5926.10479427585
2.61203874963709,5929.72611461941
2,5933.14032818178
2.12132034355928,5936.76164852534
3.39565037452821,5940.79718243127
2.8732426246008,5944.62560955602
2.35083487467338,5948.45403668077
2.34314575050746,5952.07535702433
2.05025253169402,5955.4895705867
2.05025253169402,5958.90378414907
1.33333333333333,5962.11089093026
2,5965.11089093026
2.66666666666667,5968.11089093026
2.63603896932089,5971.31799771145
2.8732426246008,5974.93931805501
2.35702260395476,5978.97485196094
3.65685424949192,5983.01038586687
2.61203874963709,5986.83881299162
2.82842712474571,5990.87434689755
2.66666666666667,5994.49566724111
2.92893218813432,5997.7027740223
3.22182540694775,6001.11698758467
2.35083487467338,6004.73830792823
3.22182540694775,6008.35962827179
3.22182540694775,6011.77384183417
3.66666666666667,6014.98094861535
3,6017.98094861535
2.66666666666667,6020.98094861535
2.63603896932089,6024.18805539654
1.75735931288059,6027.60226895891
2.66666666666667,6030.8093757401
2.35083487467338,6034.22358930247
2.82842712474571,6038.25912320841
2.35702260395476,6042.50176389553
2.63603896932089,6046.33019102027
3.33333333333333,6049.53729780146
2.33333333333333,6052.53729780146
2.63603896932089,6055.74440458265
1.82842712474596,6059.36572492621
3.13444649956451,6063.19415205095
3.13444649956451,6067.0225791757
3.33333333333333,6070.43679273807
2.66666666666667,6073.43679273807
4,6076.43679273807
2.63603896932089,6079.64389951926
2.8732426246008,6083.26521986282
2.63603896932089,6086.88654020638
4,6090.09364698757
2.8732426246008,6093.50786054994
2.61203874963709,6097.33628767469
2.66666666666667,6100.75050123706
2.92893218813432,6103.95760801825
3.66666666666667,6107.16471479943
2.34314575050746,6110.37182158062
2.61203874963709,6113.99314192418
2.35702260395476,6118.02867583011
1.82842712474596,6122.06420973605
2.12132034355928,6126.09974364198
2.92893218813432,6129.92817076673
2.63603896932089,6133.3423843291
2.92893218813432,6136.75659789147
3.66666666666667,6139.96370467266
3,6142.96370467266
3,6145.96370467266
2.33333333333333,6148.96370467266
2.08963099970967,6152.37791823503
3.65685424949192,6156.20634535978
3.39565037452821,6160.03477248453
2.8732426246008,6163.86319960927
4,6167.27741317165
4.10050506338805,6170.48451995283
3.39565037452821,6174.10584029639
2.34314575050746,6177.72716063995
2.34314575050746,6181.14137420233
3.33333333333333,6184.34848098351
2.92893218813432,6187.5555877647
2.82842712474571,6191.38401488945
3.91805812445563,6195.41954879538
3.06412938514119,6199.45508270131
3.91805812445563,6203.49061660725
3.65685424949192,6207.31904373199
3.22182540694775,6210.94036407555
2.61203874963709,6214.56168441911
2.35083487467338,6218.39011154386
1.82842712474596,6222.21853866861
2.08963099970967,6226.04696579335
1.82842712474596,6229.8753929181
2.08963099970967,6233.70382004285
2.92893218813432,6237.32514038641
3.33333333333333,6240.53224716759
2.33333333333333,6243.53224716759
2.92893218813432,6246.73935394878
2.61203874963709,6250.36067429234
3.22182540694775,6253.9819946359
4,6257.18910141709
2.63603896932089,6260.39620819827
2.8732426246008,6264.01752854183
2.92893218813432,6267.63884888539
2.05025253169402,6271.05306244777
2.34314575050746,6274.46727601014
2.92893218813432,6277.88148957251
4,6281.0885963537
2.59272486435024,6284.70991669726
2.92893218813432,6288.53834382201
2.63603896932089,6291.95255738438
4.66666666666667,6295.15966416557
2,6298.15966416557
2.08963099970967,6301.57387772794
2.34314575050746,6305.1951980715
3.66666666666667,6308.40230485269
2,6311.40230485269
2.34314575050746,6314.60941163387
2.61203874963709,6318.23073197743
2.63603896932089,6321.85205232099
2.35083487467338,6325.47337266455
2.34314575050746,6329.09469300811
2.66666666666667,6332.3017997893
3.22182540694775,6335.50890657049
4,6338.71601335167
3.51471862576118,6341.92312013286
2.08963099970967,6345.54444047642
2.35083487467338,6349.37286760117
4.33333333333333,6352.78708116354
2.35083487467338,6356.20129472591
2.61203874963709,6360.02972185066
2.66666666666667,6363.44393541303
3.22182540694775,6366.65104219422
2.12132034355928,6369.06525575659
