time,sinuosity
0.0,1.0
0.0,1.002264749038836
2.0,1.0013401243549447
4.0,1.0008669340201617
6.0,1.0005841088747098
8.0,1.0004100715496338
10.0,1.0002996838121991
12.0,1.0002274615972917
14.0,1.0001787186562099
16.0,1.0001448092379697
18.0,1.0001205280142254
20.0,1.0001026664609218
22.0,1.0000891984319127
24.0,1.0000788128715665
26.0,1.0000706408192335
28.0,1.0000640928305409
30.0,1.0000587601864888
32.0,1.0000543536044124
34.0,1.000050664409232
36.0,1.0000475394179171
38.0,1.0000448643629138
40.0,1.0000425527383257
42.0,1.0000405381573145
44.0,1.000038769025908
46.0,1.0000372047725898
48.0,1.000035813140417
50.0,1.000034568216327
52.0,1.0000334489793072
54.0,1.0000324382187278
56.0,1.0000315217200009
58.0,1.0000306876454785
60.0,1.0000299260595231
62.0,1.0000292285609718
64.0,1.0000285879964175
66.0,1.0000279982347775
68.0,1.000027453988723
70.0,1.000026950672205
72.0,1.000026484286007
74.0,1.000026051325176
76.0,1.0000256487036598
78.0,1.000025273692603
80.0,1.000024923869435
82.0,1.000024597075705
84.0,1.0000242913818826
86.0,1.0000240050578513
88.0,1.0000237365480151
90.0,1.0000234844501856
92.0,1.0000232474976032
94.0,1.0000230245435198
96.0,1.000022814547937
98.0,1.0000226165661186
100.0,1.0000224297386342
102.0,1.0000222532826493
104.0,1.0000220864842984
106.0,1.000021928691968
108.0,1.0000217793103736
110.0,1.0000216377952906
112.0,1.0000215036488747
114.0,1.0000213764154822
116.0,1.0000212556779133
118.0,1.0000211410540547
120.0,1.000021032193833
122.0,1.0000209287764694
124.0,1.0000208305080007
126.0,1.0000207371190022
128.0,1.0000206483625453
130.0,1.0000205640123083
132.0,1.0000204838608542
134.0,1.000020407718075
136.0,1.0000203354097288
138.0,1.000020266776123
140.0,1.0000202016709008
142.0,1.000020139959906
144.0,1.0000200815201532
146.0,1.0000200262388783
148.0,1.0000199740126494
150.0,1.0000199247465607
152.0,1.0000198783534744
154.0,1.0000198347533362
156.0,1.0000197938725188
158.0,1.0000197556432493
160.0,1.0000197200030472
162.0,1.0000196868942262
164.0,1.0000196562634287
166.0,1.0000196280611942
168.0,1.0000196022415695
170.0,1.000019578761734
172.0,1.0000195575816875
174.0,1.0000195386639108
176.0,1.000019521973117
178.0,1.0000195074759801
180.0,1.000019495140896
182.0,1.0000194849377813
184.0,1.0000194768378634
186.0,1.0000194708135206
188.0,1.0000194668381137
190.0,1.0000194648858423
192.0,1.000019464931618
194.0,1.0000194669509532
196.0,1.000019470919849
198.0,1.0000194768147146
200.0,1.0000194846122785
202.0,1.0000194942895244
204.0,1.000019505823626
206.0,1.0000195191919012
208.0,1.0000195343717586
210.0,1.0000195513406684
212.0,1.0000195700761256
214.0,1.0000195905556342
216.0,1.000019612756672
218.0,1.0000196366566922
220.0,1.0000196622331083
222.0,1.0000196894632845
224.0,1.0000197183245345
226.0,1.0000197487941314
228.0,1.0000197808492972
230.0,1.0000198144672208
232.0,1.0000198496250585
234.0,1.0000198862999528
236.0,1.0000199244690378
238.0,1.0000199641094543
240.0,1.000020005198366
242.0,1.0000200477129753
244.0,1.0000200916305373
246.0,1.0000201369283779
248.0,1.000020183583912
250.0,1.0000202315746627
252.0,1.00002028087827
254.0,1.0000203314725216
256.0,1.0000203833353616
258.0,1.0000204364449081
260.0,1.0000204907794756
262.0,1.0000205463175837
264.0,1.0000206030379828
266.0,1.0000206609196587
268.0,1.0000207199418585
270.0,1.0000207800840955
272.0,1.000020841326167
274.0,1.0000209036481706
276.0,1.0000209670305067
278.0,1.0000210314539006
280.0,1.0000210968994074
282.0,1.0000211633484224
284.0,1.0000212307826877
286.0,1.0000212991843067
288.0,1.0000213685357502
290.0,1.0000214388198507
292.0,1.0000215100198317
294.0,1.0000215821192868
296.0,1.0000216551022048
298.0,1.0000217289529616
300.0,1.0000218036563222
302.0,1.000021879197458
304.0,1.0000219555619225
306.0,1.000022032735681
308.0,1.0000221107050802
310.0,1.0000221894568753
312.0,1.000022268978216
314.0,1.000022349256639
316.0,1.0000224302800778
318.0,1.000022512036851
320.0,1.0000225945156647
322.0,1.0000226777056065
324.0,1.0000227615961377
326.0,1.0000228461770968
328.0,1.0000229314386857
330.0,1.00002301737147
332.0,1.0000231039663703
334.0,1.000023191214661
336.0,1.0000232791079526
338.0,1.0000233676382022
340.0,1.0000234567976911
342.0,1.0000235465790257
344.0,1.0000236369751285
346.0,1.000023727979234
348.0,1.0000238195848734
350.0,1.0000239117858707
352.0,1.000024004576342
354.0,1.0000240979506807
356.0,1.000024191903546
358.0,1.0000242864298619
360.0,1.000024381524811
362.0,1.000024477183822
364.0,1.0000245734025568
366.0,1.0000246701769135
368.0,1.0000247675030167
370.0,1.000024865377202
372.0,1.0000249637960168
374.0,1.0000250627562086
376.0,1.000025162254717
378.0,1.0000252622886705
380.0,1.0000253628553806
382.0,1.0000254639523198
384.0,1.0000255655771368
386.0,1.0000256677276358
388.0,1.000025770401772
390.0,1.0000258735976466
392.0,1.0000259773135063
394.0,1.0000260815477227
396.0,1.0000261862988005
398.0,1.0000262915653664
400.0,1.0000263973461667
402.0,1.0000265036400557
404.0,1.000026610445995
406.0,1.000026717763047
408.0,1.0000268255903786
410.0,1.0000269339272432
412.0,1.0000270427729845
414.0,1.0000271521270294
416.0,1.0000272619888924
418.0,1.000027372358159
420.0,1.0000274832344942
422.0,1.0000275946176276
424.0,1.0000277065073664
426.0,1.0000278189035765
428.0,1.0000279318061902
430.0,1.000028045215197
432.0,1.0000281591306492
434.0,1.0000282735526578
436.0,1.0000283884813805
438.0,1.000028503917037
440.0,1.000028619859896
442.0,1.0000287363102764
444.0,1.0000288532685486
446.0,1.000028970735135
448.0,1.0000290887105026
450.0,1.0000292071951669
452.0,1.0000293261896942
454.0,1.0000294456946945
456.0,1.0000295657108298
458.0,1.0000296862388067
460.0,1.0000298072793825
462.0,1.0000299288333592
464.0,1.0000300509015945
466.0,1.0000301734849872
468.0,1.0000302965844927
470.0,1.0000304202011143
472.0,1.00003054433591
474.0,1.00003066898999
476.0,1.0000307941645197
478.0,1.0000309198607145
480.0,1.0000310460798565
482.0,1.0000311728232774
484.0,1.000031300092376
486.0,1.000031427888604
488.0,1.0000315562134858
490.0,1.000031685068602
492.0,1.0000318144556029
494.0,1.0000319443762073
496.0,1.0000320748322018
498.0,1.0000322058254472
500.0,1.0000323373578746
502.0,1.0000324694314884
504.0,1.0000326020483787
506.0,1.000032735210702
508.0,1.0000328689207074
510.0,1.0000330031807168
512.0,1.0000331379931406
514.0,1.0000332733604775
516.0,1.0000334092853074
518.0,1.0000335457703056
520.0,1.0000336828182372
522.0,1.0000338204319577
524.0,1.000033958614422
526.0,1.0000340973686737
528.0,1.0000342366978665
530.0,1.0000343766052413
532.0,1.000034517094145
534.0,1.0000346581680266
536.0,1.0000347998304389
538.0,1.000034942085041
540.0,1.0000350849355943
542.0,1.0000352283859706
544.0,1.0000353724401485
546.0,1.0000355171022184
548.0,1.0000356623763749
550.0,1.0000358082669347
552.0,1.0000359547783155
554.0,1.00003610191505
556.0,1.000036249681791
558.0,1.000036398083297
560.0,1.0000365471244432
562.0,1.0000366968102194
564.0,1.0000368471457293
566.0,1.000036998136192
568.0,1.000037149786942
570.0,1.0000373021034248
572.0,1.0000374550912026
574.0,1.0000376087559548
576.0,1.000037763103469
578.0,1.0000379181396473
580.0,1.000038073870506
582.0,1.0000382303021729
584.0,1.0000383874408885
586.0,1.0000385452929985
588.0,1.0000387038649636
590.0,1.0000388631633488
592.0,1.0000390231948257
594.0,1.0000391839661766
596.0,1.0000393454842826
598.0,1.0000395077561313
600.0,1.0000396707888062
602.0,1.0000398345894992
604.0,1.000039999165494
606.0,1.0000401645241708
608.0,1.0000403306730052
610.0,1.0000404976195667
612.0,1.0000406653715121
614.0,1.000040833936588
616.0,1.000041003322628
618.0,1.0000411735375474
620.0,1.000041344589343
622.0,1.0000415164860916
624.0,1.0000416892359494
626.0,1.000041862847139
628.0,1.0000420373279617
630.0,1.0000422126867865
632.0,1.000042388932045
634.0,1.0000425660722385
636.0,1.000042744115925
638.0,1.000042923071721
640.0,1.0000431029483001
642.0,1.0000432837543878
644.0,1.0000434654987627
646.0,1.0000436481902417
648.0,1.0000438318376963
650.0,1.0000440164500366
652.0,1.0000442020362073
654.0,1.0000443886051937
656.0,1.0000445761660077
658.0,1.0000447647277027
660.0,1.0000449542993495
662.0,1.0000451448900458
664.0,1.0000453365089135
666.0,1.0000455291650934
668.0,1.0000457228677424
670.0,1.0000459176260295
672.0,1.0000461134491376
674.0,1.0000463103462593
676.0,1.000046508326588
678.0,1.0000467073993276
680.0,1.0000469075736793
682.0,1.000047108858845
684.0,1.000047311264024
686.0,1.0000475147984096
688.0,1.0000477194711865
690.0,1.0000479252915333
692.0,1.0000481322686148
694.0,1.000048340411582
696.0,1.0000485497295752
698.0,1.0000487602317119
700.0,1.0000489719270984
702.0,1.0000491848248123
704.0,1.0000493989339208
706.0,1.0000496142634603
708.0,1.0000498308224497
710.0,1.0000500486198778
712.0,1.000050267664713
714.0,1.0000504879658945
716.0,1.0000507095323365
718.0,1.0000509323729214
720.0,1.0000511564965096
722.0,1.0000513819119285
724.0,1.000051608627979
726.0,1.0000518366534317
728.0,1.0000520659970287
730.0,1.0000522966674863
732.0,1.0000525286734865
734.0,1.0000527620236892
736.0,1.000052996726725
738.0,1.000053232791194
740.0,1.0000534702256778
742.0,1.0000537090387254
744.0,1.000053949238862
746.0,1.000054190834596
748.0,1.0000544338344066
750.0,1.000054678246761
752.0,1.0000549240800973
754.0,1.0000551713428443
756.0,1.0000554200434106
758.0,1.0000556701901928
760.0,1.000055921791579
762.0,1.0000561748559413
764.0,1.0000564293916463
766.0,1.0000566854070585
768.0,1.0000569429105388
770.0,1.0000572019104415
772.0,1.0000574624151335
774.0,1.0000577244329796
776.0,1.000057987972355
778.0,1.0000582530416438
780.0,1.0000585196492449
782.0,1.0000587878035743
784.0,1.0000590575130692
786.0,1.0000593287861885
788.0,1.0000596016314132
790.0,1.0000598760572639
792.0,1.0000601520722845
794.0,1.0000604296850628
796.0,1.0000607089042206
798.0,1.000060989738429
800.0,1.0000612721964028
802.0,1.0000615562869113
804.0,1.000061842018772
806.0,1.0000621294008696
808.0,1.000062418442144
810.0,1.000062709151606
812.0,1.000063001538336
814.0,1.0000632956114812
816.0,1.0000635913802756
818.0,1.0000638888540285
820.0,1.0000641880421397
822.0,1.0000644889540902
824.0,1.0000647915994614
826.0,1.0000650959879258
828.0,1.0000654021292632
830.0,1.0000657100333472
832.0,1.0000660197101692
834.0,1.0000663311698264
836.0,1.0000666444225357
838.0,1.0000669594786264
840.0,1.0000672763485552
842.0,1.000067595042903
844.0,1.00006791557238
846.0,1.00006823794783
848.0,1.00006856218023
850.0,1.0000688882806965
852.0,1.0000692162604927
854.0,1.0000695461310225
856.0,1.000069877903838
858.0,1.0000702115906444
860.0,1.000070547203301
862.0,1.0000708847538227
864.0,1.0000712242543832
866.0,1.0000715657173174
868.0,1.000071909155127
870.0,1.0000722545804774
872.0,1.0000726020062032
874.0,1.0000729514453108
876.0,1.0000733029109758
878.0,1.000073656416552
880.0,1.0000740119755653
882.0,1.0000743696017225
884.0,1.0000747293089047
886.0,1.000075091111179
888.0,1.0000754550227906
890.0,1.000075821058163
892.0,1.0000761892319088
894.0,1.0000765595588241
896.0,1.000076932053885
898.0,1.0000773067322584
900.0,1.0000776836092877
902.0,1.0000780627005126
904.0,1.0000784440216492
906.0,1.0000788275886043
908.0,1.000079213417465
910.0,1.0000796015245101
912.0,1.0000799919261942
914.0,1.000080384639162
916.0,1.0000807796802376
918.0,1.0000811770664253
920.0,1.000081576814916
922.0,1.0000819789430737
924.0,1.0000823834684422
926.0,1.0000827904087444
928.0,1.0000831997818744
930.0,1.0000836116058995
932.0,1.0000840258990644
934.0,1.0000844426797728
936.0,1.0000848619666047
938.0,1.0000852837783023
940.0,1.0000857081337637
942.0,1.0000861350520596
944.0,1.0000865645524029
946.0,1.0000869966541757
948.0,1.0000874313769035
950.0,1.0000878687402592
952.0,1.0000883087640704
954.0,1.0000887514682977
956.0,1.0000891968730476
958.0,1.0000896449985597
960.0,1.000090095865209
962.0,1.0000905494934986
964.0,1.000091005904054
966.0,1.0000914651176318
968.0,1.0000919271550979
970.0,1.0000923920374385
972.0,1.0000928597857484
974.0,1.000093330421233
976.0,1.0000938039651972
978.0,1.000094280439048
980.0,1.0000947598642866
982.0,1.0000952422625058
984.0,1.0000957276553857
986.0,1.0000962160646887
988.0,1.0000967075122618
990.0,1.00009720202002
992.0,1.0000976996099527
994.0,1.000098200304118
996.0,1.0000987041246343
998.0,1.0000992110936773
1000.0,1.000099721233485
1002.0,1.000100234566337
1004.0,1.0001007511145612
1006.0,1.000101270900533
1008.0,1.0001017939466617
1010.0,1.0001023202753918
1012.0,1.0001028499092017
1014.0,1.0001033828705939
1016.0,1.000103919182091
1018.0,1.000104458866238
1020.0,1.000105001945596
1022.0,1.0001055484427355
1024.0,1.0001060983802377
1026.0,1.0001066517806865
1028.0,1.0001072086666678
1030.0,1.0001077690607614
1032.0,1.000108332985548
1034.0,1.0001089004635968
1036.0,1.0001094715174619
1038.0,1.000110046169688
1040.0,1.0001106244428004
1042.0,1.000111206359303
1044.0,1.0001117919416733
1046.0,1.0001123812123671
1048.0,1.0001129741938128
1050.0,1.0001135709084086
1052.0,1.0001141713785098
1054.0,1.0001147756264506
1056.0,1.0001153836745194
1058.0,1.0001159955449688
1060.0,1.0001166112600095
1062.0,1.0001172308418094
1064.0,1.0001178543124958
1066.0,1.0001184816941469
1068.0,1.000119113008797
1070.0,1.0001197482784325
1072.0,1.0001203875249896
1074.0,1.0001210307703612
1076.0,1.0001216780363817
1078.0,1.0001223293448438
1080.0,1.0001229847174804
1082.0,1.0001236441759838
1084.0,1.0001243077419895
1086.0,1.0001249754370785
1088.0,1.0001256472827913
1090.0,1.0001263233006101
1092.0,1.000127003511969
1094.0,1.0001276879382566
1096.0,1.0001283766008098
1098.0,1.000129069520917
1100.0,1.0001297667198221
1102.0,1.0001304682187269
1104.0,1.0001311740387855
1106.0,1.0001318842011093
1108.0,1.000132598726778
1110.0,1.000133317636818
1112.0,1.0001340409522335
1114.0,1.0001347686939845
1116.0,1.0001355008830037
1118.0,1.0001362375401914
1120.0,1.0001369786864207
1122.0,1.000137724342542
1124.0,1.0001384745293793
1126.0,1.000139229267743
1128.0,1.00013998857842
1130.0,1.0001407524821877
1132.0,1.0001415209998188
1134.0,1.0001422941520681
1136.0,1.0001430719596949
1138.0,1.000143854443454
1140.0,1.0001446416241102
1142.0,1.0001454335224311
1144.0,1.0001462301591955
1146.0,1.0001470315551995
1148.0,1.000147837731258
1150.0,1.0001486487082085
1152.0,1.0001494645069162
1154.0,1.0001502851482784
1156.0,1.0001511106532284
1158.0,1.0001519410427389
1160.0,1.0001527763378324
1162.0,1.0001536165595746
1164.0,1.0001544617290874
1166.0,1.0001553118675535
1168.0,1.0001561669962167
1170.0,1.000157027136391
1172.0,1.0001578923094592
1174.0,1.0001587625368873
1176.0,1.0001596378402209
1178.0,1.000160518241093
1180.0,1.0001614037612285
1182.0,1.0001622944224524
1184.0,1.000163190246688
1186.0,1.0001640912559697
1188.0,1.000164997472438
1190.0,1.0001659089183608
1192.0,1.0001668256161171
1194.0,1.0001677475882185
1196.0,1.0001686748573082
1198.0,1.000169607446166
1200.0,1.000170545377711
1202.0,1.0001714886750144
1204.0,1.000172437361294
1206.0,1.0001733914599245
1208.0,1.0001743509944456
1210.0,1.000175315988561
1212.0,1.0001762864661432
1214.0,1.0001772624512404
1216.0,1.0001782439680844
1218.0,1.00017923104109
1220.0,1.0001802236948618
1222.0,1.0001812219541897
1224.0,1.00018222584408
1226.0,1.0001832353897215
1228.0,1.0001842506165246
1230.0,1.0001852715501034
1232.0,1.0001862982162897
1234.0,1.0001873306411315
1236.0,1.0001883688509032
1238.0,1.0001894128721058
1240.0,1.0001904627314708
1242.0,1.0001915184559653
1244.0,1.0001925800727918
1246.0,1.0001936476093976
1248.0,1.000194721093474
1250.0,1.0001958005529619
1252.0,1.0001968860160533
1254.0,1.0001979775111949
1256.0,1.0001990750670937
1258.0,1.0002001787127126
1260.0,1.0002012884772875
1262.0,1.0002024043903097
1264.0,1.0002035264815492
1266.0,1.000204654781041
1268.0,1.0002057893191012
1270.0,1.0002069301263141
1272.0,1.0002080772335495
1274.0,1.0002092306719534
1276.0,1.0002103904729571
1278.0,1.0002115566682737
1280.0,1.0002127292899035
1282.0,1.000213908370135
1284.0,1.0002150939415448
1286.0,1.0002162860370014
1288.0,1.0002174846896628
1290.0,1.000218689932979
1292.0,1.000219901800697
1294.0,1.0002211203268545
1296.0,1.0002223455457866
1298.0,1.0002235774921222
1300.0,1.00022481620079
1302.0,1.0002260617070104
1304.0,1.0002273140463036
1306.0,1.0002285732544853
1308.0,1.0002298393676685
1310.0,1.000231112422263
1312.0,1.0002323924549752
1314.0,1.000233679502806
1316.0,1.000234973603055
1318.0,1.0002362747933138
1320.0,1.0002375831114674
1322.0,1.0002388985956983
1324.0,1.0002402212844757
1326.0,1.0002415512165657
1328.0,1.0002428884310228
1330.0,1.0002442329671875
1332.0,1.0002455848646898
1334.0,1.0002469441634498
1336.0,1.000248310903662
1338.0,1.0002496851258138
1340.0,1.0002510668706672
1342.0,1.0002524561792656
1344.0,1.0002538530929281
1346.0,1.0002552576532466
1348.0,1.00025666990209
1350.0,1.0002580898815956
1352.0,1.000259517634166
1354.0,1.0002609532024733
1356.0,1.0002623966294482
1358.0,1.000263847958283
1360.0,1.0002653072324277
1362.0,1.0002667744955844
1364.0,1.0002682497917095
1366.0,1.000269733165009
1368.0,1.0002712246599283
1370.0,1.0002727243211593
1372.0,1.0002742321936338
1374.0,1.0002757483225138
1376.0,1.0002772727531972
1378.0,1.0002788055313117
1380.0,1.0002803467027055
1382.0,1.000281896313454
1384.0,1.0002834544098442
1386.0,1.0002850210383831
1388.0,1.0002865962457825
1390.0,1.0002881800789656
1392.0,1.0002897725850501
1394.0,1.000291373811366
1396.0,1.0002929838054215
1398.0,1.0002946026149286
1400.0,1.000296230287775
1402.0,1.0002978668720366
1404.0,1.0002995124159697
1406.0,1.0003011669679953
1408.0,1.000302830576708
1410.0,1.0003045032908717
1412.0,1.0003061851594033
1414.0,1.000307876231381
1416.0,1.0003095765560301
1418.0,1.000311286182728
1420.0,1.0003130051609914
1422.0,1.0003147335404745
1424.0,1.0003164713709667
1426.0,1.0003182187023865
1428.0,1.0003199755847714
1430.0,1.0003217420682846
1432.0,1.0003235182032042
1434.0,1.000325304039911
1436.0,1.0003270996288953
1438.0,1.0003289050207511
1440.0,1.0003307202661647
1442.0,1.0003325454159142
1444.0,1.0003343805208607
1446.0,1.0003362256319523
1448.0,1.0003380808002105
1450.0,1.0003399460767304
1452.0,1.0003418215126707
1454.0,1.0003437071592531
1456.0,1.000345603067762
1458.0,1.0003475092895273
1460.0,1.0003494258759316
1462.0,1.000351352878398
1464.0,1.0003532903483874
1466.0,1.0003552383373973
1468.0,1.0003571968969498
1470.0,1.0003591660785955
1472.0,1.000361145933902
1474.0,1.0003631365144485
1476.0,1.0003651378718277
1478.0,1.00036715005764
1480.0,1.0003691731234807
1482.0,1.000371207120944
1484.0,1.0003732521016167
1486.0,1.0003753081170699
1488.0,1.0003773752188605
1490.0,1.0003794534585193
1492.0,1.000381542887553
1494.0,1.0003836435574427
1496.0,1.0003857555196254
1498.0,1.0003878788255018
1500.0,1.0003900135264339
1502.0,1.0003921596737313
1504.0,1.0003943173186567
1506.0,1.0003964865124095
1508.0,1.0003986673061378
1510.0,1.000400859750923
1512.0,1.0004030638977783
1514.0,1.0004052797976466
1516.0,1.0004075075013994
1518.0,1.000409747059828
1520.0,1.0004119985236395
1522.0,1.0004142619434626
1524.0,1.0004165373698328
1526.0,1.0004188248531993
1528.0,1.0004211244439127
1530.0,1.0004234361922295
1532.0,1.000425760148305
1534.0,1.0004280963621963
1536.0,1.00043044488385
1538.0,1.0004328057631078
1540.0,1.0004351790497032
1542.0,1.0004375647932582
1544.0,1.0004399630432776
1546.0,1.0004423738491577
1548.0,1.0004447972601718
1550.0,1.000447233325475
1552.0,1.000449682094109
1554.0,1.000452143614989
1556.0,1.0004546179369078
1558.0,1.000457105108539
1560.0,1.000459605178435
1562.0,1.0004621181950177
1564.0,1.0004646442065923
1566.0,1.000467183261336
1568.0,1.0004697354073064
1570.0,1.0004723006924363
1572.0,1.000474879164538
1574.0,1.000477470871301
1576.0,1.000480075860298
1578.0,1.0004826941789775
1580.0,1.0004853258746778
1582.0,1.0004879709946235
1584.0,1.0004906295859228
1586.0,1.000493301695572
1588.0,1.0004959873704686
1590.0,1.0004986866573997
1592.0,1.0005013996030558
1594.0,1.000504126254031
1596.0,1.0005068666568229
1598.0,1.000509620857848
1600.0,1.0005123889034329
1602.0,1.000515170839828
1604.0,1.0005179667132107
1606.0,1.0005207765696977
1608.0,1.0005236004553315
1610.0,1.0005264384161112
1612.0,1.0005292904979854
1614.0,1.00053215674686
1616.0,1.0005350372086053
1618.0,1.0005379319290746
1620.0,1.0005408409540966
1622.0,1.0005437643294974
1624.0,1.000546702101103
1626.0,1.000549654314744
1628.0,1.0005526210162814
1630.0,1.0005556022516042
1632.0,1.0005585980666378
1634.0,1.0005616085073687
1636.0,1.0005646336198426
1638.0,1.0005676734501865
1640.0,1.0005707280446126
1642.0,1.0005737974494429
1644.0,1.0005768817111098
1646.0,1.000579980876177
1648.0,1.0005830949913563
1650.0,1.0005862241035153
1652.0,1.0005893682597027
1654.0,1.0005925275071519
1656.0,1.0005957018933076
1658.0,1.0005988914658392
1660.0,1.000602096272659
1662.0,1.0006053163619342
1664.0,1.0006085517821184
1666.0,1.0006118025819521
1668.0,1.0006150688105047
1670.0,1.0006183505171713
1672.0,1.0006216477517103
1674.0,1.000624960564255
1676.0,1.000628289005338
1678.0,1.0006316331259169
1680.0,1.000634992977387
1682.0,1.000638368611615
1684.0,1.0006417600809545
1686.0,1.0006451674382735
1688.0,1.0006485907369818
1690.0,1.0006520300310482
1692.0,1.0006554853750325
1694.0,1.0006589568241062
1696.0,1.0006624444340881
1698.0,1.0006659482614602
1700.0,1.0006694683634
1702.0,1.0006730047978112
1704.0,1.0006765576233463
1706.0,1.000680126899439
1708.0,1.0006837126863353
1710.0,1.0006873150451188
1712.0,1.0006909340377415
1714.0,1.00069456972706
1716.0,1.0006982221768552
1718.0,1.0007018914518784
1720.0,1.0007055776178733
1722.0,1.0007092807416091
1724.0,1.0007130008909155
1726.0,1.0007167381347157
1728.0,1.000720492543062
1730.0,1.0007242641871585
1732.0,1.0007280531394176
1734.0,1.0007318594734673
1736.0,1.000735683264207
1738.0,1.000739524587834
1740.0,1.0007433835218777
1742.0,1.0007472601452396
1744.0,1.0007511545382313
1746.0,1.000755066782598
1748.0,1.000758996961576
1750.0,1.0007629451599065
1752.0,1.0007669114638926
1754.0,1.0007708959614212
1756.0,1.0007748987420104
1758.0,1.0007789198968444
1760.0,1.0007829595188051
1762.0,1.0007870177025215
1764.0,1.0007910945443947
1766.0,1.0007951901426504
1768.0,1.0007993045973587
1770.0,1.000803438010491
1772.0,1.0008075904859448
1774.0,1.0008117621295867
1776.0,1.0008159530492902
1778.0,1.0008201633549767
1780.0,1.0008243931586494
1782.0,1.0008286425744266
1784.0,1.0008329117185935
1786.0,1.0008372007096245
1788.0,1.0008415096682317
1790.0,1.0008458387173964
1792.0,1.0008501879824097
1794.0,1.000854557590905
1796.0,1.0008589476728993
1798.0,1.0008633583608233
1800.0,1.0008677897895675
1802.0,1.0008722420965057
1804.0,1.0008767154215417
1806.0,1.000881209907133
1808.0,1.0008857256983374
1810.0,1.0008902629428338
1812.0,1.0008948217909701
1814.0,1.0008994023957827
1816.0,1.00090400491304
1818.0,1.0009086295012648
1820.0,1.000913276321776
1822.0,1.0009179455387105
1824.0,1.0009226373190563
1826.0,1.0009273518326862
1828.0,1.0009320892523799
1830.0,1.0009368497538556
1832.0,1.0009416335157966
1834.0,1.0009464407198838
1836.0,1.0009512715508078
1838.0,1.0009561261963091
1840.0,1.0009610048471909
1842.0,1.0009659076973503
1844.0,1.0009708349437898
1846.0,1.0009757867866582
1848.0,1.0009807634292478
1850.0,1.0009857650780285
1852.0,1.0009907919426622
1854.0,1.0009958442360236
1856.0,1.0010009221742078
1858.0,1.001006025976556
1860.0,1.0010111558656576
1862.0,1.0010163120673794
1864.0,1.0010214948108596
1866.0,1.0010267043285315
1868.0,1.001031940856124
1870.0,1.0010372046326779
1872.0,1.0010424959005453
1874.0,1.001047814905396
1876.0,1.0010531618962297
1878.0,1.001058537125364
1880.0,1.0010639408484496
1882.0,1.001069373324467
1884.0,1.001074834815716
1886.0,1.0010803255878253
1888.0,1.0010858459097403
1890.0,1.001091396053718
1892.0,1.0010969762953212
1894.0,1.0011025869134162
1896.0,1.0011082281901442
1898.0,1.0011139004109277
1900.0,1.0011196038644474
1902.0,1.0011253388426322
1904.0,1.001131105640634
1906.0,1.001136904556821
1908.0,1.0011427358927436
1910.0,1.001148599953128
1912.0,1.0011544970458384
1914.0,1.0011604274818637
1916.0,1.00116639157528
1918.0,1.001172389643231
1920.0,1.0011784220058912
1922.0,1.0011844889864367
1924.0,1.0011905909110146
1926.0,1.0011967281086964
1928.0,1.001202900911455
1930.0,1.0012091096541127
1932.0,1.0012153546743094
1934.0,1.0012216363124535
1936.0,1.0012279549116847
1938.0,1.001234310817819
1940.0,1.0012407043793021
1942.0,1.001247135947168
1944.0,1.0012536058749768
1946.0,1.0012601145187652
1948.0,1.0012666622369895
1950.0,1.0012732493904746
1952.0,1.0012798763423465
1954.0,1.0012865434579732
1956.0,1.0012932511049073
1958.0,1.0012999996528176
1960.0,1.0013067894734171
1962.0,1.0013136209404083
1964.0,1.001320494429403
1966.0,1.0013274103178529
1968.0,1.0013343689849772
1970.0,1.0013413708116883
1972.0,1.0013484161805113
1974.0,1.0013555054755097
1976.0,1.0013626390822026
1978.0,1.0013698173874885
1980.0,1.0013770407795464
1982.0,1.0013843096477704
1984.0,1.0013916243826686
1986.0,1.0013989853757788
1988.0,1.0014063930195827
1990.0,1.0014138477074088
1992.0,1.0014213498333409
1994.0,1.001428899792124
1996.0,1.0014364979790684
1998.0,1.00144414478995
2000.0,1.0014518406209163
2002.0,1.00145958586838
2004.0,1.0014673809289247
2006.0,1.0014752261991944
2008.0,1.0014831220757927
2010.0,1.0014910689551797
2012.0,1.0014990672335609
2014.0,1.0015071173067869
2016.0,1.0015152195702313
2018.0,1.0015233744186989
2020.0,1.0015315822462953
2022.0,1.001539843446337
2024.0,1.001548158411217
2026.0,1.0015565275323048
2028.0,1.0015649511998308
2030.0,1.0015734298027659
2032.0,1.0015819637287109
2034.0,1.0015905533637786
2036.0,1.0015991990924766
2038.0,1.0016079012975891
2040.0,1.001616660360062
2042.0,1.0016254766588801
2044.0,1.001634350570958
2046.0,1.0016432824710055
2048.0,1.0016522727314279
2050.0,1.0016613217221872
2052.0,1.0016704298107066
2054.0,1.0016795973617265
2056.0,1.0016888247372024
2058.0,1.0016981122961828
2060.0,1.0017074603946885
2062.0,1.0017169067984346
2064.0,1.0017263802317697
2066.0,1.0017359079188668
2068.0,1.0017454974346072
2070.0,1.0017551491306462
2072.0,1.0017648633523537
2074.0,1.0017746404394001
2076.0,1.0017844807260323
2078.0,1.0017943845412334
2080.0,1.0018043522088598
2082.0,1.0018143840477078
2084.0,1.00182448037154
2086.0,1.0018346414891188
2088.0,1.0018448677041663
2090.0,1.0018551593153526
2092.0,1.0018655166162374
2094.0,1.0018759398952308
2096.0,1.0018864294355294
2098.0,1.0018969855150497
2100.0,1.0019076084063598
2102.0,1.0019182983766126
2104.0,1.0019290556874705
2106.0,1.001939880595035
2108.0,1.0019507733497768
2110.0,1.0019617341964595
2112.0,1.0019727633740734
2114.0,1.0019838611157654
2116.0,1.0019950276487748
2118.0,1.0020062631943665
2120.0,1.0020175679677616
2122.0,1.0020289421780966
2124.0,1.0020403860283469
2126.0,1.0020518997152854
2128.0,1.0020634834294246
2130.0,1.002075137354978
2132.0,1.0020868616698029
2134.0,1.0020986565453762
2136.0,1.0021105221467446
2138.0,1.0021224586324995
2140.0,1.0021344661547464
2142.0,1.0021465448590792
2144.0,1.0021586948845627
2146.0,1.0021709163637091
2148.0,1.0021832094224778
2150.0,1.0021955741802566
2152.0,1.0022080107498732
2154.0,1.002220519237577
2156.0,1.0022330997430646
2158.0,1.0022457523594805
2160.0,1.0022584771734406
2162.0,1.0022712742650435
2164.0,1.0022841437079097
2166.0,1.002297085569201
2168.0,1.0023100999096695
2170.0,1.0023231867836844
2172.0,1.0023363462392962
2174.0,1.002349578318273
2176.0,1.0023628830561653
2178.0,1.0023762604823783
2180.0,1.0023897106202213
2182.0,1.0024032334870008
2184.0,1.0024168290940831
2186.0,1.0024304974469946
2188.0,1.0024442385455012
2190.0,1.0024580523837126
2192.0,1.0024719389501797
2194.0,1.0024858982279996
2196.0,1.0024999301949342
2198.0,1.0025140348235277
2200.0,1.0025282120812264
2202.0,1.0025424619305128
2204.0,1.0025567843290375
2206.0,1.0025711792297634
2208.0,1.0025856465811078
2210.0,1.0026001863271015
2212.0,1.0026147984075295
2214.0,1.0026294827581184
2216.0,1.0026442393106745
2218.0,1.0026590679932863
2220.0,1.0026739687304802
2222.0,1.002688941443413
2224.0,1.0027039860500613
2226.0,1.0027191024654118
2228.0,1.0027342906016612
2230.0,1.0027495503684136
2232.0,1.0027648816728985
2234.0,1.002780284420179
2236.0,1.0027957585133613
2238.0,1.0028113038538258
2240.0,1.0028269203414497
2242.0,1.0028426078748331
2244.0,1.0028583663515405
2246.0,1.00287419566833
2248.0,1.0028900957214018
2250.0,1.0029060664066403
2252.0,1.0029221076198667
2254.0,1.0029382192570833
2256.0,1.0029544012147373
2258.0,1.0029706533899776
2260.0,1.0029869756809147
2262.0,1.0030033679868893
2264.0,1.0030198302087314
2266.0,1.0030363622490372
2268.0,1.0030529640124428
2270.0,1.003069635405891
2272.0,1.0030863763389135
2274.0,1.003103186723906
2276.0,1.0031200664764104
2278.0,1.0031370155153942
2280.0,1.0031540337635356
2282.0,1.0031711211475012
2284.0,1.0031882775982364
2286.0,1.00320550305125
2288.0,1.003222797446899
2290.0,1.0032401607306731
2292.0,1.0032575928534875
2294.0,1.0032750937719594
2296.0,1.0032926634487054
2298.0,1.0033103018526208
2300.0,1.0033280089591665
2302.0,1.0033457847506548
2304.0,1.0033636292165333
2306.0,1.003381542353667
2308.0,1.0033995241666236
2310.0,1.0034175746679448
2312.0,1.0034356938784343
2314.0,1.0034538818274337
2316.0,1.003472138553091
2318.0,1.0034904641026405
2320.0,1.0035088585326715
2322.0,1.0035273219093916
2324.0,1.0035458543089006
2326.0,1.003564455817447
2328.0,1.0035831931656727
2330.0,1.0036019237584306
2332.0,1.0036207239818267
2334.0,1.0036395939282867
2336.0,1.00365853370867
2338.0,1.0036775434508107
2340.0,1.003696623298645
2342.0,1.0037157734116067
2344.0,1.00373499396418
2346.0,1.0037542851456065
2348.0,1.0037736471597007
2350.0,1.0037930802247335
2352.0,1.0038125845734027
2354.0,1.0038321604528304
2356.0,1.0038518081246064
2358.0,1.003871527864867
2360.0,1.0038913199643713
2362.0,1.0039111847286162
2364.0,1.0039311224779552
2366.0,1.003951133547716
2368.0,1.0039712182883234
2370.0,1.0039913770654525
2372.0,1.0040116102601369
2374.0,1.004031918268922
2376.0,1.004052301503981
2378.0,1.0040727603932593
2380.0,1.0040932953805894
2382.0,1.0041139069258282
2384.0,1.0041345955049674
2386.0,1.0041553616102572
2388.0,1.0041762057503223
2390.0,1.0041971284502642
2392.0,1.0042181302517714
2394.0,1.0042392117132244
2396.0,1.0042603734097795
2398.0,1.004281615933474
2400.0,1.0043029398933008
2402.0,1.0043243459153
2404.0,1.0043458346426317
2406.0,1.0043674067356447
2408.0,1.0043890628719525
2410.0,1.004410803746486
2412.0,1.0044326300715565
2414.0,1.004454542576908
2416.0,1.0044765420097652
2418.0,1.0044986291348754
2420.0,1.0045208047345484
2422.0,1.0045430696086861
2424.0,1.0045654245748172
2426.0,1.0045878704681201
2428.0,1.0046104081414373
2430.0,1.0046330384652997
2432.0,1.0046557623279333
2434.0,1.004678580635261
2436.0,1.0047014943109154
2438.0,1.0047245042962276
2440.0,1.0047476115502263
2442.0,1.0047708170496257
2444.0,1.004794121788816
2446.0,1.004817526779838
2448.0,1.0048410330523654
2450.0,1.0048646416536813
2452.0,1.004888353648644
2454.0,1.0049121701196575
2456.0,1.0049360921666386
2458.0,1.004960120906971
2460.0,1.0049842574754637
2462.0,1.005008503024304
2464.0,1.0050328587230182
2466.0,1.0050573257583997
2468.0,1.0050820102057192
2470.0,1.0051066998338614
2472.0,1.0051314947708632
2474.0,1.0051564058962756
2476.0,1.0051814344842085
2478.0,1.0052065818248965
2480.0,1.0052318492249772
2482.0,1.0052572380074738
2484.0,1.005282749511757
2486.0,1.005308385093521
2488.0,1.005334146124751
2490.0,1.005360033993672
2492.0,1.0053860501047007
2494.0,1.005412195878386
2496.0,1.005438472751339
2498.0,1.0054648821761698
2500.0,1.005491425621397
2502.0,1.005518104571374
2504.0,1.0055449205261997
2506.0,1.0055718750016223
2508.0,1.0055989695289491
2510.0,1.0056262056549448
2512.0,1.0056535849417327
2514.0,1.0056811089666833
2516.0,1.0057087793223147
2518.0,1.0057365976161738
2520.0,1.005764565470733
2522.0,1.0057926845232674
2524.0,1.0058209564257425
2526.0,1.0058493828446946
2528.0,1.0058779654611043
2530.0,1.005906705970279
2532.0,1.005935606081725
2534.0,1.0059646675190184
2536.0,1.0059938920196794
2538.0,1.0060232813350356
2540.0,1.0060528372300932
2542.0,1.0060825614833964
2544.0,1.0061124558868917
2546.0,1.0061425222457945
2548.0,1.0061727623784318
2550.0,1.0062031781161134
2552.0,1.006233771302977
2554.0,1.0062645437958389
2556.0,1.0062954974640503
2558.0,1.0063266341893349
2560.0,1.006357955865641
2562.0,1.0063894643989757
2564.0,1.0064211617072467
2566.0,1.0064531850781966
2568.0,1.006485279296279
2570.0,1.0065175376410955
2572.0,1.0065499921022816
2574.0,1.0065826447206194
2576.0,1.0066154975280253
2578.0,1.0066485525585687
2580.0,1.0066818118499645
2582.0,1.006715277444728
2584.0,1.0067489513910284
2586.0,1.006782835743351
2588.0,1.006816932562966
2590.0,1.0068512439182602
2592.0,1.0068857718849729
2594.0,1.0069205185463226
2596.0,1.006955485993077
2598.0,1.0069906763235583
2600.0,1.0070260916436122
2602.0,1.0070617340665204
2604.0,1.0070976057129128
2606.0,1.0071337087106103
2608.0,1.0071700451944916
2610.0,1.0072066173063108
2612.0,1.007243427194506
2614.0,1.007280477013998
2616.0,1.0073177689259725
2618.0,1.007355305097654
2620.0,1.007393087702064
2622.0,1.007431118917779
2624.0,1.0074694009286624
2626.0,1.00750793592361
2628.0,1.0075467260962716
2630.0,1.0075857736447655
2632.0,1.0076250807713967
2634.0,1.0076646496823511
2636.0,1.007704482587406
2638.0,1.0077445816996013
2640.0,1.0077849492349358
2642.0,1.0078255874120376
2644.0,1.0078664984518322
2646.0,1.0079076845772006
2648.0,1.007949349421968
2650.0,1.0079910735040338
2652.0,1.0080330772162946
2654.0,1.0080753643344769
2656.0,1.0081179371657392
2658.0,1.008160798001375
2660.0,1.0082039491204176
2662.0,1.0082473927915332
2664.0,1.008291131274435
2666.0,1.0083351668209117
2668.0,1.0083795016755606
2670.0,1.0084241380762882
2672.0,1.0084690782546075
2674.0,1.0085143244357864
2676.0,1.0085598788388914
2678.0,1.0086057436767264
2680.0,1.0086519211556753
2682.0,1.0086984134755297
2684.0,1.0087452228292064
2686.0,1.0087923514024781
2688.0,1.0088398013736246
2690.0,1.0088875749130892
2692.0,1.0089356741830917
2694.0,1.008984101337225
2696.0,1.009032858520035
2698.0,1.0090819478665938
2700.0,1.0091313715020347
2702.0,1.0091811315411134
2704.0,1.0092312300877222
2706.0,1.0092816692344206
2708.0,1.009332451061945
2710.0,1.0093835776387243
2712.0,1.0094350510203705
2714.0,1.0094868732491837
2716.0,1.0095392360358977
2718.0,1.0095917979885622
2720.0,1.0096446543842288
2722.0,1.0096978670184518
2724.0,1.009751438015132
2726.0,1.0098053693900462
2728.0,1.0098596631300583
2730.0,1.0099143211950103
2732.0,1.0099693455190524
2734.0,1.0100247380116003
2736.0,1.010080500557988
2738.0,1.010136635019887
2740.0,1.010193143235529
2742.0,1.010250027019805
2744.0,1.0103072881642294
2746.0,1.0103649284368352
2748.0,1.0104229495819697
2750.0,1.0104813533200907
2752.0,1.0105401413474664
2754.0,1.0105993153358857
2756.0,1.0106588769323197
2758.0,1.0107188277585943
2760.0,1.0107791694110222
2762.0,1.0108399034600506
2764.0,1.0109010314499052
2766.0,1.0109625548982129
2768.0,1.0110244752956583
2770.0,1.01108679410562
2772.0,1.0111495127638332
2774.0,1.0112126326780395
2776.0,1.0112761552276655
2778.0,1.0113402963583018
2780.0,1.0114046612417638
2782.0,1.0114693712917509
2784.0,1.0115344888593674
2786.0,1.0116000152989388
2788.0,1.0116659518415085
2790.0,1.0117322996821887
2792.0,1.0117990599811313
2794.0,1.0118662338641864
2796.0,1.0119338224234544
2798.0,1.0120018267176745
2800.0,1.0120702477725596
2802.0,1.0121390865810533
2804.0,1.0122083441035434
2806.0,1.0122780212680433
2808.0,1.0123481189703523
2810.0,1.0124186380742157
2812.0,1.0124895794114763
2814.0,1.0125609437822343
2816.0,1.0126327319550212
2818.0,1.0127049446669814
2820.0,1.0127775826240695
2822.0,1.0128506465012852
2824.0,1.0129241369429098
2826.0,1.0129980545627708
2828.0,1.0130723999445488
2830.0,1.0131471736420925
2832.0,1.0132223761797643
2834.0,1.0132982828828434
2836.0,1.0133743140490228
2838.0,1.0134507736727365
2840.0,1.0135276640939577
2842.0,1.0136049856682283
2844.0,1.0136827387268708
2846.0,1.0137609235786156
2848.0,1.0138395405094498
2850.0,1.0139185897826692
2852.0,1.01399807163909
2854.0,1.0140779862973988
2856.0,1.014158333954608
2858.0,1.0142391147865961
2860.0,1.0143203289487346
2862.0,1.0144019765765726
2864.0,1.0144840577865908
2866.0,1.014566572676995
2868.0,1.0146495213285727
2870.0,1.0147329038055846
2872.0,1.0148167201566969
2874.0,1.0149009704159575
2876.0,1.0149856546037996
2878.0,1.0150707727280905
2880.0,1.0151563247851996
2882.0,1.0152425740117854
2884.0,1.015328999039097
2886.0,1.0154158164444058
2888.0,1.0155030682542017
2890.0,1.0155907543529012
2892.0,1.0156788746053205
2894.0,1.0157674288877523
2896.0,1.015856417086251
2898.0,1.0159458390955987
2900.0,1.0160356948187865
2902.0,1.0161259841669124
2904.0,1.0162167070593997
2906.0,1.0163078634244598
2908.0,1.0163994531997718
2910.0,1.0164914763332848
2912.0,1.0165839327841895
2914.0,1.0166768225239502
2916.0,1.016770145537435
2918.0,1.0168639018241057
2920.0,1.0169580913992535
2922.0,1.017052714295277
2924.0,1.0171477705629952
2926.0,1.0172435556499742
2928.0,1.0173394386388186
2930.0,1.0174357557039546
2932.0,1.017532507458813
2934.0,1.0176296939143874
2936.0,1.017727315134998
2938.0,1.0178253712343774
2940.0,1.0179238623727123
2942.0,1.018022788754613
2944.0,1.0181221506278348
2946.0,1.0182219482825143
2948.0,1.0183221820508759
2950.0,1.0184228523072403
2952.0,1.0185239594682907
2954.0,1.0186255039935455
2956.0,1.0187274863859608
2958.0,1.0188299071926492
2960.0,1.0189327670056891
2962.0,1.0190360664629834
2964.0,1.0191401129215711
2966.0,1.0192442491145612
2968.0,1.0193488282666343
2970.0,1.0194538512457254
2972.0,1.0195593187387735
2974.0,1.019665231518862
2976.0,1.0197715904390423
2978.0,1.019878396427656
2980.0,1.0199856504848728
2982.0,1.0200933536801298
2984.0,1.0202015071502997
2986.0,1.0203101120983855
2988.0,1.0204191697926472
2990.0,1.0205286815660302
2992.0,1.0206386488158408
2994.0,1.020749073003611
2996.0,1.0208599556550775
2998.0,1.0209716191347642
2999.0,1.0210274390854526
