7.381061939598415e-15,1.4528023034097626e-15
50.050108129129555,0.011947846768925685
97.76923007330915,-15.083904306660157
147.81282280910295,-15.896978539527971
195.4396934247521,-31.2839105421298
245.45516759367246,-33.15591414375481
293.0289438657036,-48.70747802921956
342.98533667616755,-51.777418481538234
390.55866021078106,-67.33103959502326
440.4265426865627,-71.60640186691275
488.0722631072153,-86.93695673984685
537.8389526403895,-92.26499455021684
585.6547367157696,-107.05609994107722
635.3397808375989,-113.10112494373405
683.4456416776779,-126.91851259125265
733.1081210942618,-133.1493248142568
781.6305204372691,-145.42237248708616
831.3579926383289,-151.1145444854471
880.3948930435613,-161.13396788586815
930.2658074604609,-165.3933629106472
979.8317628781676,-172.33509768290847
1029.8514030160702,-174.1511297470937
1079.811807820965,-177.13665296485212
1129.8366738889822,-175.4732460408797
1179.8537963082151,-173.6708793511431
1229.5358749495997,-167.59475317190277
1279.0588278299933,-160.35171181350498
1327.847959919633,-149.17972884417472
1376.173640416087,-136.1549501864764
1423.402198252409,-119.58327540823852
1469.8105783193373,-100.84004878483297
1514.852439572142,-79.01438533174498
1558.7891072443342,-55.042783235017716
1601.253861944979,-28.55023877225794
1642.5151890683198,-0.22031376321967933
1682.4278640674204,29.980321463726302
1721.3072367810412,61.4998837535984
1759.2323205380214,94.16152922237386
1796.5956522559752,127.46427552895635
1833.6704844671824,161.08792476800053
1870.9226011954515,194.5150492345781
1908.7478197317268,227.29224699501071
1947.6195941716044,258.8212512987326
1987.9220179087927,288.4996113018083
2029.9916425275514,315.61489043318966
2074.0067754371466,339.4425421544647
2119.9839949986717,359.2209644691908
2167.726618584701,374.2453388143731
2216.8386508455155,383.8942488558561
2266.744182871299,387.7064654516003
2316.7421881896885,385.40461870287896
2366.0690860652953,376.9217588997216
2413.9632577021903,362.3872221230122
2459.7201863003684,342.10399365964815
2502.731220248718,316.5079498588028
2542.5067895029106,286.1268649271682
2578.684285082147,251.53937940970644
2611.025620796978,213.34066166561865
2639.4074142589343,172.11474390511563
2663.8076826994507,128.41431150058716
2684.2912845550386,82.74680246494471
2700.995973805022,35.565755070735484
2714.120057645614,-12.733882668264773
2723.912249656183,-61.81757084473327
2730.6639518288066,-111.41100855239604
2734.7040034117776,-161.29860015399677
2736.3958094175823,-211.32090574496092
2736.1366737385274,-261.37113790015735
2734.3590752743285,-311.39046232857913
2731.53348914437,-361.3615404195289
2728.1721274973866,-411.2994400726592
2724.832599201733,-461.23880459864165
2722.1199396259694,-511.21613931293837
2720.6847689661727,-561.2464556062829
2721.2146786879835,-611.2945422149774
2724.415703509699,-661.2429606360724
2730.981499108453,-710.8613100492644
2741.5501481591664,-759.7836297613594
2756.6523425667615,-807.5016924001666
2776.658954905235,-853.3800781660009
2801.7386884654175,-896.6940470689798
2831.835705741596,-936.684864554559
2866.6726120653,-972.6221613417804
2905.777734935655,-1003.8614313231661
2948.5300706111725,-1029.8872475864068
2994.212566606105,-1050.3375951796504
3042.0648386573,-1065.0096139559644
3091.328908450102,-1073.8504050859324
3141.2846353183213,-1076.9379507479205
3191.274149596764,-1074.457021560162
3240.716325471569,-1066.6739323738761
3289.1131814995324,-1053.9127366369178
3336.050301250084,-1036.534326965641
3381.193189897669,-1014.919042086453
3424.2811434167115,-989.4528309864254
3465.1198230041323,-960.5166817072695
3503.5733946936703,-928.4788870067877
3539.5568014379996,-893.6896499101694
3573.028541241256,-856.4775758317114
3603.9841472679013,-817.1476173264693
3632.450493053179,-775.9801325608566
3658.4809352169277,-733.2307433589815
3682.1513141227574,-689.1307774806543
3703.556759833258,-643.888093873731
3722.8092710765036,-597.6881578096572
3740.0360184206693,-550.6952619455631
3755.378321938375,-503.0538235277222
3768.991255815826,-454.88972024688644
3781.043829399121,-406.3116573332919
3791.719688730618,-357.41259094495985
3801.218270263502,-308.2712684358567
3809.7563166322225,-258.953985704558
3817.5696300504724,-209.5167047943588
3824.914888685599,-160.0077177760283
3832.071282434901,-110.47107817506944
3839.3416359934963,-60.951035719374836
3847.052582551084,-11.497684496854712
3855.5532429282102,37.826056155789665
3865.2117777659705,86.93619020384209
3876.4091568505182,135.71847356644778
3889.529587838898,184.0190598746415
3904.9473282591466,231.6361313958935
3923.010107973753,278.31405033477137
3944.020090470625,323.74171547237927
3968.214081037354,367.55658839481623
3995.745334137697,409.35518535827487
4026.669571193678,448.7097875085691
4060.937515202725,485.18994486580084
4098.395377880867,518.386378664014
4138.7935035703495,547.9344237377077
4181.8021212437325,573.5343274186633
4227.032213190572,594.966443333158
4274.059072313801,612.1003754605031
4322.4462005797695,624.8981469301264
4371.767663232749,633.4122660928753
4421.627657390341,637.7800380349724
4471.6766942251115,638.2156340623651
4521.62430269982,635.001364508295
4571.248474146801,628.4794017166303
4620.4021612097995,619.0449562047196
4669.017025296128,607.1416730044422
4717.104303877113,593.2597989196975
4764.7521571557,577.9374390679359
4812.118189568529,561.7648802284931
4859.415129857476,545.391355443558
4906.887141400538,529.5325672187811
4954.774394748403,514.975646853216
5003.265069354793,502.5761762267606
5052.437539190649,493.240253892264
5102.201088908472,487.8849932952444
5152.249350506255,487.37517524915563
5202.043041947462,492.4423763294238
5250.833798704136,503.6026604199421
5297.728862038234,521.0939859146273
5341.782540616059,544.850493134279
5382.092247561661,574.5191764454883
5417.878332004905,609.5115136070503
5448.535515575354,649.0747226113542
5473.653919171413,692.3664957761598
5493.01497808507,738.5212495724901
5506.570621594435,786.7016968092305
5514.413868013677,836.1344072539054
5516.7470996204265,886.1310418136509
5513.852043388884,936.098271406815
5506.063588790023,985.5395836024871
5493.748239075797,1034.0517848993957
5477.287176904056,1081.3184039526482
5457.063497861801,1127.101601695541
5433.452992229911,1171.2336894655632
5406.817831338967,1213.6089689192136
5377.502568979708,1254.17632816163
5345.8319570028325,1292.932835741272
5312.110173286605,1329.918444925154
5276.621157893293,1365.2118343122668
5239.629845081678,1398.9273499786568
5201.384164440512,1431.2129644131146
5162.1177648152025,1462.249115886104
5122.0534904229435,1492.2482272019852
5081.407707334821,1521.4546146509506
5040.395632583826,1550.1443779015158
4999.237840992546,1578.6247054554165
4958.168088061009,1607.2318435235488
4917.44245021437,1636.3267820233914
4877.349499443024,1666.2875620157247
4838.22076329977,1697.4970953317998
4800.440086595391,1730.3256383283215
4764.449816764137,1765.107716181484
4730.751221192987,1802.1144285492703
4699.896561428075,1841.5235871427858
4672.471126385117,1883.39168073998
4649.065350354694,1927.6326316923205
4630.2395517759,1974.0080806822648
4616.486035389953,2022.1322445845565
4608.194412849292,2071.4915920434546
4605.625508793582,2121.4765792315557
4608.897307723298,2171.4205030308804
4617.983808983759,2220.6397817671823
4632.725285956736,2268.470651009444
4652.84690972204,2314.298854738541
4677.982167365804,2357.5807579795355
4707.697789612952,2397.85588709298
4741.517653010261,2434.751966067045
4778.944009685365,2467.9840434080747
4819.475201548455,2497.34941088857
4862.619631382349,2522.719858253269
4907.906172211401,2544.0325241388464
4954.89142744742,2561.280289192978
5003.164353387039,2574.502368402718
5052.348767689066,2583.775521007164
5102.104228860817,2589.206113720397
5152.125708523585,2590.9231416371035
5202.142407153701,2589.0722221691544
5251.915994992706,2583.810520926144
5301.238497983889,2575.3025358163704
5349.929995971693,2563.716649611002
5397.836257259718,2549.222356250303
5444.826399280682,2531.988068212423
5490.79063848667,2512.179418434347
5535.638172405488,2489.9579786018576
5579.295221965788,2465.4803248071066
5621.703251636241,2438.8973907818304
5662.81737777289,2410.3540576535343
5702.60497109906,2379.9889371686345
5741.044456863619,2347.934312457738
5778.124315460697,2314.3162066604295
5813.842286757874,2279.254555124434
5848.204782742118,2242.8634615394963
5881.226515057462,2205.2515223964524
5912.930346282268,2166.5222077572394
5943.3473760551315,2126.774289721967
5972.5172750188385,2086.1023134995435
6000.4888805148,2044.5971100472445
6027.321067372944,2002.3463543901144
6053.083904134328,1959.4351806638535
6077.860098466296,1915.9468744980618
6101.746723883063,1871.9636765303144
6124.857201252352,1827.5677485417225
6147.323480581226,1782.8423765342536
6169.29832843773,1737.8735127793027
6190.957571053634,1692.7517895073743
6212.50206991763,1647.5751656141003
6234.159114118783,1602.4523852301822
6256.182803816735,1557.507418038727
6278.85288063592,1512.884994110626
6302.471353421576,1468.757214310243
6327.356207920772,1425.330986071783
6353.831532009839,1382.8556930377922
6382.213604051065,1341.6300791510125
6412.792946302996,1302.0068920219082
6445.8130614539605,1264.3935305858072
6481.447480419625,1229.246966044331
6519.77765899771,1197.0617180427887
6560.774866808213,1168.3507111742833
6604.289201637378,1143.6202417156815
6650.048069702741,1123.3416746770731
6697.665005201271,1107.9234102226956
6746.65794404342,1097.6867745880459
6796.474525385537,1092.8487594398518
6846.521083536826,1093.513213819362
6896.191870298922,1099.6706102466933
6944.895599403663,1111.2052613631927
6992.0773476566865,1127.9080914118733
7037.234873340286,1149.4928071668298
7079.92929206218,1175.6134616669128
7119.790670447964,1205.8817977357303
7156.5194458073975,1239.8832420781082
7189.884702828558,1277.190884228916
7219.720306787357,1317.3771577984344
7245.9197741182,1360.0232247742365
7268.430607887252,1404.726253064229
7287.248672613397,1451.1048912495771
7302.4130498044315,1498.8033040759196
7314.001711440361,1547.4941568862305
7322.128275479213,1596.8809416691124
7326.940063593606,1646.7000304065803
7328.617663520326,1696.7228246768186
7327.376203130014,1746.7583368745882
7323.468567618107,1796.6564687326597
7317.190832001253,1846.312110758067
7308.890231701915,1895.6699118093252
7298.976035362703,1944.7290722388839
7287.933660308694,1993.5466809335364
7276.342139959206,2042.2368306474054
7264.894310881468,2090.9609828237103
7254.4172822958835,2139.903091990937
7245.887131192023,2189.2218218778216
7240.4259578264055,2238.97398137225
7239.262911265305,2289.0114397255925
7243.639085267084,2338.87066798831
7254.648892404736,2387.6955381943358
7273.0424856347045,2434.2439153173545
7299.05013943408,2477.0069511036886
7332.298395611337,2514.4186919469794
7371.85273787882,2545.0871664928923
7416.3654989878205,2567.9723783228596
7464.270819623274,2582.4711026662617
7513.968362855054,2588.4120912020935
7563.961210634391,2585.9914715017876
7612.9393759836585,2575.682126257847
7659.816729472685,2558.1420718817412
7703.735036745327,2534.1354636632473
7744.048218833524,2504.4710570204547
7780.296804062202,2469.9578052642414
7812.179149236942,2431.374962785248
7839.523294249134,2389.4534515024166
7862.261441226679,2344.8654676324336
7880.407877876045,2298.2198326825146
7894.040491100515,2250.061162117746
7903.285665081247,2200.8714259448284
7908.306200281323,2151.0728750939884
7909.291842382527,2101.0316090403558
7906.452021055746,2051.0612795904094
7900.010437057065,2001.4265817580967
7890.201185214105,1952.3462923317657
7877.266151397265,1903.995694826329
7861.453469467576,1856.5082886475295
7843.0168683299835,1809.9767317324852
7822.215780216356,1764.453020376227
7799.3161205810875,1719.9479781075165
7774.59168855673,1676.4302180855186
7748.326173624684,1633.824870489212
7720.815782657804,1592.0125345199262
7692.372506060275,1550.8291227587629
7663.327992869582,1510.0674965128633
7634.037857843265,1469.481999353581
7604.885947643048,1428.7970955716808
7576.287618399911,1387.7211744133926
7548.69046762076,1345.9660189769845
7522.570404227695,1303.2713200628193
7498.420785468222,1259.4319608630258
7476.73302936425,1214.3239511376646
7457.968866944877,1167.9235732122554
7442.52694120152,1120.3143968488127
7430.708860163516,1071.6788294975304
7422.69088351799,1022.2744039724108
7418.5064638384665,972.3987930267898
7418.04218175469,922.3500990559614
7421.046358645101,872.3894748554543
7427.147076437367,822.7117927116481
7435.875216870968,773.4277973522054
7446.688463176063,724.5589114449359
7458.993521539007,676.0441577538879
7472.165531185413,627.757564743136
7485.565236141242,579.5336567630168
7498.5555944274165,531.1978770453974
7510.519787516257,482.59794146785663
7520.881881959881,433.6314170500853
7529.129801696984,384.2647999903064
7534.838347025511,334.5405463785444
7537.688617409299,284.5709211757564
7537.480108647534,234.52051079908432
7534.133095042753,184.58169827071322
7527.681081022028,134.94844298483284
7518.2551759140815,85.79315754676396
7506.063482715957,37.24984059572528
7491.368789367823,-10.595305782826458
7474.467254797322,-57.706142754947365
7455.6698209806955,-104.09310042472391
7435.287130313429,-149.80567616158228
7413.617999187063,-194.922663262818
7390.9410576972,-239.5416060537632
7367.508980566739,-283.7686492566717
7343.54473319096,-327.70961229894766
7319.239360580427,-371.462806719959
7294.750988755722,-415.1138386861497
7270.204839344547,-458.73240490277834
7245.694150700135,-502.3709060846238
7221.281943686963,-546.0645751658951
7197.003572990183,-589.832751466566
7172.8699797172085,-633.6809238418297
7148.871524833009,-677.6032044241771
7124.982249646138,-721.5849634679779
7101.1643879937255,-765.6054369828522
7077.372948422234,-809.6401964246812
7053.5601929363,-853.6634324811961
7029.679858984038,-897.6500472167841
7005.690999773473,-941.5775697971277
6981.561351481527,-985.4279136656406
6957.270171602637,-1029.1889824919751
6932.810528134627,-1072.8561142386911
6908.191052237384,-1116.4333326149847
6883.43719521961,-1159.9343571337618
6858.592052131697,-1203.3833095874954
6833.716827095504,-1246.8150472052178
6808.89101853264,-1290.27505116871
6784.212395120993,-1333.8188031171217
6759.796815906048,-1377.5105913084892
6735.7779217096295,-1421.4217022051182
6712.306691951872,-1465.6279730078252
6689.550824374489,-1510.2067072331915
6667.6938591140615,-1555.2329901142925
6646.933938323059,-1600.7754841800108
6627.482074019407,-1646.8918371908217
6609.55979612467,-1693.6238917540759
6593.396074815323,-1740.9929426217234
6579.223459006009,-1788.9953353028782
6567.273444658425,-1837.598727817178
6557.771176219163,-1886.7393359822922
6550.9296802563795,-1936.3204442789777
6546.943917035443,-1986.2123873697958
6545.984997337974,-2036.2540973901441
6548.194935257651,-2086.256182072298
6553.6822863762245,-2136.0053665897485
6562.518956358911,-2185.27001699522
6574.7383674083,-2233.806381525268
6590.335054642224,-2281.3651476239984
6609.265648721982,-2327.697918973257
6631.451100500447,-2372.563262237987
6656.779928968585,-2415.732046482518
6685.112230343433,-2456.9918858702217
6716.2841731855715,-2496.150585526029
6750.112717227815,-2533.0385711753574
6786.400325104284,-2567.5103488483255
6824.939478800081,-2599.4450886431287
6865.51685954599,-2628.7464563328617
6907.917095692608,-2655.341830559303
6951.926024169418,-2679.1810446560344
6997.333445436341,-2700.234784270615
7043.935378642851,-2718.4927581859856
7091.535843228227,-2733.961742834552
7139.948206210664,-2746.663583083442
7188.996141992674,-2756.633214450858
7238.514254805993,-2763.9167559520397
7288.348414020744,-2768.5697087957196
7338.355850408353,-2770.655284362669
7388.405057865146,-2770.242875281186
7438.375540695639,-2767.40667581688
7488.157441786016,-2762.224451985809
7537.651082202942,-2754.7764575210454
7586.766438154023,-2745.1444888106985
7635.42257698415,-2733.4110699354687
7683.547070033664,-2719.6587577471614
7731.07539677943,-2703.9695563581163
7777.950351719759,-2686.424430298675
7824.1214629264305,-2667.1029058172016
7869.544429040094,-2646.082750243408
7914.180579689153,-2623.4397199313103
7957.996362826708,-2599.2473679825516
8000.9628612637725,-2573.576903678925
8043.055339693119,-2546.497096292064
8084.252822711463,-2518.074216665319
8124.537703727727,-2488.372010661998
8163.895384165545,-2457.451699235677
8202.313942005205,-2425.3720004958986
8239.783828444515,-2392.189169713546
8276.29759127316,-2357.9570537334603
8311.84962343602,-2322.727156738094
8346.435935196572,-2286.548714736045
8380.053948290784,-2249.4687765359863
8412.70231047699,-2211.5322893110288
8444.380728930151,-2172.782187164208
8475.089820993207,-2133.2594813746377
8504.83098087907,-2093.00335123842
8533.606261008576,-2052.0512346215673
8561.418266769111,-2010.438917516099
8588.270063582067,-1968.2006220378448
8614.165095271625,-1925.3690924277714
8639.107112830938,-1881.975678720234
8663.100112782538,-1838.0504178237195
8686.14828442649,-1793.6221118248247
8708.255965361868,-1748.718403376335
8729.427604754124,-1703.365848067434
8749.667733902988,-1657.5899837000113
8768.98094374259,-1611.4153964113782
8787.371868978998,-1564.8657835918593
8804.845178640397,-1517.9640135468853
8821.405572882872,-1470.7321818479602
8837.057785961786,-1423.1916643066015
8851.806595345543,-1375.3631664896784
8865.65683701689,-1327.2667696743295
8878.613427077484,-1278.9219731156709
8890.681389846264,-1230.3477324707508
8901.865892720909,-1181.56249418721
8912.172288156815,-1132.5842256249723
8921.60616320936,-1083.4304406332994
8930.173397183906,-1034.1182202534594
8937.880228044536,-984.6642281591355
8944.73332834697,-935.0847203822356
8950.73989158445,-885.3955488016991
8955.90772996576,-835.6121577979311
8960.245384783813,-785.7495733975422
8963.762250678279,-735.8223841548128
8966.468715246772,-685.8447129416245
8968.376315613335,-635.830178752786
8969.497913718476,-585.7918475865362
8969.847892247348,-535.7421714417566
8969.442373258471,-485.69291449877653
8968.299461707351,-435.65506563872026
8966.43951617057,-385.63873663176076
8963.885449155829,-335.6530456180342
8960.663059418828,-285.70598595490844
8956.801398681198,-235.8042811565454
8952.33317503197,-185.95322756120055
8947.295195068138,-136.15652759116207
8941.728846445822,-86.41611808917771
8935.68062191951,-36.732000296913924
8929.202685069578,12.897919344115843
8922.353476662725,62.47796518116219
8915.198358833302,112.01478890765661
8907.81029185748,161.51740602532792
8900.27053502344,210.99714658260865
8892.669358751147,260.46748927899006
8885.106749430957,309.943742785237
8877.693081182862,359.44253349973593
8870.54971968932,408.98105576384694
8863.809512360705,458.57603990417044
8857.61710654142,508.2423967527606
8852.129023853233,557.9915061327988
8847.513405285996,607.8291328606465
8843.949330224908,657.7529785425535
8841.625606034599,707.7499115996858
8840.73892666127,757.7929610623313
8841.49131293238,807.8382094109134
8844.086777502043,857.821771453945
8848.727206012461,907.6570928179137
8855.607512666951,957.2328340359196
8864.910208879734,1006.4116147991133
8876.799609452699,1055.0298694961105
8891.415979471001,1102.8990055095096
8908.869982507586,1149.807961834443
8929.237813584308,1195.5271465881813
8952.557380024906,1239.8136034117667
8978.825828575356,1282.417137726037
9007.99861509011,1323.0870428711078
9039.990188039774,1361.579017151753
9074.676227505963,1397.6618617852096
9111.897265570184,1431.1235940829768
9151.463426618939,1461.7766899338226
9193.15997536775,1489.4622704187464
9236.753347799611,1514.0531538687196
9281.997361353782,1535.455793623056
9328.639347432323,1553.6112038540737
9376.426011920776,1568.4950363374953
9425.108898590723,1580.1170093313413
9474.449398131212,1588.5199082130223
9524.223306236097,1593.7783804894946
9574.224983438227,1595.997740257833
9624.271203976026,1595.3129841170376
9674.204797589258,1591.888206342545
9723.898182173625,1585.9165894588123
9773.256849510348,1577.6211397603258
9822.22278986734,1567.2563367867938
9870.777708609301,1555.1108691063441
9918.945679434182,1541.5116275652713
9966.794574194617,1526.8291007492573
10014.435197030527,1511.4842234798307
10062.01654857269,1495.9564925235582
10109.715138386044,1480.7926704049703
10157.715955644215,1466.6145149209706
10206.182979720572,1454.1226252892152
10255.218511631021,1444.0918486101943
10304.813653147728,1437.3523923113817
10354.796932117602,1434.7511096286398
10404.793087216744,1437.0908564383985
10454.206568911743,1445.0528205557368
10502.241248729213,1459.1152372237955
10547.958391826842,1479.4874015718322
10590.362665391018,1506.0761864534936
10628.497036075367,1538.4931840746485
10661.526280548,1576.0986077755108
10688.795048714033,1618.0690677476734
10709.855742702535,1663.4734427669428
10724.469410299902,1711.3436204379336
10732.587155205063,1760.7320484314564
10734.320384787987,1810.7531497715404
10729.906878601632,1860.6092901130858
10719.677533626798,1909.6039099014033
10704.026609051803,1957.1450395637657
10683.38673644852,2002.7422344359659
10658.208936838386,2045.9994306681267
10628.947301147467,2086.6056063448714
10596.047714233466,2124.3245719820875
10559.939919197124,2158.984763258645
10521.032242855495,2190.4695715186845
10479.708379144518,2218.7085090103046
10436.325721297651,2243.669344845289
10391.214827541855,2265.3512440293825
10344.679689836765,2283.7788788623834
10296.998547425794,2298.997446704037
10248.425046200955,2311.0685111842563
10199.189592075474,2320.066578812482
10149.50078325637,2326.0763250923437
10099.546834172694,2329.1903906488956
10049.496924400983,2329.507676545955
9999.502420604109,2327.132077646927
9949.697929436777,2322.1716027726184
9900.202145582338,2314.7378400748635
9851.118462491266,2304.9457352342656
9802.53531489769,2292.9136587166454
9754.526222795203,2278.7637464237514
9707.149507472895,2262.622505808359
9660.447653028486,2244.6216871872793
9614.446293606039,2224.8994280291263
9569.152820291894,2203.601687022748
9524.554625876233,2180.8839954319274
9480.617045272043,2156.9135661402865
9437.281109905669,2131.871815714595
9394.461321912218,2105.9573698531008
9352.043773776142,2079.389632350991
9309.885093208923,2052.412990846864
9267.812875931764,2025.3016889105652
9225.628460177903,1998.365282605264
9183.113050950224,1971.9543812352692
9140.03823895146,1946.4660105928674
9096.181758982806,1922.3474269503054
9051.348753240449,1900.096619719435
9005.397738064525,1880.257259732736
8958.268949915937,1863.4058001067856
8910.011063533393,1850.1291859227608
8860.801038246595,1840.9933775909342
8810.95181017748,1836.5054028388809
8760.904204824386,1837.0741362774622
8711.202597836374,1842.9763870502065
8662.457509523378,1854.334375825103
8615.301135007661,1871.1083433792535
8570.342813420135,1893.1047393298988
8528.130507458038,1919.9974094566005
8489.12215928946,1951.3573389421003
8453.668268786847,1986.686071750638
8422.00497388335,2025.448607084705
8394.255654070757,2067.1028237504106
8370.438610221086,2111.123803447567
8350.478480363918,2157.0225060998264
8334.219474469057,2204.358979995884
8321.43904483863,2252.7506838569
8311.861122995319,2301.8766366800473
8305.168486840214,2351.4780886376248
8301.01415559997,2401.3563072418287
8299.031949200122,2451.3679648146303
8298.846503471937,2501.4185451838043
8300.083108838171,2551.454189832833
8302.377735013879,2601.4524845024575
8305.387508831094,2651.412826138968
8308.801721160085,2701.347154550149
8312.353165318389,2751.271904380462
8315.829298605555,2801.20194827755
8319.082448089284,2851.1470112185334
8322.038139247334,2901.1105573662553
8324.700670240183,2951.090584133457
8327.155279026461,3001.081258007662
8329.566576817084,3051.0740466849375
8332.1732321929,3101.0570383147056
8335.279087384513,3151.0115030625243
8339.24094417367,3200.9053816392934
8344.45323280702,3250.684168462225
8351.32979844272,3300.26045362932
8360.283235624707,3349.504034870573
8371.7026316195,3398.234830631227
8385.931174722333,3446.220663715379
8403.245639454643,3493.181281064959
8423.840008642606,3538.798835081711
8447.815230314207,3582.733758968529
8475.176318440805,3624.643897380966
8505.836889357186,3664.2042151986616
8539.630107174009,3701.124515764585
8576.324197011658,3735.163241820069
8615.640337169103,3766.136345275388
8657.270848150732,3793.921113760563
8700.89602085845,3818.4555329356085
8746.198490078716,3839.734163704112
8792.874611579835,3857.801642312232
8840.642749306793,3872.744842697196
8889.2486890686,3884.684560199447
8938.468573333907,3893.7673555296383
8988.109825595557,3900.157985590025
9038.010534876257,3904.0326687602687
9088.037730432652,3905.573295324673
9138.084915598483,3904.9625974824035
9188.06916267719,3902.3802315493504
9237.928006486232,3897.9996896990187
9287.616316868303,3891.98594241994
9337.103281738338,3884.493709496591
9386.369591979479,3875.6662618655178
9435.404886935843,3865.6346655864986
9484.20549333131,3854.517389925087
9532.772470155214,3842.4202125506145
9581.109956521555,3829.4363651404565
9629.223808007908,3815.6468717417424
9677.12049892521,3801.121039896471
9724.806262852882,3785.9170708212173
9772.286441135377,3770.08276001201
9819.565008433492,3753.6562637419693
9866.644245424022,3736.666910270421
9913.52453092491,3719.136037399203
9960.204228696552,3701.0778404665402
10006.679647579942,3682.500217082806
10052.945057179133,3663.4055969599995
10098.992744741685,3643.791747102392
10144.813102061662,3623.6525444157364
10190.39473401289,3602.9787094443423
10235.724582655086,3581.7584964416587
10280.788062726035,3559.9783363028896
10325.569205755177,3537.6234300267247
10370.05081104711,3514.678291326679
10414.214602439599,3491.127237788631
10458.041390099706,3466.954830587874
10501.511236743783,3442.1462632600615
10544.603627611501,3416.6877003936515
10587.297643344895,3390.5665674061975
10629.57213466968,3363.771792809858
10671.405897490113,3336.294004586694
10712.777846726825,3308.1256825000946
10753.667186978551,3279.261268376772
10794.053577896777,3249.697236610836
10833.917292043414,3219.4321273669084
10873.239362966084,3188.466545188695
10912.00172127836,3156.803125944429
10950.187316671714,3124.4464752493955
10987.780224007001,3091.4030816878676
11024.76573192599,3057.681208299774
11061.130412774368,3023.290765891718
11096.86217302294,2988.243171771027
11131.950283795595,2952.551197479706
11166.38539154599,2916.228809022233
11200.159509353329,2879.2910029387285
11233.265989716616,2841.753641377836
11265.699480105393,2803.6332890790914
11297.455862861261,2764.9470548909
11328.53218133375,2725.7124401381434
11358.92655436942,2685.947195822407
11388.6380814546,2645.6691902985103
11417.66674093865,2604.8962887326147
11446.013283839367,2563.6462453175486
11473.679125759081,2521.9366089077735
11500.666239424083,2479.7846424442564
11526.977050307583,2437.207256272209
11552.614337714822,2394.220955214805
11577.581143603787,2350.8417990538937
11601.88069129456,2307.08537588422
11625.516316090338,2262.96678764906
11648.49140969976,2218.5006470308103
11670.809380219236,2173.7010847566557
11692.473629309374,2128.581766284672
11713.487548086438,2083.155916756733
11733.854533149313,2037.436353038533
11753.578024078532,1991.435521612619
11772.661563676118,1945.1655410456349
11791.108882164273,1898.638247716512
11808.924006525494,1851.8652434683077
11826.111396145265,1804.8579438359047
11842.676105906568,1757.627625508812
11858.623977879146,1710.185471718808
11873.961862738828,1662.5426143050095
11888.697872035766,1614.7101713157772
11902.841662394223,1566.699279171789
11916.404752658622,1518.5211186562715
11929.400874884699,1470.186934339222
11941.846359891199,1421.7080475089806
11953.760557813293,1373.0958633078444
11965.16629370228,1324.361873584081
11976.090357662024,1275.5176580185491
11986.564028253779,1226.5748873998416
11996.623626882525,1177.5453345446754
12006.311099531027,1128.4409003190106
12015.674620451195,1079.273664524326
12024.769210160073,1030.0559740585277
12033.65735721118,980.8005836858481
12042.409629604514,931.5208678351669
12051.105257242449,882.231124885442
12059.83266143807,832.9469980684788
12068.689901085423,783.6860389611791
12077.784997747116,734.4684399258616
12087.236093795544,685.3179599953004
12097.17138927867,636.2630636524757
12107.728795109473,587.3382827150692
12119.055233645431,538.5857971577796
12131.305514340285,490.057210530298
12144.640713976953,441.81546957625926
12159.226000399965,393.936846584975
12175.227858030921,346.51286905793324
12192.810704616686,299.65204810838327
12212.13293224539,253.48122978484523
12233.342460284026,208.14637841284954
12256.571949532128,163.81260437351784
12281.93388871895,120.66327546731458
12309.515817376327,78.89810321765394
12339.375983050064,38.730170937589605
12371.539736871388,0.38196201656931095
12405.99694425406,-35.91945670645294
12442.700626770975,-69.94785423481541
12481.56696297777,-101.48355018695904
12522.476671187056,-130.31908546015939
12565.277690097651,-156.26451382909372
12609.788977977792,-179.15201930929817
12655.805179262503,-198.83963152056165
12703.101865706389,-215.21389514246042
12751.441049006433,-228.19143763051656
12800.57667967715,-237.71946073421103
12850.259886239135,-243.77524804994334
12900.243761298558,-246.364828496864
12950.287558829496,-245.52096330217466
13000.160223213525,-241.30063358196634
13049.64322053954,-233.78220033570958
13098.532683519079,-223.0623927784549
13146.640912078883,-209.25325850507755
13193.797292526171,-192.47918356188552
13239.848710273709,-172.87406485355774
13284.659536036765,-150.57869336577554
13328.111264870578,-125.73838561052759
13370.101883012712,-98.50088306367256
13410.54503062374,-69.01452527340432
13449.369020307688,-37.42669158223425
13486.515762597328,-3.8824986541894715
13521.93964101862,31.47626421992684
13555.606371307087,68.51198322314193
13587.491872075116,107.09187424390468
13617.581167840912,147.08846628574432
13645.867339854398,188.37993654331996
13672.350535563,230.85031847140328
13697.037043785647,274.3896026275953
13719.93843961861,318.89374831007063
13741.070800690617,364.26462216366656
13760.453994522373,410.4098780819044
13778.111035339674,457.2427909511896
13794.067507660011,504.68205510692894
13808.351053249866,552.6515568232008
13820.990917573243,601.0801287494265
13832.017551570314,649.9012929429614
13841.462264476977,699.0529980221262
13849.356923385483,748.4773549742049
13855.733695326968,798.1203752885169
13860.62482780538,847.9317143362363
13864.062463910745,897.8644222764638
13866.078488375217,947.8747042223647
13866.704401195508,997.9216909428718
13865.971215722928,1047.9672209962189
13863.909378408478,1097.9756348835688
13860.548707682377,1147.9135815672653
13855.9183497387,1197.7498375131968
13850.046749284591,1247.4551382840052
13842.961633596513,1297.0020226257257
13834.690008501928,1346.3646889501326
13825.258165171937,1395.5188641153204
13814.691696868113,1444.4416844453963
13803.015525034654,1493.111589003574
13790.253934365242,1541.5082252407299
13776.430616702366,1589.6123672817655
13761.568723846049,1637.4058472842619
13745.69092956002,1684.8715005082013
13728.819501266244,1731.9931249711058
13710.976382113873,1778.7554568300288
13692.18328429831,1825.1441629300894
13672.461794688103,1871.1458522874286
13651.833493994385,1916.7481086298
13630.32009088887,1961.9395464967472
13607.9435726432,2006.7098937956175
13584.72637402572,2051.05010410821
13560.691566354542,2094.952502429081
13535.863068771461,2138.4109683658953
13510.265883977774,2181.421161111561
13483.926360870048,2223.9807906611936
13456.8724867469,2266.089939733969
13429.13421204835,2307.7514405915376
13400.743810964166,2348.9713103195927
13371.736281740665,2389.7592470302593
13342.149791166143,2430.129187693365
13312.026168558574,2470.0999257248895
13281.411455648145,2509.69578282905
13250.35652004363,2548.9473246538755
13218.9177414533,2587.8921033053903
13187.157781371554,2626.575401398656
13155.146448282852,2665.050941862573
13122.961671123387,2703.381515010168
13090.690593064239,2741.6394594665962
13058.430794592414,2779.9069167536522
13026.29164795822,2818.275761492027
12994.395792575844,2856.847091843555
12962.880700978172,2895.7301504862817
12931.900275677881,2935.040538798406
12901.626377818058,2974.8975910176023
12872.25013957147,3015.420797028536
12843.982857487548,3056.725208584584
12817.05621094875,3098.915839608134
12791.72151061362,3142.081178855649
12768.247671984336,3186.2860686745644
12746.91764596418,3231.5643540433516
12728.02313474643,3277.9118488394843
12711.857581047558,3325.280270451191
12698.70762956139,3373.572826270553
12688.843491909942,3422.642070210734
12682.50885673223,3472.2904755644136
12679.91112753357,3522.273908199611
12681.212805277526,3572.3078715967213
12686.524745764302,3622.0760884313117
12695.9018271511,3671.2407386982654
12709.341298553001,3719.453533135668
12726.783797432887,3766.3667791668845
12748.116770749019,3811.643684368337
12773.179848348851,3854.9673092283206
12801.77161331512,3896.047787270421
12833.657190747726,3934.6276387919656
12868.57611838707,3970.485186000992
12906.250047777017,4003.4362158724175
12946.389931298143,4033.3341276334895
12988.702460110087,4060.0688479388455
13032.895618084744,4083.564806907659
13078.683299992059,4103.778252441786
13125.789005862605,4120.694148378811
13173.94866811277,4134.322862174708
13222.91269606357,4144.696806000278
13272.447337120748,4151.867155403643
13322.335458434984,4155.90073438337
13372.376850345552,4156.877125909111
13422.388145843704,4154.886042823022
13472.202440635954,4150.024975319138
13521.668687586098,4142.39711720144
13570.650928371177,4132.109563118601
13619.027414750866,4119.271762211158
13666.689662306146,4103.994209388239
13713.541471043553,4086.387353167401
13759.497939945457,4066.5606981532146
13804.484496349427,4044.6220803842375
13848.435955881967,4020.677094618116
13891.295624450428,3994.828653901166
13933.014450395274,3967.1766632942067
13973.550232207828,3937.8177912638876
14012.866885119043,3906.845323902824
14050.933768264393,3874.349088746606
14087.72507294461,3840.4154364689466
14123.219271659984,3805.1272701328917
14157.398627038505,3768.5641129431265
14190.248759458193,3730.8022065761816
14221.758272044266,3691.9146331617385
14251.918431775048,3651.971454851863
14280.722905636012,3611.039865648166
14308.167551105207,3569.1843507636863
14334.250260724646,3526.466849277896
14358.970861105217,3482.946916200971
14382.331067421395,3438.6818802975367
14404.334495270907,3393.726994130181
14424.986732697691,3348.1355727706605
14444.295476193362,3301.959117496714
14462.270735588789,3255.247420555418
14478.925113901909,3208.0486467531923
14494.27416939053,3160.4093872662825
14508.336868226143,3112.3746807176512
14521.13613730126,3063.9879963361745
14532.69952763119,3015.291174048599
14543.059999511188,2966.324316864813
14552.256840910579,2917.1256321949927
14560.336730353158,2867.7312211768544
14567.354954518807,2818.174819201881
14573.376788695685,2768.487497247101
14578.479044594978,2718.6973430953753
14582.751784325885,2668.8291548866127
14586.300190700344,2618.9041974840093
14589.246571358977,2568.9400954450184
14591.732455928764,2518.950965004161
14593.920719504442,2468.947920420559
14595.997629710677,2418.940124601104
14598.174665810853,2368.936584738934
14600.689894726831,2318.9489118733445
14603.808610444496,2268.9952555462805
14607.82285465189,2219.105573728379
14613.049350036588,2169.328284428667
14619.825317301355,2119.7381523617114
14628.501649573413,2070.4449871120487
14639.43303010015,2021.6023878294206
14652.964845100512,1973.4154185953225
14669.417182840387,1926.1458320836348
14689.066789824607,1880.1133952343798
14712.128471997692,1835.6921143146142
14738.737917195514,1793.3007462824005
14768.938093620402,1753.3878459024197
14802.671126077328,1716.4125454233933
14839.776871563101,1682.823045922637
14879.998456297,1653.0351989211285
14922.994038793879,1627.4134750513397
14968.353270372996,1606.2561073084983
15015.616492295758,1589.7854311306305
15064.294669708104,1578.1436337792793
15113.888341214872,1571.3934471408165
15163.90432702705,1569.522867700828
15213.869453791875,1572.4527829024023
15263.341018969362,1580.04637910798
15311.914077477839,1592.1193430486471
15359.225867496085,1608.4500746880226
15404.957837521879,1628.7893234787618
15448.83571503004,1652.8689714795137
15490.628241019489,1680.4095278820917
15530.144634146067,1711.1268169548255
15567.231777322866,1744.736914837213
15601.771021594286,1780.960425808551
15633.672181728547,1819.5271979886788
15662.87994076094,1860.1724549913467
15689.342516298002,1902.6549789613962
15713.073562530939,1946.723340751292
15734.043750152072,1992.1684794286675
15752.32488387609,2038.7613054996577
15768.126381912256,2086.2541731918727
15781.559986692193,2134.4646716467796
15794.043468496455,2182.9387573687395
15807.281727881278,2231.191866787887
15825.34680276242,2277.946018880175
15855.971257891228,2317.429139111543
15900.311995712953,2340.611241134081
15950.341742039895,2341.3222861830595
15995.316040378031,2319.400559982711
16027.081124210828,2280.7401713525073
16044.255281242256,2233.7175004364613
16051.332515599206,2184.149611273411
16053.448953505,2134.146020929772
16054.633936370556,2084.1055441975036
16057.930494229697,2034.1665316978283
16064.683873129796,1984.5711425945865
16075.481944526397,1935.7019012945195
16090.430303164603,1887.9339147316855
16109.305448753956,1841.5795098381914
16131.855160938352,1796.8959835332444
16157.733864759513,1754.0545894766647
16186.601121783491,1713.1674356939743
16218.107636195227,1674.2773161874845
16251.908230898754,1637.363841546954
16287.671694668417,1602.3485402723973
16325.079177985152,1569.0953984927787
16363.83057082456,1537.4185300237766
16403.64254866728,1507.0853766372695
16444.248821124755,1477.824050581562
16485.39705142634,1449.329875931995
16526.84538157134,1421.274019520588
16568.357938233163,1393.3132810506727
16609.7003384086,1365.101562727252
16650.635997234294,1336.3028397233606
16690.92421784106,1306.6051451363037
16730.321068984427,1275.7347582902348
16768.58373160498,1243.4692960710577
16805.478544592628,1209.6482530904123
16840.792292613405,1174.1795574258465
16874.345643496912,1137.0411516752076
16906.007178186966,1098.2773081414662
16935.706341375368,1057.9902346156025
16963.44387569486,1016.3282807739331
16989.298794028116,973.4725539201918
17013.431510120678,929.6239133428217
17036.083212299585,884.9921650512572
17057.57180967688,839.788911269142
17078.284771121955,794.225015230753
17098.668958730403,748.5130736254574
17119.217236705914,702.8746469156121
17140.451369156995,657.551255662773
17162.900694331234,612.8173129854489
17187.07645996367,568.9923328365492
17213.442618635097,526.4491781740164
17242.385205702212,485.6151457341688
17274.1837699815,446.9636253204879
17308.98910558759,410.9959307832893
17346.8112066446,378.21523771475233
17387.51979984047,349.0965918561643
17430.85743424669,324.057910663594
17476.462740423296,303.43646724752045
17523.899889007633,287.4737943578927
17572.689851959927,276.30994219489105
17622.33967374482,269.98624974805887
17672.367161316724,268.45465735446413
17722.31972395471,271.5911732784765
17771.787200491788,279.211249866764
17820.409257036863,291.08528227379134
17867.878326495185,306.9529995559517
17913.939173282124,326.53603325197963
17958.386102770368,349.5483555467604
18001.058681299983,375.7045633584929
18041.83664955718,404.7261604482015
18080.63453586567,436.3460820592756
18117.396324058027,470.3117412624405
18152.090408845957,506.38687447743087
18184.70497909264,544.3524414384849
18215.243902139326,584.0068029876535
18243.723135435575,625.1653653573156
18270.167660428233,667.6598460207989
18294.608913907206,711.3372858108482
18317.08268051966,756.0589056893807
18337.627404451254,801.6988844445227
18356.282876489015,848.1431154550137
18373.089253503575,895.2879860789851
18388.086369900946,943.0392117164427
18401.31330416822,991.3107476957302
18412.808167865587,1040.0237954209178
18422.60808903574,1089.1059143253813
18430.749366845666,1138.4902478039046
18437.267779247868,1188.1148691911499
18442.19903047813,1237.9222528108846
18445.579330245775,1287.8588749539524
18447.446101466026,1337.8749501705336
18447.838818267235,1387.9243092733436
18446.7999806982,1437.964426665433
18444.376236952467,1487.956605638792
18440.619667892923,1537.8663305772739
18435.58925204355,1587.663793739154
18429.35253183146,1637.3246003774702
18421.987503475208,1686.830647877511
18413.584753187977,1736.17116040617
18404.24986075156,1785.3438378838578
18394.106087061893,1834.3560441720258
18383.29735323604,1883.2259114435833
18371.991502304165,1931.9831736004896
18360.38380541308,1980.669460928617
18348.700625179386,2029.3376942474197
18337.203068702926,2078.050119513094
18326.19033914939,2126.8744433986803
18316.002316826853,2175.87750131322
18307.02066733963,2225.1159625122746
18299.667508402053,2274.6238158747715
18294.400431810376,2324.396845031031
18291.70258956347,2374.3750172422942
18292.0667733131,2424.424616230729
18295.973096406888,2474.3228531523173
18303.861073782336,2523.7482652075178
18316.098416863937,2572.280081658634
18332.950293223053,2619.4086588024793
18354.55357869313,2664.5571491185874
18380.900310629433,2707.1122714245053
18411.83308519754,2746.460126303102
18447.05295070857,2782.0220926309817
18486.13813624527,2813.286178803597
18528.570366511245,2839.8305384749406
18573.764873736964,2861.3376485075937
18621.10047083668,2877.599324831729
18669.946891636093,2888.513954107671
18719.687666535538,2894.077933223817
18769.7377955186,2894.373414716549
18819.55624536956,2889.5542230721453
18868.65379106426,2879.8314072454104
18916.596972988773,2865.4594599054058
18963.009013965584,2846.7238429946674
19007.56849796623,2823.9301474948847
19050.006509322186,2797.394989031273
19090.102805036437,2767.4385906183597
19127.68146697225,2734.378913774827
19162.60636789488,2698.5271531792487
19194.776690876402,2660.184393906288
19224.12266634053,2619.6392330106187
19250.60163355945,2577.166180715756
19274.194491237737,2533.0246751092573
19294.902572198913,2487.458564349857
19312.7449575698,2440.695929648905
19327.75623402483,2392.9491393492244
19339.984691789185,2344.415038585046
19349.49095976523,2295.2751900004378
19356.347076218422,2245.69608887932
19360.63599807681,2195.829281129776
19362.45155840315,2145.811315525841
19361.898889489486,2095.763463552487
19359.095337927443,2045.79114291803
19354.171907648335,1995.9829871007403
19347.27527709884,1946.4095174620325
19338.5704471627,1897.1214027846117
19328.24408653031,1848.1473424618891
19316.508649202704,1799.4916958102046
19303.607340166844,1751.1321156069632
19289.819989634543,1703.017644343072
19275.469842390146,1655.0680081458436
19260.93113795325,1607.1751927673815
19246.637087293762,1559.2087719265053
19233.08736026052,1511.0267812496925
19220.853409788015,1462.4939932298435
19210.578882337402,1413.5089335627063
19202.971224281748,1364.039499592337
19198.77998169674,1314.1643349681392
19198.75816140511,1264.1134302804726
19203.606288198665,1214.2979425715916
19213.904434717464,1165.3180558158012
19230.04371310886,1117.940834214314
19252.17224582279,1073.0475675492532
19280.168771675348,1031.559310536706
19313.649925551796,994.355823785877
19352.008101188432,962.2039247136706
19394.469795304496,935.7066512235658
19440.161789223403,915.2775542313796
19488.17414481499,901.1381193084225
19537.61284847535,893.3325832867088
19587.639025461445,891.7533678425768
19637.49476813958,896.1711359503131
19686.517446951206,906.265068112358
19734.145104364623,921.6506164193142
19779.9155494789,941.9033533192004
19823.461421702337,966.5784848737026
19864.503017087463,995.2261848153277
19902.840207391226,1027.4032165172985
19938.344391756003,1062.681436754225
19970.95112128779,1100.6537907379263
20000.653822168788,1140.9383626591264
20027.49889825837,1183.1809704418388
20051.58240171494,1227.0567028124772
20073.048402223205,1272.2706944436707
20092.089144008194,1318.5583145793175
20108.947035123387,1365.6847915523865
20123.918440494574,1413.4440884371954
20137.35911375292,1461.6565592434645
20149.690851372445,1510.1645336474971
20161.40851195661,1558.8245154929048
20173.085819281237,1607.4942256833697
20185.377274895473,1656.0125054023981
20199.0120631528,1704.1705633483364
20214.774361364834,1751.6748440000097
20233.46388210249,1798.1054985631508
20255.832396111182,1842.8798879739813
20282.498128586103,1885.2358046342222
20313.850228590974,1924.2501433798764
20349.965961410973,1958.9015237063402
20390.566562271582,1988.1701763490275
20435.028723592448,2011.1524496522204
20482.450491407028,2027.1604301383416
20531.752944993386,2035.7836493788554
20581.791388144466,2036.904821669778
20631.453373275053,2030.6760070403034
20679.730727307753,2017.4694619318775
20725.762725234352,1997.8181782910126
20768.854185730906,1972.3575467908763
20808.47507682889,1941.774850907272
20844.24833935974,1906.7693114527312
20875.93142321659,1868.0227790344604
20903.39546235591,1826.179792055971
20926.604598351318,1781.835203107691
20945.596878878383,1735.527562023622
20960.467411634312,1687.7366670863105
20971.353982127137,1638.8839980273367
20978.425069176006,1589.3350426320292
20981.870049087716,1539.4027869426848
20981.891319119655,1489.3518470141046
20978.698059104583,1439.4028800414146
20972.501364924206,1389.7370314848258
20963.51051515789,1340.500260692166
20951.930164537353,1291.8074480036846
20937.95829020685,1243.7462277513423
20921.78474680747,1196.3805190041003
20903.59031297832,1149.753743298685
20883.546134651366,1103.8917289508483
20861.81348957925,1058.8053071629306
20838.54381315258,1014.4926077813111
20813.878938099682,970.9410635425605
20787.95151050032,928.1291319895644
20760.885552057553,886.0277446929028
20732.797144099113,844.6014945218421
20703.795212627687,803.809573841995
20673.982396180734,763.6064798829931
20643.455979536728,723.942508187139
20612.308876619856,684.7640609534258
20580.630645476787,646.0138040295305
20548.508517037968,607.6307139380478
20516.028417574318,569.5500641618071
20483.275962277592,531.7034072992086
20450.337394100665,494.0186157956523
20417.300437702357,456.4200477396421
20384.255032860194,418.8289044984131
20351.293904955626,381.1638424747019
20318.512922281025,343.3418907381107
20286.011181590224,305.2797086917206
20253.890755748776,266.89519276420344
20222.25603246411,228.1094087281173
20191.21257341325,188.848788238884
20160.865431420298,149.04748771387838
20131.316882111634,108.64976949622292
20102.663556993128,67.61223548464103
20074.99300650484,25.905728759704143
20048.3797712023,-16.483274706232596
20022.881091281728,-59.551930369166094
19998.532432147793,-103.28103389703358
19975.3430395734,-147.63578283885727
19953.291757123246,-192.56720491186778
19932.32333947634,-238.0140680144518
19912.345481223914,-283.90499673617813
19893.226759015273,-330.1604501646623
19874.795665521026,-376.69417708997645
19856.84090632292,-423.41376691810376
19839.113141527734,-470.2199666742594
19821.32838111313,-517.0045450603018
19803.17327423185,-563.6466608220576
19784.312542417927,-610.007936268036
19764.398757754883,-655.9267359552983
19743.08451835888,-701.2124706298149
19720.036795221193,-745.64102293904
19694.952820389295,-788.9525336467161
19667.57641482117,-830.8527003379611
19637.713232104506,-871.0183659404078
19605.243172037244,-909.1075325752174
19570.12832348628,-944.7731495111933
19532.4152693258,-977.6792918886971
19492.23134483458,-1007.517876504058
19449.775299128003,-1034.0239831646102
19405.30354940326,-1056.988167650005
19359.11367376642,-1076.2647473926932
19311.526897922173,-1091.7757335822525
19262.87113710019,-1103.5107036772843
19213.465766860856,-1111.523347501287
19163.608839943943,-1115.9256445167275
19113.567042654842,-1116.8806651146017
19063.56835441588,-1114.5948913524576
19013.797160146893,-1109.310784087263
18964.39146186922,-1101.3001342649725
18915.441824114303,-1090.8585591528415
18866.991744385257,-1078.3013553491298
18819.03924411191,-1063.96080160344
18771.53960995074,-1048.1849080988713
18724.409364725296,-1031.3375204125261
18677.5316950498,-1013.7995871614394
18630.763685570226,-995.9712702989522
18583.94577350756,-978.27439980101
18536.913794326592,-961.1545463874317
18489.513784013576,-945.0817293077405
18441.619288230413,-930.5485540815171
18393.150296676584,-918.0644974935183
18344.09214769035,-908.1452640755317
18294.5120208315,-901.2967454559656
18244.570235822113,-897.9941275040599
18194.52378852622,-898.6579317125689
18144.72051318598,-903.6298857394331
18095.58382183493,-913.152072192617
18047.589714472084,-927.3525263570707
18001.23913930057,-946.2393700069066
17957.02940251249,-969.7040176279698
17915.428076917415,-997.5324590587279
17876.85194167199,-1029.4225204247475
17841.65227221541,-1065.0045238301159
17810.106649667156,-1103.8628624702126
17782.416602645244,-1145.5564924017228
17758.709906949916,-1189.636991559903
17739.046209398937,-1235.663471798017
17723.424715203902,-1283.2141462730126
17711.79288087867,-1331.894715718654
17704.05530438944,-1381.343951441355
17700.08224720258,-1431.2369505723634
17699.717430649845,-1481.2865557740895
17702.78491146155,-1531.2433988276416
17709.094959247428,-1580.8949694174196
17718.448938354664,-1630.0640433641536
17730.643245906493,-1678.606738526801
17745.472384682194,-1726.410406878449
17762.73126045111,-1773.3915199855296
17782.21679360461,-1819.4936624332001
17803.728928275857,-1864.6857126495072
17827.07111130742,-1908.960261472294
17852.05030025936,-1952.332293749898
17878.47654539253,-1994.838135201054
17906.162176119735,-2036.5346435631836
17934.92060863055,-2077.4985976455005
17964.56477932819,-2117.8262083430386
17994.905199995097,-2157.6326404069814
18025.747627783632,-2197.051392033296
18056.890350050784,-2236.233331773727
18088.12110602715,-2275.3451418937652
18119.213710857213,-2314.5668706714464
18149.924519315548,-2354.0882646662867
18179.98897082638,-2394.103552826874
18209.118592222174,-2434.804409815352
18236.99898605743,-2476.370960477376
18263.289469310384,-2518.96091999155
18287.625100439396,-2562.697296645617
18309.621780582173,-2607.6554867538907
18328.884882315437,-2653.8509928565586
18345.0214270269,-2701.229288215094
18357.655243033678,-2749.6594117174304
18366.44390782638,-2798.9326199956868
18371.095775646147,-2848.766842243528
18371.385175660005,-2898.8168785732055
18367.16402298381,-2948.6894404467753
18358.368587754805,-2997.961458899665
18345.020884448753,-3046.1997357120626
18327.22489113493,-3092.9800328363444
18305.158419613046,-3137.904027998478
18279.061832269188,-3180.6130829947724
18249.224920669258,-3220.798334960846
18215.97316848572,-3258.20711785159
18179.65439309501,-3292.64608843636
18140.62647382722,-3323.9816522411584
18099.246591584,-3352.1383769419226
18055.862162602232,-3377.09607674684
18010.80346594483,-3398.886187057922
17964.377842548587,-3417.587954668463
17916.865278009835,-3433.3248668990173
17868.51516378902,-3446.2616466400127
17819.544055257804,-3456.602054988229
17770.134306103322,-3464.587668706751
17720.43355664602,-3470.4977306406295
17670.5551906826,-3474.6500969518934
17620.580053038306,-3477.403209139451
17570.559933075645,-3479.158877549478
17520.523546252884,-3480.3654450287804
17470.485933215405,-3481.5205692108175
17420.462241933456,-3483.1723946148422
17370.486602707148,-3485.9172992252306
17320.636048900054,-3490.391810980314
17271.05802087961,-3497.2559760002027
17221.997969763062,-3507.1658770571594
17173.82142770546,-3520.734642871343
17127.023622653556,-3538.4843319091465
17082.2204950098,-3560.7949113732975
17040.118472766997,-3587.8596494121452
17001.465856403385,-3619.656759802254
16966.99402237049,-3655.9441772563746
16937.359464623318,-3696.278797543004
16913.096806912406,-3740.055699957707
16894.589090319554,-3786.559064740749
16882.056826476564,-3835.015691529733
16875.563365780465,-3884.6437067687543
16875.031977936294,-3934.6919235232754
16880.26961889948,-3984.4681623518923
16890.993074208596,-4033.3569551440382
16906.85436850199,-4080.828263464277
16927.463543658003,-4126.4392992334915
16952.407893066127,-4169.831497675263
16981.26742977546,-4210.724398374115
17013.62678971162,-4248.9078081657235
17049.083991703188,-4284.233247167102
17087.25655972293,-4316.605362103126
17127.785513346138,-4345.973742526659
17170.33768846596,-4372.325392064744
17214.6067868563,-4395.67797794453
17260.313485240047,-4416.073895687015
17307.2048702581,-4433.575130954511
17355.053408962427,-4448.258868015351
17403.655616437212,-4460.213777143616
17452.83054275001,-4469.536906333096
17502.418169829427,-4476.331102275783
17552.277783975464,-4480.702889064109
17602.286370414826,-4482.760738772981
17652.337061579987,-4482.6136748038225
17702.337659706292,-4480.370155880422
17752.20924613898,-4476.137195412328
17801.884883781346,-4470.01967731313
17851.308414881816,-4462.119835134133
17900.433353427587,-4452.53686648727
17949.221869457604,-4441.36665917789
17997.64386135867,-4428.7016092735075
18045.676111461493,-4414.630514546525
18093.30151984774,-4399.2385294044825
18140.508411093128,-4382.607169624678
18187.28990862046,-4364.814357006672
18233.64337135504,-4345.934495510071
18279.56988742848,-4326.038571617362
18325.073819740504,-4305.194272609026
18370.162398257406,-4283.46611721095
18414.84535400136,-4260.915593716704
18459.134589775455,-4237.601301235702
18503.043882789076,-4213.579090203518
18546.588614508724,-4188.902198733758
18589.785523272698,-4163.621381809513
18632.652475482617,-4137.785030715975
18675.208251524382,-4111.439280509865
18717.472342974383,-4084.6281037090966
18759.464758107406,-4057.3933887653207
18801.205833231495,-4029.7750022529053
18842.71604791416,-4001.8108340670437
18884.015842720582,-3973.536825270039
18925.125438635005,-3944.986978557678
18966.06465786514,-3916.1933516370104
19006.852746215292,-3887.186034114424
19047.50819764138,-3857.993108790307
19088.04858195668,-3828.640598547159
19128.49037692819,-3799.1524003020277
19168.84880618496,-3769.55020777542
19209.137684448004,-3739.853425105183
19249.36927158674,-3710.0790736053423
19289.55413691626,-3680.241694232689
19329.701034980557,-3650.353248574177
19369.816793832146,-3620.423021397631
19409.906216534902,-3590.4575280119575
19449.971996301065,-3560.4604298509025
19490.014645346128,-3530.432461818051
19530.032437228027,-3500.3713750025927
19570.021362150674,-3470.271898385983
19609.975094476864,-3440.125723102739
19649.884971532018,-3409.921512687045
19689.739982702267,-3379.6449425250944
19729.52676785245,-3349.2787714365
19769.229624216423,-3318.802947922716
19808.830521147214,-3288.1947531432193
19848.309122450573,-3257.4289821085313
19887.64281645066,-3226.4781639134576
19926.8067544302,-3195.3128210734935
19965.773898622174,-3163.9017671779384
20004.515081469843,-3132.212441140073
20042.9990783792,-3100.2112753223314
20081.192696616617,-3067.86409375995
20119.06088331086,-3035.136535625965
20156.56685565899,-3001.99449800797
20193.67225637392,-2968.4045910435025
20230.337337115907,-2934.334597534197
20266.52117210927,-2899.7539283836136
20302.18190335583,-2864.634064633499
20337.277017839286,-2828.948976562829
20371.763655904622,-2792.675510309383
20405.598948651976,-2755.7937328099406
20438.740380773514,-2718.287226551823
20471.146173868736,-2680.1433266840163
20502.77568398362,-2641.3532944265303
20533.589806018976,-2601.912422397522
20563.551376816748,-2561.820069379085
20592.625568222717,-2521.079624082774
20620.780261278072,-2479.6983995578125
20647.98639292572,-2437.6874619084674
20674.218267220025,-2395.0613988555483
20699.453823967797,-2351.8380353037755
20723.674858947143,-2308.0381043909774
20746.86719128167,-2263.6848834467623
20769.020775111752,-2218.8038048521644
20790.129754319354,-2173.422051962795
20810.19246065485,-2127.5681500565465
20829.211357111286,-2081.2715617287545
20847.19292974204,-2034.5622953347938
20864.147532278006,-1987.4705340325092
20880.089188849324,-1940.0262917696612
20895.03536084047,-1892.2591012590499
20909.006684414115,-1844.1977376479717
20922.02668554072,-1795.869980272456
20934.12147948969,-1747.3024136371014
20945.319461704494,-1698.5202676143094
20955.650996826145,-1649.5472958397995
20965.148112378687,-1600.4056904116062
20973.84420331346,-1551.1160302874862
20981.773753253758,-1501.6972602239412
20988.97207790386,-1452.166696704291
20995.475095706348,-1402.5400570571353
21001.319130455457,-1352.8315078595099
21006.540750209486,-1303.0537287370562
21011.176646490403,-1253.217987805869
21015.263557411614,-1203.3342252323878
21018.83823802604,-1153.4111417093438
21021.937480825316,-1103.4562890481998
21024.598188934586,-1053.4761605671197
21026.85750411734,-1003.4762795083835
21028.752991213445,-953.4612843547776
21030.322880059244,-903.4350106427917
21031.606365258303,-853.4005697068554
21032.643963356084,-803.3604257564965
21033.477925994168,-753.3164738126782
21034.152706443172,-703.2701223369072
21034.71547550025,-653.2223859017611
21035.2166810415,-603.1739949883612
21035.7106434938,-553.1255319516355
21036.256177077583,-503.0776043376233
21036.917223815028,-453.03106899433374
21037.763483944975,-402.98732266000155
21038.87102248828,-352.94867673553995
21040.322827252956,-302.91883546099194
21042.209288585036,-252.90349732529884
21044.628565770923,-202.911098753678
21047.686799410505,-152.95371635531424
21051.498123703837,-103.04813864737922
21056.184428040608,-53.2171095942732
21061.874814413448,-3.4907340405612413
21068.704697113335,46.09198101270363
21076.814495236395,95.48149505026916
21086.347878148914,144.61608071502127
21097.449540487796,193.42023984739572
21110.2625073101,241.80330170696024
21124.925001582615,289.6583325508731
21141.566944001737,336.86149321943446
21160.30619633772,383.2719764075384
21181.244699789895,428.73263529731264
21204.464693788435,473.07137941041555
21230.025222519584,516.1033635618131
21257.959141174895,557.6339359713006
21288.27081843739,597.4622485046218
21320.93469576209,635.3853735678344
21355.89481053619,671.2027261558892
21393.065325050215,704.7205621443904
21432.33203408736,735.7563184994734
21473.55475901425,764.1425776780798
21516.57048269498,789.7304739136915
21561.19704235503,812.3924077669311
21607.237178944688,832.0239905328331
21654.482741126274,848.5451951904168
21702.718857070373,861.9007400101412
21751.7279137557,872.0597708725704
21801.2932168791,879.0149368577488
21851.202240481118,882.7809705085008
21901.24941040328,883.3928904258078
21951.23839712358,880.9039414113713
22000.98391979745,875.3833784805314
22050.3130837912,866.9141879717989
22099.066288665086,855.590823669918
22147.097752956586,841.5170199486076
22194.27570701673,824.8037286162001
22240.482306469028,805.5672122029071
22285.61331748037,783.9273143126358
22329.577621775526,760.0059175594231
22372.296584877604,733.9255915100571
22413.703325974315,705.8084268246013
22453.741922517915,675.7750472153856
22492.366577467696,643.9437876898683
22529.54077218778,610.4300255545527
22565.236423542607,575.3456495999912
22599.433059754934,538.7986525499492
22632.117026126652,500.8928320573429
22663.28072876123,461.7275861127902
22692.92192193863,421.39778957458213
22721.04304273707,379.9937395331076
22747.65059482323,337.60115831228126
22772.754581996775,294.30124402928664
22796.367991026742,250.17075974030772
22818.50632251463,205.28215326470863
22839.18716792164,159.70370078609685
22858.429830470563,113.49966826135893
22876.254987345532,66.73048552453878
22892.68439044074,19.452928747843835
22907.74060282826,-28.27969238233485
22921.44676810896,-76.41734579821359
22933.826409861485,-124.91308897028232
22944.90325850263,-173.72288361659287
22954.701103003314,-222.80541479253895
22963.24366506376,-272.1219155998026
22970.554493528274,-321.6359984562296
22976.656877009456,-371.3134936209207
22981.573772890475,-421.12229546733863
22985.32775107485,-471.0322168372619
22987.940951056484,-521.0148516861562
22989.435051083095,-571.0434461418024
22989.831248383693,-621.092778041003
22989.150249623584,-671.1390449798655
22987.412270937926,-721.1597609089388
22984.637047075845,-771.1336613246787
22980.843849364213,-821.0406171500157
22976.051512371727,-870.8615574587009
22970.27846931958,-920.5784012796682
22963.542796450423,-970.1739988174581
22955.862266727403,-1019.6320825432852
22947.254413395207,-1068.9372287469885
22937.736604094916,-1118.0748302933525
22927.326126382963,-1167.031081495778
22916.04028566659,-1215.7929762046906
22903.896516729234,-1264.3483204055553
22890.912510183472,-1312.685760827749
22877.106355354357,-1360.794831275591
22862.4967012632,-1408.66601859872
22847.102937550146,-1456.290850408696
22830.945397343625,-1503.6620068059767
22814.045584256073,-1550.773458485397
22796.42642585814,-1597.620633608582
22778.112556159598,-1644.200615731454
22759.13062980499,-1690.5123748051064
22739.509670876745,-1736.5570327674063
22719.281459390048,-1782.338164435593
22698.48095875795,-1827.8621332045252
22677.14678769755,-1873.1384593433722
22655.321740220566,-1918.180216341227
22633.053357470388,-1963.004447641384
22610.39455517474,-2007.6325920838792
22587.404310274538,-2052.0909013075684
22564.14840970848,-2096.410826140572
22540.700263138224,-2140.6293415791065
22517.14177924718,-2184.78917137648
22493.56430167519,-2228.9388637605102
22470.06959506642,-2273.1326598432197
22446.77086341004,-2317.4300867063657
22423.793771104534,-2361.8951992200996
22401.277421333874,-2406.595390205458
22379.37522610184,-2451.5996899964634
22358.255577994274,-2496.9764867216873
22338.102206891745,-2542.790620888803
22319.114078445047,-2589.0998450320776
22301.504670019764,-2635.950693071268
22285.500450691477,-2683.373874182443
22271.338402574613,-2731.379388469773
22259.26245882264,-2779.951648169417
22249.51880398828,-2829.0449655306243
22242.350084752627,-2878.579820550121
22237.98870547947,-2928.44033159551
22236.649517558617,-2978.4733067616885
22238.52233156846,-3028.489149283385
22243.764762469556,-3078.264734159997
22252.49594019046,-3127.5481853474994
22264.79157126327,-3176.065292334977
22280.680725638547,-3223.52714287455
22300.14456388637,-3269.6384409726456
22323.117040093457,-3314.105940438297
22349.48744357174,-3356.6464547386176
22379.10450222599,-3396.993991439465
22411.7816772599,-3434.905683802765
22447.303237459015,-3470.1663304054105
22485.43070699469,-3502.591485703991
22525.90932284799,-3532.0291557477603
22568.47420329051,-3558.3602359109445
22612.856004530546,-3581.4978798237435
22658.78591814529,-3601.3860133355447
22705.999929961774,-3617.997209639241
22754.242317475717,-3631.330127857549
22803.26840618154,-3641.406693434288
22852.84663568544,-3648.2691696476522
22902.760005690132,-3651.977239320663
22952.806981926373,-3652.6051869911494
23002.801945031413,-3650.2392460215974
23052.575263253064,-3644.9751531649176
23101.97306441262,-3636.915935160462
23150.856775166194,-3626.1699378408057
23199.10248730493,-3612.8490975901486
23246.60020237764,-3597.067447313863
23293.25299780359,-3578.939843835924
23338.976150181556,-3558.580900342196
23383.696244863204,-3536.104105690718
23427.35029511229,-3511.621111735606
23469.88488931753,-3485.2411699457452
23511.25538072476,-3457.0706992906953
23551.425130936605,-3427.212968416708
23590.3648159199,-3395.7678763941003
23628.05180138039,-3362.8318176715247
23664.469593036207,-3328.4976182417104
23699.607366474713,-3292.854531351312
23733.45958084457,-3255.988282339217
23766.025680560655,-3217.9811533440443
23797.309889424898,-3178.9120996788065
23827.321102039034,-3138.8568906385294
23856.072878045466,-3097.8882684105615
23883.58354551501,-3056.0761196413355
23909.87642062001,-3013.4876551445896
23934.98015148491,-2970.187594311565
23958.929194650897,-2926.238352142681
23981.76443274406,-2881.7002286486036
24003.53394144921,-2836.6316029157374
24024.293912439676,-2791.089137714652
24044.10973607403,-2745.1280055348393
24063.05724289491,-2698.80215379771
24081.224095553214,-2652.164636183945
24098.711311863357,-2605.268048890115
24115.63488420644,-2558.16512535218
24132.127439206273,-2510.9095602144125
24148.339853175697,-2463.5571519162813
24164.442702039254,-2416.1673707312566
24180.62737856546,-2368.8054710462616
24197.10665530518,-2321.54526634018
24214.114411549315,-2274.4726633022296
24231.904183821385,-2227.689996350207
24250.746154713877,-2181.321103830663
24270.92218435954,-2135.5169345614477
24292.718539546833,-2090.4612702512463
24316.416117391625,-2046.3759154241732
24342.27821692966,-2003.5244853353709
24370.536284809714,-1962.2137813507334
24401.374514192616,-1922.7917617984829
24434.914625387777,-1885.641359840706
24471.202480755015,-1851.1698851941653
24510.19825818812,-1819.7944134401093
24551.771646092715,-1791.9242765965025
24595.702938199665,-1767.9423404779864
24641.690112576667,-1748.187028525161
24689.361160418026,-1732.9369524670544
24738.290276564512,-1722.3995736546156
24788.01616488253,-1716.704673796312
24838.060682008905,-1715.9027269868382
24887.946288309777,-1719.9676823885695
24937.21118868246,-1728.8032759411644
24985.42151284848,-1742.251810734713
25032.180313555236,-1760.104348946358
25077.133497803083,-1782.111387326119
25119.97303299847,-1807.9932834683711
25160.437894758994,-1837.449912525744
25198.313267797872,-1870.1692307809387
25233.428501964034,-1905.834586374224
25265.654286366418,-1944.130743381751
25294.89945521296,-1984.7486761998823
25321.107793967225,-2027.3892540814209
25344.255183399007,-2071.765979852613
25364.34740797067,-2117.606981710833
25381.418966522302,-2164.656490958545
25395.533257317824,-2212.6760775272755
25406.784563111964,-2261.4459602460074
25415.30232838178,-2310.7667515805083
25421.25828937281,-2360.4620110010883
25424.87707163652,-2410.3819106397036
25426.450883858055,-2460.408055808361
25426.35886565106,-2510.4588758566783
25425.091388719633,-2560.493753368326
25423.27892154603,-2610.511899358123
25421.723389176936,-2660.538763479611
25421.426166545047,-2710.5890034067884
25423.599338239193,-2760.592976403241
25429.635013455452,-2810.278837926262
25440.99606364663,-2859.0232277608234
25458.9981330245,-2905.724112113736
25484.502397672306,-2948.788522685318
25517.623410063185,-2986.3119230614616
25557.601259712505,-3016.425228605876
25602.919654147576,-3037.6698128292883
25651.614568396824,-3049.2429734767525
25701.6335648032,-3051.0480674793776
25751.126305960108,-3043.5892194836206
25798.620306534896,-3027.7942813652157
25843.095530025417,-3004.8355874154518
25883.99507993202,-2975.984964161734
25921.207860227598,-2942.5136817140597
25955.04805604729,-2905.636174464782
25986.243619539124,-2866.4960688663787
26015.931713088074,-2826.2003687402575
26045.63756584018,-2785.917443619391
26077.178785223346,-2747.054673327852
26112.39181804487,-2711.485930607913
26152.58542438754,-2681.6633178459415
26197.85869997878,-2660.330082618834
26246.781314404558,-2649.775776703462
26296.81371768629,-2651.0881813348424
26345.18486189915,-2663.9460825719348
26389.621542245477,-2686.979550592409
26428.643182287564,-2718.324227507429
26461.519441842254,-2756.064418218295
26488.086581487238,-2798.483072759245
26508.55122587288,-2844.1595191467804
26523.332528997562,-2891.9783362740372
26532.95072630996,-2941.0966259215834
26537.95437109772,-2990.896950550751
26538.875706258958,-3040.939480644888
26536.205212900346,-3090.919162783891
26530.378810202612,-3140.629833720738
26521.77323652955,-3189.9354141423555
26510.706633626774,-3238.7475577930118
26497.442357993095,-3287.0088602848355
26482.19469427167,-3334.680681824951
26465.13556821589,-3381.734689963921
26446.40163508414,-3428.1473279051056
26426.101310493956,-3473.896533879493
26404.321449570532,-3518.9601615931742
26381.13348613125,-3563.3156699837923
26356.598927407464,-3606.940755774934
26330.774166691914,-3649.8146912143816
26303.714629067774,-3691.9202011369825
26275.478305921268,-3733.245768828375
26246.12876412957,-3773.7883001576006
26215.73773796521,-3813.5561006318844
26184.3874287111,-3852.5721298123494
26152.172651950925,-3890.8774898706793
26119.202988644534,-3928.5350763797464
26085.60511566735,-3965.63326470433
26051.525514361376,-4002.289418581175
26017.133776975123,-4038.6528826972517
25982.626737755385,-4074.9069546874343
25948.233622981574,-4111.269127192186
25914.222302471124,-4147.988665299586
25880.906480738417,-4185.340383221599
25848.65323514769,-4223.613391636109
25817.889668362805,-4263.093739227954
25789.106656067856,-4304.040441963579
25762.856949897123,-4346.655533609622
25739.74462529265,-4391.050488592589
25720.403516088874,-4437.213368878727
25705.464157861756,-4484.982653289729
25695.511672465662,-4534.034023467293
25691.04009324081,-4583.8847512321445
25692.41057461643,-4633.916883704239
25699.82075108838,-4683.416227727963
25713.290136313834,-4731.620740251158
25732.66282091373,-4777.770516320807
25757.625223543964,-4821.152355298866
25787.734356267356,-4861.134195661175
25822.45134427307,-4897.187479144696
25861.175506671083,-4928.89785683458
25903.27557539277,-4955.96615375899
25948.116050350498,-4978.202149700983
25995.07790542603,-4995.513729884745
26043.573726007726,-5007.893584281451
26093.057875054445,-5015.4051160195795
26143.032522734604,-5018.168704930794
26193.050423703746,-5016.349036076564
26242.715264221042,-5010.143869359792
26291.68028602933,-4999.774390839553
26339.645762394764,-4985.477132450774
26386.35577519124,-4967.497354778605
26431.59463076747,-4946.083739334994
26475.183160170465,-4921.4842178815
26516.975075951745,-4893.942765849696
26556.853501269976,-4863.696997129866
26594.727744652064,-4830.976413234064
26630.530362870173,-4796.001177738893
26664.21453246827,-4758.981304924552
26695.751735435104,-4720.116168477481
26725.129754660175,-4679.594251423847
26752.350968761377,-4637.5930718895015
26777.430932568917,-4594.279230851655
26800.39722815574,-4549.808537912488
26821.288571166908,-4504.326179532135
26840.154157803503,-4457.966901410592
26857.053238735414,-4410.855183160075
26872.05490709327,-4363.105389453788
26885.238088194434,-4314.82188791178
26896.691718479997,-4266.099130565532
26906.515099948436,-4217.021703329776
26914.818413816072,-4167.664357002611
26921.723372800858,-4118.092044343412
26927.36398483692,-4068.360001010852
26931.887391613796,-4018.5139235233587
26935.45473245498,-3968.5903143288547
26938.24196703665,-3918.617081110999
26940.440568749305,-3868.6144920270353
26942.257973983775,-3818.5965966480617
26943.917642045075,-3768.573218362046
26945.65854819004,-3718.5526010146887
26947.733903450688,-3668.544743329879
26950.408877886886,-3618.5653733983986
26953.95711082442,-3568.640400912015
26958.655837103408,-3518.81054361034
26964.77955612729,-3469.135674778041
26972.592327510094,-3419.698311223537
26982.33898621656,-3370.605595592666
26994.23580419729,-3321.9891621699403
27008.461337561224,-3274.0024356345184
27025.148330211297,-3226.8151924034373
27044.377545137424,-3180.6055726945215
27066.174238739608,-3135.55009685376
27090.507697634363,-3091.8125307391756
27117.293876644442,-3049.5325979770737
27146.400788846007,-3008.815525932015
27177.65597901514,-2969.7232561237574
27210.855211793445,-2932.26790181541
27245.771442520378,-2896.4077626035833
27282.163198700866,-2862.0459676817604
27319.781652598616,-2829.0316539978826
27358.375876625014,-2797.1635042167172
27397.69601680731,-2766.1954595663115
27437.494380440152,-2735.844453679665
27477.524703868603,-2705.800044023696
27517.540134694176,-2675.7358029522234
27557.290705690204,-2645.3222330459125
27596.521251200906,-2614.2407733025675
27634.970760020093,-2582.1981808930673
27672.374013436787,-2548.9402695528624
27708.46599924464,-2514.263761601093
27742.98906270326,-2478.0249778373222
27775.702167162068,-2440.144322817135
27806.3911475364,-2400.6060155141736
27834.878590796132,-2359.453166170536
27861.032035611195,-2316.7789465646047
27884.76951349673,-2272.715082291034
27906.06194133999,-2227.4191134862917
27924.93237811397,-2181.0618149729758
27941.452561422604,-2133.815902678262
27955.737383041043,-2085.8467806087615
27967.938044323833,-2037.30569769536
27978.2345878198,-1988.3253538180368
27986.828380896342,-1939.0177517835884
27993.934977484718,-1889.473941157366
27999.77763938366,-1839.7652279534575
28004.581678400562,-1789.9454121117424
28008.569692098867,-1740.0536436558523
28011.957707644382,-1690.1175431603249
28014.95221398209,-1640.1563013671814
28017.748044285385,-1590.1835482892698
28020.527060547505,-1540.2098576621845
28023.457584186282,-1490.244822992177
28026.6945067523,-1440.2987023497328
28030.38000176538,-1390.3836771234378
28034.644742852284,-1340.5148031852432
28039.609516510845,-1290.7107509413706
28045.387102324472,-1240.9944347333978
28052.08428148254,-1191.393624377708
28059.803827662312,-1141.9416152430053
28068.646333615758,-1092.6780110864822
28078.711732494823,-1043.6496483082105
28090.100384990954,-994.9116630244462
28102.913621597996,-946.5286744428228
28117.25365365984,-898.5760301520663
28133.22279737177,-851.1410319288772
28150.92199158699,-804.3240358635329
28170.448632837088,-758.2393001713943
28191.893798373734,-713.0154409593084
28215.33897811229,-668.795353891359
28240.85248555811,-625.7354713672014
28268.485761224783,-584.0042525637699
28298.269813983203,-543.7798474886782
28330.212060554186,-505.2469332651654
28364.293816647496,-468.59278552849827
28400.468663286483,-434.002712062712
28438.661860294484,-401.65503062628085
28478.770910982486,-371.7158099880835
28520.6673058625,-344.33360659975745
28564.199398214365,-319.63441675500945
28609.19629962754,-297.7170271913733
28655.47263608244,-278.64889098170477
28702.833978079754,-262.46258755436577
28751.082750981368,-249.1528537361933
28800.02443914949,-238.6741040283894
28849.47391093716,-230.93829836298468
28899.261699033403,-225.8129678211782
28949.24005699828,-223.11917526439248
28999.28856006361,-222.62917066698984
29049.318906111283,-224.06350515042018
29099.278380568427,-227.08740570955428
29149.151161780082,-231.30631093123918
29198.956265248395,-236.26067571030086
29248.740504777455,-241.4205479460746
29298.564521036595,-246.18110195605152
29348.47996460775,-249.8613590704617
29398.496752457442,-251.70967745820295
29448.541447489024,-250.9208636637287
29498.411492735377,-246.67004456992447
29547.734668811478,-238.16641850940914
29595.94674940197,-224.72470399021165
29642.29989120309,-205.84429735878177
29685.907724945377,-181.27923122257909
29725.821811852747,-151.0806161670964
29761.123338897185,-115.59963917592697
29791.009398704766,-75.45081481007556
29814.85686447597,-31.44616585305884
29832.255777286857,15.483492931340592
29843.01334119732,64.36490219827375
29847.13556386542,114.24601279216854
29844.79552211603,164.2424260485272
29836.29628877045,213.5666441168547
29822.034313933174,261.542777109061
29802.466697054304,307.6103277317194
29778.083904172152,351.3205992091161
29749.388222149515,392.3286951879968
29716.877516057095,430.3833657823695
29681.033514107276,465.31629527366255
29642.31374253975,497.03190057592326
29601.14626266639,525.4983269456179
29557.926453747696,550.7400708991009
29513.015198701454,572.8325030154372
29466.737947288893,591.8984783232033
29419.384252458953,608.1071851828774
29371.207513154364,621.6753729386273
29322.424838601117,632.8710911359591
29273.21721809632,642.0200393261073
29223.7305946485,649.514521104404
29174.079063302575,655.8247422568686
29124.352279328526,661.5116592026595
29074.630191449378,667.2395605684911
29025.009070037206,673.7847750360315
28975.642651582322,682.0341408058068
28926.79960500539,692.9634623976533
28878.93172021589,707.5838012918646
28832.735904437337,726.8459087264508
28789.181388391968,751.5051970948206
28749.47165023287,781.9717685974567
28714.928585262565,818.191352806567
28686.820954293675,859.6045835187646
28666.188425360655,905.2051231331671
28653.71449265525,953.6770316963014
28649.676205829397,1003.565180571889
28653.966229226382,1053.4323651138545
28666.162473452787,1101.9750564348064
28685.617036838077,1148.0907688678835
28711.543191397883,1190.9039596961102
28743.088777179753,1229.7627523444553
28779.392083745417,1264.2184404684215
28819.62092391875,1293.996955044474
28862.99769343055,1318.9683554745975
28908.813724098698,1339.1178546869303
28956.435967869933,1354.520109620613
29005.308488379324,1365.3173963707216
29054.95064226532,1371.7016581246878
29104.953313264927,1373.9000954167802
29154.97414882784,1372.163837612709
29204.732436787068,1366.7592091130487
29254.004030774086,1357.9611322454864
29302.616567691217,1346.048261160867
29350.445100955745,1331.299500578066
29397.408185228625,1313.9916212201667
29443.464381327416,1294.3977359851651
29488.60909667392,1272.786445277506
29532.871632596252,1249.4214953396922
29576.312273592393,1224.5618187746225
29619.019226571472,1198.4618403372733
29661.1052042158,1171.371931925558
29702.7034525386,1143.538887434924
29743.96305667354,1115.2062615311156
29785.043428910896,1086.6143808702768
29826.107993617316,1057.9998017167097
29867.317231990957,1029.5939701844466
29908.821420780325,1001.6208604587175
29950.75356413677,974.293440891744
29993.22313598522,947.8089562957625
30036.311278421625,922.3432067661445
30080.068008715516,898.0442160277969
30124.511770310655,875.025865647265
30169.63135456193,853.3621739247843
30215.389883323132,833.082886333083
30261.730253525933,814.1709167754062
30308.581267032467,796.5619679659816
30355.86363476178,780.1464179714241
30403.49514900618,764.773342262431
30451.394528248562,750.2563835008775
30499.483706226503,736.3810963301507
30547.688612410693,722.9133699782706
30595.938733440926,709.6085420857818
30644.165924148627,696.2208356801365
30692.303032668453,682.5127591250468
30740.282906852517,668.2641023199473
30788.03826010328,653.280152521947
30835.502708749773,637.3987607464354
30882.613079093775,620.4959360832358
30929.312859210815,602.489742381906
30975.556478933613,583.3424156333812
31021.313972384592,563.0607908922785
31066.575524554675,541.69529456894
31111.3554202752,519.3378906635961
31155.694978232914,496.1194453371612
31199.664135251907,472.20698274595327
31243.361420630466,447.8012473966973
31286.912111172922,423.13487256613814
31330.464383772545,398.47129088660523
31374.18329863955,374.1043216859686
31418.242480818,350.35814023440844
31462.813457623033,327.587092538666
31508.05279238204,306.1745950695042
31554.087454043547,286.5302010627865
31600.999269391195,269.08389210167917
31648.809761294586,254.2768380405282
31697.46706798292,242.54830547464744
31746.836812957943,234.31906367554106
31796.69861450431,229.9724220007924
31846.74933132828,229.83473573242864
31896.613214102035,234.1576169248813
31945.858080433663,243.10402978966025
31994.015724275247,256.7399244509602
32040.604238669788,275.03220946081666
32085.14987386228,297.8529171469367
32127.206421726452,324.988610403326
32166.370755093132,356.1535679668701
32202.29386679203,391.00510908165995
32234.68739076582,429.15952614225506
32263.326055514153,470.20738473166193
32288.046794077833,513.727318395949
32308.74533738862,559.2978073694821
32325.37109498997,606.5067354690086
32337.921027946213,654.9587467648712
32346.433082592397,704.2805739268348
32350.979618834863,754.1245927937387
32351.66112458956,804.1708940760691
32348.600424654665,854.1281597509937
32341.937484333248,903.7336136918518
32331.824796999477,952.7522739413532
32318.423644866078,1000.9757555674712
32301.900261201517,1048.22057228974
32282.424371539095,1094.326798250867
32260.16409643673,1139.1550787116962
32235.28998940291,1182.587467814592
32207.962506660333,1224.5195942625933
32178.35097585587,1264.871174406275
32146.59852495531,1303.56066549393
32112.877542568767,1340.5469748577532
32077.301581499694,1375.752748820536
32040.057370723785,1409.1886466215556
32001.212594278604,1440.7509625279888
31960.985902281653,1470.5318698963856
31919.37962347917,1498.3529940901592
31876.66495391882,1524.4402527277043
31832.760183793034,1548.4708418977089
31788.00656217574,1570.8806780898012
31742.2271241797,1591.1128604141384
31695.8396859046,1609.9089526802313
31648.57553665873,1626.3770326174533
31600.917593639788,1641.667846521557
31552.528393387394,1654.4577371319383
31503.923444158412,1666.4013224268008
31454.738443296028,1675.6711578411946
31405.470788225208,1684.4910359116343
31355.783083807946,1690.5097587444557
